BEGIN TRANSACTION;
DROP TABLE IF EXISTS `Usuarios`;
CREATE TABLE IF NOT EXISTS `Usuarios` (
	`c_id`	character ( 32 ) NOT NULL,
	`c_id_persona`	character ( 32 ) NOT NULL,
	`c_usuario`	character ( 15 ) NOT NULL,
	`c_contrasena`	character ( 32 ) NOT NULL,
	`b_activo`	boolean DEFAULT true,
	`b_administrador`	boolean DEFAULT false,
	`b_cadastrar`	boolean DEFAULT true,
	`b_editar`	boolean DEFAULT true,
	`b_eliminar`	boolean DEFAULT true,
	`b_imprimir`	boolean DEFAULT true,
	`ts_insert`	timestamp DEFAULT (datetime('now','localtime')),
	PRIMARY KEY(`c_id`)
);
INSERT INTO `Usuarios` VALUES ('1','1','administrador','fade225f096f9138f98f29887fc1f10d','true','true','true','true','true','true','2018-07-13 09:27:07');
INSERT INTO `Usuarios` VALUES ('2a254c21f9a74f99dfadff36d4d17de2','27db769dedb578380962803f5f9a44b4','leila','fe70d328abc8995d985631c1fd214085','true','false','true','true','false','true','2018-07-14 07:10:32');
INSERT INTO `Usuarios` VALUES ('4119ae7d297cdace9b3b4d78002ce608','4d3cf125f58db7f95ea86c6c58835489','rodrigo','a1c9d59d7cd20db416a804b5452a8bee','true','true','true','true','true','true','2018-07-14 11:14:41');
INSERT INTO `Usuarios` VALUES ('02af11a6111e3d83d58fd751d220ee44','868f9c0881d5a879a2f024128770de40','gustavo','fade225f096f9138f98f29887fc1f10d','true','false','true','true','false','true','2018-07-14 11:15:14');
DROP TABLE IF EXISTS `Status`;
CREATE TABLE IF NOT EXISTS `Status` (
	`n_id`	INTEGER NOT NULL,
	`c_descripcion`	character ( 30 ),
	`b_activo`	BOOLEAN DEFAULT true,
	`ts_insert`	timestamp DEFAULT (datetime('now','localtime')),
	PRIMARY KEY(`n_id`)
);
INSERT INTO `Status` VALUES (1,'INCOMPLETO','true','2018-07-05 14:48:42');
INSERT INTO `Status` VALUES (2,'COMPLETADO','true','2018-07-05 14:49:43');
INSERT INTO `Status` VALUES (3,'APROBADO','true','2018-07-05 14:49:43');
INSERT INTO `Status` VALUES (4,'CONCLUIDO','true','2018-07-05 14:49:43');
DROP TABLE IF EXISTS `Servicios_grupo`;
CREATE TABLE IF NOT EXISTS `Servicios_grupo` (
	`c_id`	character ( 32 ) NOT NULL,
	`c_descripcion`	character ( 25 ),
	`ts_insert`	timestamp DEFAULT (datetime('now','localtime')),
	PRIMARY KEY(`c_id`)
);
INSERT INTO `Servicios_grupo` VALUES ('1','TODOS','2018-07-05 15:04:23');
INSERT INTO `Servicios_grupo` VALUES ('2222','servicio grupo 2','2018-07-05 15:04:23');
INSERT INTO `Servicios_grupo` VALUES ('d24292faf2f11fdaa7d387b002a8dc53','NUEVO GRUPO','2018-07-30 07:04:51');
INSERT INTO `Servicios_grupo` VALUES ('a88ec28460607cef61e215e17669ba5e','IMPUESTOS','2019-01-04 12:01:25');
INSERT INTO `Servicios_grupo` VALUES ('48573930f158095a28d0cb108b2dc112','INTERES','2019-01-15 06:43:45');
DROP TABLE IF EXISTS `Servicios`;
CREATE TABLE IF NOT EXISTS `Servicios` (
	`c_id`	character ( 32 ) NOT NULL,
	`c_descripcion`	character ( 50 ),
	`c_unidad`	character ( 2 ),
	`c_id_grupo`	character ( 32 ) DEFAULT 1,
	`b_activo`	boolean DEFAULT true,
	`t_observacion`	text,
	`n_venta`	numeric ( 15 , 5 ),
	`n_comision`	numeric ( 15 , 5 ),
	`n_iva`	integer DEFAULT 10,
	`n_id_moneda`	integer DEFAULT 1,
	`ts_insert`	timestamp DEFAULT (datetime('now','localtime')),
	PRIMARY KEY(`c_id`)
);
INSERT INTO `Servicios` VALUES ('2','SERVICIO DE PRUEBA','HS','1','true','OBS TESTE',100000,15,10,1,'2018-07-06 08:59:28');
INSERT INTO `Servicios` VALUES ('c84fbb77a7c2f5b1ae81b46b8b45690e','MONTAJE','M2','1','true','Obs servicio',750.15,15,10,2,'2018-07-15 08:03:59');
INSERT INTO `Servicios` VALUES ('446dbf5bb2e24c05038979c8d3039e83','IMPUESTO DE CELULARES','UN','a88ec28460607cef61e215e17669ba5e','true','',15,0,0,2,'2019-01-04 12:01:25');
INSERT INTO `Servicios` VALUES ('1349b5fc6f4e813e5a4879e561f4de80','INTERES DE LA TARJETA','UN','48573930f158095a28d0cb108b2dc112','true','',1,1.5,0,1,'2019-01-15 06:43:45');
DROP TABLE IF EXISTS `Seguros`;
CREATE TABLE IF NOT EXISTS `Seguros` (
	`c_id`	character ( 32 ) NOT NULL,
	`n_id_moneda`	integer DEFAULT 1,
	`c_tipo_select2`	character ( 2 ) DEFAULT '%',
	`c_tipo_campo_valor`	character ( 2 ) DEFAULT '$$',
	`n_valor`	numeric ( 15 , 5 ) NOT NULL,
	`c_valor_exhibir`	character ( 15 ) NOT NULL,
	`ts_insert`	timestamp DEFAULT (datetime('now','localtime')),
	PRIMARY KEY(`c_id`)
);
INSERT INTO `Seguros` VALUES ('1',2,'%','$$',0.035,'3,50','2018-07-20 16:33:37');
INSERT INTO `Seguros` VALUES ('33abc0b273b2834aee2498a3e463407c',2,'%','$$',0.01,'1,00','2018-12-06 12:34:35');
DROP TABLE IF EXISTS `Presupuestos`;
CREATE TABLE IF NOT EXISTS `Presupuestos` (
	`c_id`	character ( 32 ) NOT NULL,
	`n_id`	INTEGER NOT NULL,
	`c_id_persona`	character ( 32 ) NOT NULL,
	`c_id_usuario`	character ( 32 ) NOT NULL,
	`c_id_flete`	character ( 32 ),
	`n_tipo_flete_valor`	numeric ( 15 , 5 ) DEFAULT 0,
	`n_valor_flete`	numeric ( 15 , 5 ) DEFAULT 0,
	`n_desc_redondeo`	numeric ( 15 , 5 ) DEFAULT 0,
	`c_id_persona_comisionista`	character ( 32 ),
	`n_valor_comision`	numeric ( 15 , 5 ) DEFAULT 0,
	`c_id_seguro`	character ( 32 ),
	`n_tipo_seguro_valor`	numeric ( 15 , 5 ) DEFAULT 0,
	`n_valor_seguro`	numeric ( 15 , 5 ) DEFAULT 0,
	`n_id_status`	INTEGER DEFAULT 1,
	`n_id_moneda`	INTEGER DEFAULT 1,
	`n_cotizacion`	INTEGER DEFAULT 1,
	`n_dias_entrega`	INTEGER DEFAULT 10,
	`n_cuotas_pago`	INTEGER DEFAULT 1,
	`n_dias_Frecuencia_pago`	INTEGER DEFAULT 7,
	`t_observacion`	text,
	`ts_insert`	timestamp DEFAULT (datetime('now','localtime')),
	PRIMARY KEY(`c_id`)
);
INSERT INTO `Presupuestos` VALUES ('e3ce09b0eb9d2ff8668d737917b40238',2,'af3cae0ca5d70218dfa8950e3a16222c','4119ae7d297cdace9b3b4d78002ce608','8daecfa0b0904b26d6af5236ba33fdf7',14.5,1562085,0,'4d3cf125f58db7f95ea86c6c58835489',1710000,'1',14250000,498750,4,1,5700,15,2,7,'','2018-07-24 11:23:47');
INSERT INTO `Presupuestos` VALUES ('99f8ed19a70f6c27b30e7abb0fe8fed7',3,'af3cae0ca5d70218dfa8950e3a16222c','2a254c21f9a74f99dfadff36d4d17de2','8daecfa0b0904b26d6af5236ba33fdf7',1,105840,0,'4d3cf125f58db7f95ea86c6c58835489',294168,'',0,0,3,1,5600,15,2,7,'','2018-07-24 11:27:27');
INSERT INTO `Presupuestos` VALUES ('881c9dd4653877b99084e4d16214b306',4,'156a77a4194bbbbe078eab82fb3caad8','2a254c21f9a74f99dfadff36d4d17de2','db103911efe52809f646fa89eb869d57',1,40000,0,'4d3cf125f58db7f95ea86c6c58835489',432630,'',0,0,2,1,5700,7,2,7,'','2018-07-24 11:28:31');
INSERT INTO `Presupuestos` VALUES ('3c0b3d060f72fc2ccfeba2d8365c5f9a',5,'156a77a4194bbbbe078eab82fb3caad8','2a254c21f9a74f99dfadff36d4d17de2','db103911efe52809f646fa89eb869d57',1,40000,0,'4d3cf125f58db7f95ea86c6c58835489',453150,'',0,0,2,1,5700,7,2,7,'','2018-07-24 11:29:57');
INSERT INTO `Presupuestos` VALUES ('9dc2c98ca29efab881f5a1980b6a132d',6,'af3cae0ca5d70218dfa8950e3a16222c','2a254c21f9a74f99dfadff36d4d17de2','8daecfa0b0904b26d6af5236ba33fdf7',0.5,54810,-106,'4d3cf125f58db7f95ea86c6c58835489',282063,'1',1880418,65815,2,1,5800,20,1,15,'Bh','2018-07-24 11:31:25');
INSERT INTO `Presupuestos` VALUES ('6d3d5305478ce3758d08b32f5d57c7bd',7,'9d75ec3fd81fdf5204037e9b1f3f9b2a','4119ae7d297cdace9b3b4d78002ce608','db103911efe52809f646fa89eb869d57',1,24000,-200,'4d3cf125f58db7f95ea86c6c58835489',13000,'',0,0,4,1,5700,2,1,7,'','2018-07-24 15:29:31');
INSERT INTO `Presupuestos` VALUES ('5d8c480b4ca8b0493c44b54595585f97',8,'f0bec9c6bbe8f1fb57f796f1b242eaf7','4119ae7d297cdace9b3b4d78002ce608','8daecfa0b0904b26d6af5236ba33fdf7',0.5,54810,0,'4d3cf125f58db7f95ea86c6c58835489',12171,'',0,0,3,1,5800,15,2,7,'','2018-07-26 13:30:32');
INSERT INTO `Presupuestos` VALUES ('c6a1853dcb5c43d584175a135d588c71',9,'b096c6a25d4bff101f9b9cee175455cc','4119ae7d297cdace9b3b4d78002ce608','8daecfa0b0904b26d6af5236ba33fdf7',0.5,53865,61131,'4d3cf125f58db7f95ea86c6c58835489',63261,'',0,0,3,1,5700,20,2,15,'','2018-07-26 18:52:43');
INSERT INTO `Presupuestos` VALUES ('2ac27cd610476cb1558ea4be4a353242',10,'dd88a51f1500b17b6ec2d3beca7feeaa','4119ae7d297cdace9b3b4d78002ce608','8daecfa0b0904b26d6af5236ba33fdf7',0.35,37705,-3293,'4d3cf125f58db7f95ea86c6c58835489',106772,'',0,0,3,1,5700,20,1,15,'','2018-07-26 19:37:42');
INSERT INTO `Presupuestos` VALUES ('2de0356b869de08145b93aa1207726f5',11,'3380417698c30c9a28e123401b30d817','4119ae7d297cdace9b3b4d78002ce608','8daecfa0b0904b26d6af5236ba33fdf7',0.5,52920,-20810,'4d3cf125f58db7f95ea86c6c58835489',110594,'',0,0,3,1,5600,20,2,15,'','2018-07-30 21:53:19');
INSERT INTO `Presupuestos` VALUES ('862ea138c39836710ad712e7258990b3',12,'e47ed28512bfe2a29c0e19fd93a80b74','4119ae7d297cdace9b3b4d78002ce608','8daecfa0b0904b26d6af5236ba33fdf7',1,114610,-89953,'868f9c0881d5a879a2f024128770de40',422955,'1',2819699,98689,3,1,6064,20,2,15,'','2018-07-30 22:02:03');
INSERT INTO `Presupuestos` VALUES ('b301e4a0feacbc95436feda34c0d8547',13,'31971226da180f2bfaf74598f56abc3c','4119ae7d297cdace9b3b4d78002ce608','8daecfa0b0904b26d6af5236ba33fdf7',2.75,303160,35061,'27db769dedb578380962803f5f9a44b4',68460,'1',84485,2957,3,1,5600,15,2,15,'','2018-07-31 08:04:45');
INSERT INTO `Presupuestos` VALUES ('53d4f26b16d9d23f6cc655a0b8fb10ba',14,'00e9150be6067002be3d17535dd371d8','4119ae7d297cdace9b3b4d78002ce608','db103911efe52809f646fa89eb869d57',1,40000,-17750,'4d3cf125f58db7f95ea86c6c58835489',192750,'',0,0,3,1,5850,7,1,7,'','2018-07-31 13:43:41');
INSERT INTO `Presupuestos` VALUES ('552454a678503b180d5ad34cf50cafbd',15,'50d1c03e1d36397fe77af915f2e318b3','4119ae7d297cdace9b3b4d78002ce608','8daecfa0b0904b26d6af5236ba33fdf7',5.3,585994,-1744,'4d3cf125f58db7f95ea86c6c58835489',30750,'',0,0,2,1,5850,15,2,15,'','2018-08-01 08:51:27');
INSERT INTO `Presupuestos` VALUES ('f3cd101ede214634022265083bfc38b1',16,'50d1c03e1d36397fe77af915f2e318b3','4119ae7d297cdace9b3b4d78002ce608','8daecfa0b0904b26d6af5236ba33fdf7',1.5,165848,-448,'4d3cf125f58db7f95ea86c6c58835489',30600,'',0,0,2,1,5850,20,2,15,'','2018-08-01 09:12:41');
INSERT INTO `Presupuestos` VALUES ('ace9868caa902ba98def1ced28305b81',17,'f0bec9c6bbe8f1fb57f796f1b242eaf7','4119ae7d297cdace9b3b4d78002ce608','8daecfa0b0904b26d6af5236ba33fdf7',1.5,165848,-311,'4d3cf125f58db7f95ea86c6c58835489',797147,'',0,0,1,1,5850,20,2,15,'','2018-08-03 08:51:32');
INSERT INTO `Presupuestos` VALUES ('ba60f74d881f9235358e15e0add8a96e',18,'f0bec9c6bbe8f1fb57f796f1b242eaf7','4119ae7d297cdace9b3b4d78002ce608','db103911efe52809f646fa89eb869d57',1,40000,-280,'4d3cf125f58db7f95ea86c6c58835489',730080,'',0,0,1,1,5850,2,2,15,'','2018-08-03 08:54:44');
INSERT INTO `Presupuestos` VALUES ('6e21d3d4e7a2898a067886a76447430f',19,'f0bec9c6bbe8f1fb57f796f1b242eaf7','4119ae7d297cdace9b3b4d78002ce608','8daecfa0b0904b26d6af5236ba33fdf7',1.5,165848,-154,'4d3cf125f58db7f95ea86c6c58835489',891040,'',0,0,1,1,5850,20,2,15,'','2018-08-03 08:58:31');
INSERT INTO `Presupuestos` VALUES ('b187a22eedcc8b1419f60084d4ff3105',20,'f0bec9c6bbe8f1fb57f796f1b242eaf7','4119ae7d297cdace9b3b4d78002ce608','db103911efe52809f646fa89eb869d57',1,40000,-488,'4d3cf125f58db7f95ea86c6c58835489',829238,'',0,0,1,1,5850,2,2,15,'','2018-08-03 09:01:57');
INSERT INTO `Presupuestos` VALUES ('0c4f9dc2919c78d19713ce57f892e706',21,'f0bec9c6bbe8f1fb57f796f1b242eaf7','4119ae7d297cdace9b3b4d78002ce608','8daecfa0b0904b26d6af5236ba33fdf7',1.5,165848,-75,'4d3cf125f58db7f95ea86c6c58835489',937986,'',0,0,2,1,5850,20,2,15,'','2018-08-03 09:56:51');
INSERT INTO `Presupuestos` VALUES ('ef14bc898157fb68382cc2653ce6c527',22,'f0bec9c6bbe8f1fb57f796f1b242eaf7','4119ae7d297cdace9b3b4d78002ce608','db103911efe52809f646fa89eb869d57',1,40000,-318,'4d3cf125f58db7f95ea86c6c58835489',874868,'',0,0,2,1,5850,1,1,7,'','2018-08-03 09:58:02');
INSERT INTO `Presupuestos` VALUES ('ffdf40efd842540c126d4813240d0af0',23,'f0bec9c6bbe8f1fb57f796f1b242eaf7','4119ae7d297cdace9b3b4d78002ce608','8daecfa0b0904b26d6af5236ba33fdf7',1.5,165848,-744,'4d3cf125f58db7f95ea86c6c58835489',557204,'',0,0,1,1,5850,15,2,15,'','2018-08-03 14:39:29');
INSERT INTO `Presupuestos` VALUES ('d8c3d685145349c34d0431fd214596b7',24,'f0bec9c6bbe8f1fb57f796f1b242eaf7','4119ae7d297cdace9b3b4d78002ce608','db103911efe52809f646fa89eb869d57',1,40000,-898,'4d3cf125f58db7f95ea86c6c58835489',657248,'',0,0,1,1,5850,1,1,7,'','2018-08-03 14:55:03');
INSERT INTO `Presupuestos` VALUES ('1818571cdff7e098612b8aced5331466',25,'f0bec9c6bbe8f1fb57f796f1b242eaf7','4119ae7d297cdace9b3b4d78002ce608','8daecfa0b0904b26d6af5236ba33fdf7',1.5,165848,-413,'4d3cf125f58db7f95ea86c6c58835489',682248,'',0,0,1,1,5850,20,2,15,'','2018-08-03 14:56:03');
INSERT INTO `Presupuestos` VALUES ('9b8c1d882673699ac9386fff314fff03',26,'e832148e83a1e52ba562590e4824cb0f','4119ae7d297cdace9b3b4d78002ce608','8daecfa0b0904b26d6af5236ba33fdf7',7,807427,-127,'4d3cf125f58db7f95ea86c6c58835489',95152,'1',634346,22202,2,1,6103,20,2,15,'','2018-08-04 15:17:04');
INSERT INTO `Presupuestos` VALUES ('e1b84abcc9bacd473e1ace3a9d07255f',27,'54b5f91292f7be577d439677b3c48b13','4119ae7d297cdace9b3b4d78002ce608','8daecfa0b0904b26d6af5236ba33fdf7',27,2985255,-42,'4d3cf125f58db7f95ea86c6c58835489',443138,'1',2954250,103399,3,1,5850,30,2,30,'','2018-08-06 19:10:28');
INSERT INTO `Presupuestos` VALUES ('3dea1a8f4357a19c93958dd927487008',28,'54b5f91292f7be577d439677b3c48b13','4119ae7d297cdace9b3b4d78002ce608','8daecfa0b0904b26d6af5236ba33fdf7',7,780570,-570,'4d3cf125f58db7f95ea86c6c58835489',42000,'',0,0,1,1,5900,10,2,15,'','2018-08-06 19:46:54');
INSERT INTO `Presupuestos` VALUES ('a06d7e0ae8b915e05ea2921913bb2b61',29,'1985ed6a068407511907b850df999ac0','4119ae7d297cdace9b3b4d78002ce608','8daecfa0b0904b26d6af5236ba33fdf7',0.5,57721,-11,'4d3cf125f58db7f95ea86c6c58835489',6038,'',0,0,3,1,6108,20,2,15,'','2018-08-07 07:47:22');
INSERT INTO `Presupuestos` VALUES ('68553c4506b3e3ff189de70047e9ea82',30,'b096c6a25d4bff101f9b9cee175455cc','4119ae7d297cdace9b3b4d78002ce608','8daecfa0b0904b26d6af5236ba33fdf7',0.5,55282,-582,'4d3cf125f58db7f95ea86c6c58835489',105300,'',0,0,1,1,5850,20,2,15,'','2018-08-07 10:56:28');
INSERT INTO `Presupuestos` VALUES ('af62698523cfc7fc23752c4be7b5171f',31,'781fd7fe44611bf6659f9b1c66e084fb','4119ae7d297cdace9b3b4d78002ce608','8daecfa0b0904b26d6af5236ba33fdf7',1.5,173077,-839,'4d3cf125f58db7f95ea86c6c58835489',137317,'',0,0,1,1,6105,20,2,15,'','2018-08-07 11:14:35');
INSERT INTO `Presupuestos` VALUES ('9ab3b92d32425529370f4a43e09e9725',32,'00e9150be6067002be3d17535dd371d8','4119ae7d297cdace9b3b4d78002ce608','',0,0,0,'',0,'',0,0,1,2,5850,0,0,0,'','2018-08-08 21:35:11');
INSERT INTO `Presupuestos` VALUES ('341462318900f213d3029a9ee8bec762',33,'bbd57624e44495d25bb2d2fad6236b6b','4119ae7d297cdace9b3b4d78002ce608','8daecfa0b0904b26d6af5236ba33fdf7',2.5,288839,-477,'4d3cf125f58db7f95ea86c6c58835489',183344,'',0,0,1,1,6113,20,2,15,'','2018-08-11 13:59:03');
INSERT INTO `Presupuestos` VALUES ('4a47353553cff4d583db4640810db009',34,'af3cae0ca5d70218dfa8950e3a16222c','4119ae7d297cdace9b3b4d78002ce608','8daecfa0b0904b26d6af5236ba33fdf7',0.5,55282,-377,'4d3cf125f58db7f95ea86c6c58835489',193050,'1',1287000,45045,3,1,5850,20,1,7,'','2018-08-13 07:33:23');
INSERT INTO `Presupuestos` VALUES ('26e3a82b39a905439be2b43cdbd2f48e',35,'c4379413cabfe20dfb470326b2ca01fb','4119ae7d297cdace9b3b4d78002ce608','8daecfa0b0904b26d6af5236ba33fdf7',24,2676240,-537,'4d3cf125f58db7f95ea86c6c58835489',495607,'1',3304048,115642,2,1,5900,25,2,15,'NAO TEM MAIS 115G452','2018-08-13 11:49:43');
INSERT INTO `Presupuestos` VALUES ('7cb5afe1ae53ba707d403d0a95307019',36,'96d5b569f9d4ccf081455d80fc309771','4119ae7d297cdace9b3b4d78002ce608','db103911efe52809f646fa89eb869d57',2,13.68,-0.07,'4d3cf125f58db7f95ea86c6c58835489',173.49,'',0,0,2,2,5850,2,1,15,'https://www.casanissei.com.py/notebook-acer-predator-ph317-51-74hk-i7-17-3--intel-core-i7-/p','2018-08-14 21:44:45');
INSERT INTO `Presupuestos` VALUES ('db7a0b382d18ed954fd1cde0d88cadb9',37,'1985ed6a068407511907b850df999ac0','4119ae7d297cdace9b3b4d78002ce608','8daecfa0b0904b26d6af5236ba33fdf7',0.3,34644,-93,'4d3cf125f58db7f95ea86c6c58835489',15580,'',0,0,3,1,6110,20,2,15,'','2018-08-16 14:16:19');
INSERT INTO `Presupuestos` VALUES ('d9dc668088bce7e81dc6aedcab6841ee',38,'715976e5287a8d987a5919a7b536eda1','4119ae7d297cdace9b3b4d78002ce608','8daecfa0b0904b26d6af5236ba33fdf7',2,223020,-23196,'4d3cf125f58db7f95ea86c6c58835489',430402,'1',2869347,100427,1,1,5900,25,2,15,'','2018-08-18 12:07:00');
INSERT INTO `Presupuestos` VALUES ('ae103119b7f2b6a9f385e246e3971565',39,'715976e5287a8d987a5919a7b536eda1','4119ae7d297cdace9b3b4d78002ce608','8daecfa0b0904b26d6af5236ba33fdf7',2.1,234171,-55853,'4d3cf125f58db7f95ea86c6c58835489',449580,'1',2997200,104902,1,1,5900,15,2,15,'','2018-08-18 13:04:50');
INSERT INTO `Presupuestos` VALUES ('5abaff18ede83cc35ca4889ab6fd0475',40,'31971226da180f2bfaf74598f56abc3c','02af11a6111e3d83d58fd751d220ee44','8daecfa0b0904b26d6af5236ba33fdf7',2.55,287242,-925,'4d3cf125f58db7f95ea86c6c58835489',103002,'',0,0,1,1,5960,20,2,15,'','2018-08-20 15:05:16');
INSERT INTO `Presupuestos` VALUES ('d22574482f952887e692459cfdf310be',41,'25eeaa7ac59d1b13db9afb523bcfc88d','02af11a6111e3d83d58fd751d220ee44','8daecfa0b0904b26d6af5236ba33fdf7',4,452088,-109,'868f9c0881d5a879a2f024128770de40',65481,'',0,0,1,1,5980,20,2,15,'','2018-08-21 15:12:42');
INSERT INTO `Presupuestos` VALUES ('bca752bad78a3d5ff4a94cbc9499ed84',42,'a1cb06e8419cd0efdb12ab684f2d1fa4','02af11a6111e3d83d58fd751d220ee44','8daecfa0b0904b26d6af5236ba33fdf7',2,225666,-286,'868f9c0881d5a879a2f024128770de40',35820,'',0,0,3,1,5970,20,2,15,'','2018-08-26 18:31:38');
INSERT INTO `Presupuestos` VALUES ('11b2075a4ecfdd1de6ed5c832281294a',43,'a5091c074c7b5cdc072139ddfce0f5a2','02af11a6111e3d83d58fd751d220ee44','db103911efe52809f646fa89eb869d57',0,50000,-592,'868f9c0881d5a879a2f024128770de40',13512,'',0,0,1,1,1600,20,2,15,'','2018-08-30 13:49:40');
INSERT INTO `Presupuestos` VALUES ('447ffb8b07427fb9854c21bfcca1c487',44,'a5091c074c7b5cdc072139ddfce0f5a2','02af11a6111e3d83d58fd751d220ee44','8daecfa0b0904b26d6af5236ba33fdf7',0.5,57995,-192,'868f9c0881d5a879a2f024128770de40',17113,'',0,0,1,1,6137,20,2,15,'','2018-08-30 14:25:18');
INSERT INTO `Presupuestos` VALUES ('c739f1f81fc1a39912d2ef22c6896e1f',45,'66f64b9c1ec56c0f0723931738c76bf3','02af11a6111e3d83d58fd751d220ee44','',0,0,0,'',0,'',0,0,1,1,1620,0,0,0,'','2018-08-31 18:15:17');
INSERT INTO `Presupuestos` VALUES ('ef58fb89645d89754fc32a121945d393',46,'31971226da180f2bfaf74598f56abc3c','4119ae7d297cdace9b3b4d78002ce608','8daecfa0b0904b26d6af5236ba33fdf7',2.9,339877,-653,'4d3cf125f58db7f95ea86c6c58835489',91275,'',0,0,1,1,6201,15,2,15,'','2018-09-02 15:44:45');
INSERT INTO `Presupuestos` VALUES ('01cc32f68e80bad831478fc63404dd8f',47,'ec4aa5f63423ba9b47deafd170997f95','4119ae7d297cdace9b3b4d78002ce608','8daecfa0b0904b26d6af5236ba33fdf7',0.2,22525,256,'4d3cf125f58db7f95ea86c6c58835489',28333,'',0,0,3,1,5959,15,2,7,'','2018-09-03 08:36:37');
INSERT INTO `Presupuestos` VALUES ('127117b4989331b21e8f482f88f7da74',48,'7752966b68d178e2e6810baa26402efa','02af11a6111e3d83d58fd751d220ee44','8daecfa0b0904b26d6af5236ba33fdf7',5,585995,-413,'868f9c0881d5a879a2f024128770de40',314509,'',0,0,1,1,6201,20,2,15,'','2018-09-03 20:08:48');
INSERT INTO `Presupuestos` VALUES ('856cecc23db2c6d0755e53362547b090',49,'25eeaa7ac59d1b13db9afb523bcfc88d','4119ae7d297cdace9b3b4d78002ce608','',0,0,0,'',0,'',0,0,1,1,5000,0,0,0,'','2018-09-07 14:34:38');
INSERT INTO `Presupuestos` VALUES ('8c9afa97cb8da2b3a9daafb2264e606f',50,'8cb928cf6c290ad72fd158b3a88afe08','4119ae7d297cdace9b3b4d78002ce608','',0,0,0,'',0,'',0,0,1,2,5800,80,4,30,'','2018-09-12 21:31:16');
INSERT INTO `Presupuestos` VALUES ('fe9cf3389f39bf85a6ff390a663523b6',51,'54b5f91292f7be577d439677b3c48b13','02af11a6111e3d83d58fd751d220ee44','8daecfa0b0904b26d6af5236ba33fdf7',1,18.9,-0.25,'868f9c0881d5a879a2f024128770de40',181.35,'',0,0,1,2,6000,20,2,15,'','2018-09-13 14:12:55');
INSERT INTO `Presupuestos` VALUES ('2f99a90ff06690a4d24b6bb2d81330a7',52,'54b5f91292f7be577d439677b3c48b13','02af11a6111e3d83d58fd751d220ee44','8daecfa0b0904b26d6af5236ba33fdf7',1,18.9,-0.32,'868f9c0881d5a879a2f024128770de40',107.53,'',0,0,1,2,6000,20,2,15,'','2018-09-13 15:11:51');
INSERT INTO `Presupuestos` VALUES ('461c13c503a099be9ac308915912cb6b',53,'54b5f91292f7be577d439677b3c48b13','02af11a6111e3d83d58fd751d220ee44','8daecfa0b0904b26d6af5236ba33fdf7',1,18.9,-0.25,'868f9c0881d5a879a2f024128770de40',127.35,'',0,0,1,2,6000,20,2,15,'','2018-09-13 15:20:08');
INSERT INTO `Presupuestos` VALUES ('951824958b03bb194a44195532326209',54,'54b5f91292f7be577d439677b3c48b13','02af11a6111e3d83d58fd751d220ee44','',0,0,0,'',0,'',0,0,1,2,6000,0,0,0,'','2018-09-13 15:51:00');
INSERT INTO `Presupuestos` VALUES ('8b9a83d371e8ee42a9ac7f5de5670784',55,'31971226da180f2bfaf74598f56abc3c','4119ae7d297cdace9b3b4d78002ce608','8daecfa0b0904b26d6af5236ba33fdf7',1.8,204120,-241,'4d3cf125f58db7f95ea86c6c58835489',92103,'',0,0,1,1,6000,10,2,15,'','2018-09-14 08:44:24');
INSERT INTO `Presupuestos` VALUES ('d33962df8004ea459003a15c87025516',56,'97c46d8f2e1d2a22a666ca457738a862','02af11a6111e3d83d58fd751d220ee44','8daecfa0b0904b26d6af5236ba33fdf7',0.5,58751,-885,'868f9c0881d5a879a2f024128770de40',631416,'',0,0,3,1,6217,20,2,15,'','2018-09-15 10:33:56');
INSERT INTO `Presupuestos` VALUES ('af8808c58a3e22a51caa0f174719f8d2',57,'7752966b68d178e2e6810baa26402efa','02af11a6111e3d83d58fd751d220ee44','',0,0,0,'',0,'',0,0,1,2,6200,0,0,0,'','2018-09-15 20:25:55');
INSERT INTO `Presupuestos` VALUES ('6abefec4091d6ac977dbae47cf52ddae',58,'234174977ab2fc8fd19b892d4cea7936','02af11a6111e3d83d58fd751d220ee44','8daecfa0b0904b26d6af5236ba33fdf7',1.3,24.57,-0.08,'868f9c0881d5a879a2f024128770de40',20.81,'',0,0,1,2,6100,20,2,15,'','2018-09-17 11:45:53');
INSERT INTO `Presupuestos` VALUES ('3e9b4c944e5fc5abbfc3bbfa0bbc1efd',59,'eae174a3b6867e50bda93c94153a131a','4119ae7d297cdace9b3b4d78002ce608','db103911efe52809f646fa89eb869d57',1,40000,-525,'4d3cf125f58db7f95ea86c6c58835489',215025,'',0,0,1,1,6100,2,1,7,'','2018-09-17 14:50:52');
INSERT INTO `Presupuestos` VALUES ('a88422c5a302dcd523254c3d510e6bf9',60,'a2548aa97af1ea5bbecb44bafb97d7d0','02af11a6111e3d83d58fd751d220ee44','8daecfa0b0904b26d6af5236ba33fdf7',0.4,46116,-502,'868f9c0881d5a879a2f024128770de40',20529,'',0,0,1,1,6100,20,2,15,'','2018-09-17 18:48:14');
INSERT INTO `Presupuestos` VALUES ('4e9688c1ffd569abed726d7f0202ed50',61,'f0bec9c6bbe8f1fb57f796f1b242eaf7','02af11a6111e3d83d58fd751d220ee44','83d7c48749e235d7cf3717ebf2b7e238',1,200000,-966,'868f9c0881d5a879a2f024128770de40',252126,'',0,0,1,1,1610,30,2,15,'','2018-09-19 22:21:06');
INSERT INTO `Presupuestos` VALUES ('7c2ba8ca08807f5ed2ed22b643d7817b',62,'098c55d1eb1b2eb0699eb6ba138fb7f5','02af11a6111e3d83d58fd751d220ee44','8daecfa0b0904b26d6af5236ba33fdf7',0.3,34814,-254,'868f9c0881d5a879a2f024128770de40',11927,'',0,0,1,1,6140,15,2,15,'','2018-09-20 10:39:14');
INSERT INTO `Presupuestos` VALUES ('34504c8f14608c2ea87bdf6783eeeda8',63,'098c55d1eb1b2eb0699eb6ba138fb7f5','02af11a6111e3d83d58fd751d220ee44','8daecfa0b0904b26d6af5236ba33fdf7',0.3,34814,-596,'868f9c0881d5a879a2f024128770de40',7276,'',0,0,1,1,6140,15,2,15,'','2018-09-20 11:11:09');
INSERT INTO `Presupuestos` VALUES ('f84655ce8954d7801cee77ca00ecd77e',64,'7c259c491325885a0fd5984385bc61e6','4119ae7d297cdace9b3b4d78002ce608','8daecfa0b0904b26d6af5236ba33fdf7',0.4,46872,30,'4d3cf125f58db7f95ea86c6c58835489',38882,'',0,0,1,1,6200,9,2,7,'','2018-09-21 18:12:27');
INSERT INTO `Presupuestos` VALUES ('ae46d3dd64dec8ed1ef657be527d747d',65,'a6bc9f8cc772f9cdbd831ed42023dc5c','4119ae7d297cdace9b3b4d78002ce608','8daecfa0b0904b26d6af5236ba33fdf7',0.8,94182,3,'4d3cf125f58db7f95ea86c6c58835489',23715,'',0,0,3,1,6229,10,2,15,'','2018-09-24 11:10:50');
INSERT INTO `Presupuestos` VALUES ('e72842202084743c990547434a0372cd',66,'9f08539bedf5cb90e223246d54c1eae4','4119ae7d297cdace9b3b4d78002ce608','83d7c48749e235d7cf3717ebf2b7e238',1,200000,-250,'4d3cf125f58db7f95ea86c6c58835489',38250,'',0,0,1,1,1300,15,2,15,'','2018-09-24 11:18:25');
INSERT INTO `Presupuestos` VALUES ('edc03ac699ab0018b0bbf7467691d47f',67,'f0bec9c6bbe8f1fb57f796f1b242eaf7','02af11a6111e3d83d58fd751d220ee44','83d7c48749e235d7cf3717ebf2b7e238',1,200000,-786,'868f9c0881d5a879a2f024128770de40',223146,'',0,0,1,1,1610,20,2,15,'','2018-09-25 17:09:49');
INSERT INTO `Presupuestos` VALUES ('1438af59b946b82e437d05eb174c7b8e',68,'234174977ab2fc8fd19b892d4cea7936','02af11a6111e3d83d58fd751d220ee44','8daecfa0b0904b26d6af5236ba33fdf7',0.4,46116,-406,'868f9c0881d5a879a2f024128770de40',621560,'',0,0,1,1,6100,20,2,15,'','2018-09-29 11:33:19');
INSERT INTO `Presupuestos` VALUES ('1992b4059fce8765d65ba5e221be286c',69,'234174977ab2fc8fd19b892d4cea7936','02af11a6111e3d83d58fd751d220ee44','8daecfa0b0904b26d6af5236ba33fdf7',0.4,7.56,-0.76,'868f9c0881d5a879a2f024128770de40',101.9,'',0,0,1,2,6100,20,2,15,'','2018-09-29 11:51:27');
INSERT INTO `Presupuestos` VALUES ('64a5415996ef5a7bad914bf108e3b500',70,'77cfaae1b6f8d2cf1ac484b2933f707d','02af11a6111e3d83d58fd751d220ee44','83d7c48749e235d7cf3717ebf2b7e238',1,200000,-540,'868f9c0881d5a879a2f024128770de40',32940,'',0,0,1,1,6100,20,2,15,'','2018-10-01 11:35:42');
INSERT INTO `Presupuestos` VALUES ('41ddc97d33402cf52d67bdd286e77dd8',71,'ee4bfe82af9ec8950f2b3c8924ac7196','4119ae7d297cdace9b3b4d78002ce608','db103911efe52809f646fa89eb869d57',1,40000,0,'4d3cf125f58db7f95ea86c6c58835489',693000,'',0,0,1,1,6000,2,1,7,'','2018-10-03 08:45:18');
INSERT INTO `Presupuestos` VALUES ('993604f1217ac0bc49f59df04ddc8996',72,'31971226da180f2bfaf74598f56abc3c','4119ae7d297cdace9b3b4d78002ce608','8daecfa0b0904b26d6af5236ba33fdf7',1,118427,-427,'4d3cf125f58db7f95ea86c6c58835489',30000,'',0,0,1,1,6266,30,2,30,'','2018-10-03 09:01:59');
INSERT INTO `Presupuestos` VALUES ('b5c046086dfc652e36c5c65f8aa3421e',73,'ee4bfe82af9ec8950f2b3c8924ac7196','4119ae7d297cdace9b3b4d78002ce608','db103911efe52809f646fa89eb869d57',1,6.67,0.03,'4d3cf125f58db7f95ea86c6c58835489',54.3,'',0,0,1,2,6000,2,1,7,'','2018-10-03 09:14:43');
INSERT INTO `Presupuestos` VALUES ('fa5828d0687853316d9a3a01f465fdc9',74,'ee4bfe82af9ec8950f2b3c8924ac7196','4119ae7d297cdace9b3b4d78002ce608','db103911efe52809f646fa89eb869d57',1,6.67,-0.07,'4d3cf125f58db7f95ea86c6c58835489',35.4,'',0,0,1,2,6000,2,1,7,'','2018-10-03 09:18:11');
INSERT INTO `Presupuestos` VALUES ('ef08305bb5fee973b9979db985f4c9f9',75,'ee4bfe82af9ec8950f2b3c8924ac7196','4119ae7d297cdace9b3b4d78002ce608','db103911efe52809f646fa89eb869d57',1,6.67,-0.67,'4d3cf125f58db7f95ea86c6c58835489',78,'',0,0,1,2,6000,2,1,7,'','2018-10-03 17:08:35');
INSERT INTO `Presupuestos` VALUES ('ffed87834974d3119dd9e88cc517a337',76,'9c845789f9096caa6197ed3a1cea87df','02af11a6111e3d83d58fd751d220ee44','8daecfa0b0904b26d6af5236ba33fdf7',0.5,9.45,-0.39,'868f9c0881d5a879a2f024128770de40',20.99,'',0,0,1,2,4,20,2,15,'','2018-10-03 17:12:09');
INSERT INTO `Presupuestos` VALUES ('abe6ee8e5fe71cc4657daf67a255800c',77,'9c845789f9096caa6197ed3a1cea87df','02af11a6111e3d83d58fd751d220ee44','8daecfa0b0904b26d6af5236ba33fdf7',0.9,17.01,-0.75,'868f9c0881d5a879a2f024128770de40',15.75,'',0,0,1,2,4,20,2,15,'','2018-10-03 17:19:14');
INSERT INTO `Presupuestos` VALUES ('e83e7930be6b09edf9f407f1a158417e',78,'1985ed6a068407511907b850df999ac0','02af11a6111e3d83d58fd751d220ee44','8daecfa0b0904b26d6af5236ba33fdf7',0.2,26280,-811,'868f9c0881d5a879a2f024128770de40',12591,'',0,0,3,1,6000,20,2,15,'','2018-10-09 15:37:55');
INSERT INTO `Presupuestos` VALUES ('4f37da024999dde27d0e9d3bff3cb292',79,'f0bec9c6bbe8f1fb57f796f1b242eaf7','02af11a6111e3d83d58fd751d220ee44','83d7c48749e235d7cf3717ebf2b7e238',1,200000,-67,'868f9c0881d5a879a2f024128770de40',233748,'',0,0,3,1,1610,10,2,15,'','2018-10-12 11:28:05');
INSERT INTO `Presupuestos` VALUES ('bf55ba2e4c7a0ce3359c0a73bf38607c',80,'098c55d1eb1b2eb0699eb6ba138fb7f5','02af11a6111e3d83d58fd751d220ee44','8daecfa0b0904b26d6af5236ba33fdf7',0.1,13889,-716,'868f9c0881d5a879a2f024128770de40',7021,'',0,0,3,1,6342,10,2,15,'','2018-10-18 12:43:58');
INSERT INTO `Presupuestos` VALUES ('399f62c120ed7c58c489fc8647f99381',81,'942718900d87fb1f7abff84c660fa2de','4119ae7d297cdace9b3b4d78002ce608','8daecfa0b0904b26d6af5236ba33fdf7',0.5,69533,446,'4d3cf125f58db7f95ea86c6c58835489',12394,'',0,0,1,1,6350,10,2,7,'','2018-10-22 07:07:11');
INSERT INTO `Presupuestos` VALUES ('5abb372f3f0639b8f994f2e96630fc8e',82,'2849c61776792131665962488e0bf513','4119ae7d297cdace9b3b4d78002ce608','8daecfa0b0904b26d6af5236ba33fdf7',0.5,69642,148,'4d3cf125f58db7f95ea86c6c58835489',37201,'',0,0,3,1,6360,10,2,7,'','2018-10-22 07:12:07');
INSERT INTO `Presupuestos` VALUES ('352a5f87d3aac66470dd86f30421a5ac',83,'f8eadb5a299000eae8d16d241306c09a','4119ae7d297cdace9b3b4d78002ce608','8daecfa0b0904b26d6af5236ba33fdf7',0.7,97499,-249,'4d3cf125f58db7f95ea86c6c58835489',206054,'',0,0,1,1,6360,100,2,15,'','2018-10-22 07:19:58');
INSERT INTO `Presupuestos` VALUES ('9bb67f198d3cdbe2f143b6069312d0de',84,'c520739822b994909a768a730900f8a3','02af11a6111e3d83d58fd751d220ee44','83d7c48749e235d7cf3717ebf2b7e238',1,200000,-215,'868f9c0881d5a879a2f024128770de40',183289,'',0,0,3,1,1700,20,2,15,'','2018-10-23 08:32:06');
INSERT INTO `Presupuestos` VALUES ('c0694fe1a97aaae0ea9c4b62d6b3f7fa',85,'f0bec9c6bbe8f1fb57f796f1b242eaf7','02af11a6111e3d83d58fd751d220ee44','83d7c48749e235d7cf3717ebf2b7e238',1,200000,-1900,'868f9c0881d5a879a2f024128770de40',45900,'',0,0,3,1,1700,20,2,15,'','2018-10-24 09:35:41');
INSERT INTO `Presupuestos` VALUES ('c051906542f44c0b5c2eaa6a491f4f3d',86,'af7600e899ba2387976a558d65b86fa4','02af11a6111e3d83d58fd751d220ee44','8daecfa0b0904b26d6af5236ba33fdf7',0.4,8.76,0,'868f9c0881d5a879a2f024128770de40',51.6,'',0,0,1,2,6100,15,2,15,'','2018-10-24 09:59:41');
INSERT INTO `Presupuestos` VALUES ('35512a45a6d5d170e62e066b3664f2b1',87,'af7600e899ba2387976a558d65b86fa4','02af11a6111e3d83d58fd751d220ee44','8daecfa0b0904b26d6af5236ba33fdf7',0.4,8.76,0,'868f9c0881d5a879a2f024128770de40',30.3,'',0,0,1,2,6100,20,2,15,'','2018-10-24 10:04:10');
INSERT INTO `Presupuestos` VALUES ('0afc10cc4c9cdb096a957d38dd1b47c8',88,'44c8442d40c068433f2b2effb7db0737','02af11a6111e3d83d58fd751d220ee44','83d7c48749e235d7cf3717ebf2b7e238',1,200000,-730,'868f9c0881d5a879a2f024128770de40',34400,'',0,0,1,1,1700,20,2,15,'','2018-10-25 13:39:25');
INSERT INTO `Presupuestos` VALUES ('9099a79893fdd7bb87fb09207d9931d3',89,'1985ed6a068407511907b850df999ac0','4119ae7d297cdace9b3b4d78002ce608','db103911efe52809f646fa89eb869d57',2,80000,200,'4d3cf125f58db7f95ea86c6c58835489',37800,'',0,0,3,1,6000,2,1,7,'pagamento adiantado','2018-11-02 07:20:11');
INSERT INTO `Presupuestos` VALUES ('4898baa270e9b5afce5271f2fee90fe4',90,'6d9d7c88ef1cd95eac81fe50fff562d3','02af11a6111e3d83d58fd751d220ee44','8daecfa0b0904b26d6af5236ba33fdf7',0.2,27778,-812,'868f9c0881d5a879a2f024128770de40',13309,'',0,0,1,1,6342,20,2,15,'','2018-11-02 11:58:31');
INSERT INTO `Presupuestos` VALUES ('2ba5d7c626617a6853c4be4bac158dd1',91,'86ff8b74fffd15708304bd31b43d1f80','02af11a6111e3d83d58fd751d220ee44','8daecfa0b0904b26d6af5236ba33fdf7',0.9,120231,-505,'868f9c0881d5a879a2f024128770de40',65514,'',0,0,1,1,6100,30,2,15,'','2018-11-03 09:26:54');
INSERT INTO `Presupuestos` VALUES ('40083e21178a44774594f713376f3d9e',92,'7521d7871ecc387e4b60cf69d891244d','02af11a6111e3d83d58fd751d220ee44','8daecfa0b0904b26d6af5236ba33fdf7',1.8,240462,-974,'868f9c0881d5a879a2f024128770de40',42849,'',0,0,1,1,6100,30,2,15,'','2018-11-03 13:39:33');
INSERT INTO `Presupuestos` VALUES ('9501c60461dd6ae848ee47e3b05e61ca',93,'118c1e2eeb4c3915ae60b75e62ce3d11','4119ae7d297cdace9b3b4d78002ce608','db103911efe52809f646fa89eb869d57',1,6.67,-1.67,'4d3cf125f58db7f95ea86c6c58835489',75,'',0,0,1,2,6000,2,1,7,'','2018-11-03 16:26:51');
INSERT INTO `Presupuestos` VALUES ('b89f3ee0d1c7162f4cca998af742b2a3',94,'bda080be0b17d96d33e42214f8793fbe','02af11a6111e3d83d58fd751d220ee44','8daecfa0b0904b26d6af5236ba33fdf7',0.6,83360,-778,'868f9c0881d5a879a2f024128770de40',330576,'',0,0,1,1,6344,20,2,15,'','2018-11-03 17:25:53');
INSERT INTO `Presupuestos` VALUES ('91d5b397d6860978571f3d3468d023a9',95,'cf8740d526bedb15d9716f609f11d180','02af11a6111e3d83d58fd751d220ee44','db103911efe52809f646fa89eb869d57',1,40000,-216,'868f9c0881d5a879a2f024128770de40',818376,'',0,0,1,1,6344,20,2,15,'','2018-11-03 17:36:51');
INSERT INTO `Presupuestos` VALUES ('35b02cec5f75812e8f6181c96265a6b8',96,'36efb605777ece808c10d895b9b65b51','02af11a6111e3d83d58fd751d220ee44','8daecfa0b0904b26d6af5236ba33fdf7',0.6,83360,-132,'868f9c0881d5a879a2f024128770de40',784014,'',0,0,1,1,6344,30,2,15,'','2018-11-03 17:45:12');
INSERT INTO `Presupuestos` VALUES ('52bec8a8df1e68af6927ba2cfd8c8748',97,'36efb605777ece808c10d895b9b65b51','02af11a6111e3d83d58fd751d220ee44','8daecfa0b0904b26d6af5236ba33fdf7',0.6,83360,-573,'868f9c0881d5a879a2f024128770de40',855289,'',0,0,1,1,6344,20,2,15,'','2018-11-03 17:51:20');
INSERT INTO `Presupuestos` VALUES ('7751886e0ca52172f37dbfca0e9c6a61',98,'36efb605777ece808c10d895b9b65b51','02af11a6111e3d83d58fd751d220ee44','8daecfa0b0904b26d6af5236ba33fdf7',0.6,83360,-784,'868f9c0881d5a879a2f024128770de40',989664,'',0,0,1,1,6344,20,2,15,'','2018-11-03 17:53:42');
INSERT INTO `Presupuestos` VALUES ('c9ab57af0ec4d953b183f4c0303dfbbc',99,'36efb605777ece808c10d895b9b65b51','02af11a6111e3d83d58fd751d220ee44','8daecfa0b0904b26d6af5236ba33fdf7',0.6,83360,-784,'868f9c0881d5a879a2f024128770de40',1140968,'',0,0,1,1,6344,20,2,15,'','2018-11-03 17:56:21');
INSERT INTO `Presupuestos` VALUES ('7a3e4d2e1dc5953efe47b5e1ad0de349',100,'1a61cd0037427dcb670262eb19b42830','02af11a6111e3d83d58fd751d220ee44','db103911efe52809f646fa89eb869d57',1,40000,-40,'868f9c0881d5a879a2f024128770de40',856440,'',0,0,1,1,6344,20,2,15,'','2018-11-03 18:11:32');
INSERT INTO `Presupuestos` VALUES ('bd89346b23a3618135dbf3765f2c11ca',101,'e81404edb83bd1a201ed2a27fcda9bb6','02af11a6111e3d83d58fd751d220ee44','db103911efe52809f646fa89eb869d57',1,40000,-40,'868f9c0881d5a879a2f024128770de40',856440,'',0,0,1,1,6344,20,2,15,'','2018-11-03 18:24:33');
INSERT INTO `Presupuestos` VALUES ('c958f2e19ae15cdde055606c348c3a65',102,'e81404edb83bd1a201ed2a27fcda9bb6','02af11a6111e3d83d58fd751d220ee44','db103911efe52809f646fa89eb869d57',1,40000,-883,'868f9c0881d5a879a2f024128770de40',1020115,'',0,0,1,1,6344,20,2,15,'','2018-11-03 18:27:19');
INSERT INTO `Presupuestos` VALUES ('85fde4a74af77205a9705632d34ddccb',103,'def8f771d9eab7f7889dd829a980f6c0','02af11a6111e3d83d58fd751d220ee44','8daecfa0b0904b26d6af5236ba33fdf7',0.9,125060,-938,'868f9c0881d5a879a2f024128770de40',316419,'',0,0,1,1,6345,60,2,15,'','2018-11-06 06:09:51');
INSERT INTO `Presupuestos` VALUES ('fc468e20fe2de7f4436056837a084b27',104,'def8f771d9eab7f7889dd829a980f6c0','02af11a6111e3d83d58fd751d220ee44','8daecfa0b0904b26d6af5236ba33fdf7',0.9,19.71,-0.04,'868f9c0881d5a879a2f024128770de40',49.87,'',0,0,1,2,6345,60,2,15,'','2018-11-06 06:14:26');
INSERT INTO `Presupuestos` VALUES ('67f41aab1038e8b157fbe24676ff090c',105,'9d75ec3fd81fdf5204037e9b1f3f9b2a','4119ae7d297cdace9b3b4d78002ce608','8daecfa0b0904b26d6af5236ba33fdf7',1.4,30.66,-0.56,'4d3cf125f58db7f95ea86c6c58835489',148.94,'',0,0,1,2,6200,30,2,30,'','2018-11-12 07:28:05');
INSERT INTO `Presupuestos` VALUES ('775a297bb676c9a526a32a98ce63e895',106,'813a0d39a4f1d284b770cb52f17fcb97','02af11a6111e3d83d58fd751d220ee44','83d7c48749e235d7cf3717ebf2b7e238',1,200000,-888,'868f9c0881d5a879a2f024128770de40',93768,'',0,0,1,1,1600,20,2,15,'','2018-11-15 13:20:19');
INSERT INTO `Presupuestos` VALUES ('f2e5409df5198fb47872b83e9237cab8',107,'a5091c074c7b5cdc072139ddfce0f5a2','4119ae7d297cdace9b3b4d78002ce608','8daecfa0b0904b26d6af5236ba33fdf7',5,673425,-175,'4d3cf125f58db7f95ea86c6c58835489',660750,'',0,0,2,1,6150,45,2,30,'','2018-11-22 05:54:16');
INSERT INTO `Presupuestos` VALUES ('fe6a8df29169152ffdd4572725ca6f16',108,'156a77a4194bbbbe078eab82fb3caad8','02af11a6111e3d83d58fd751d220ee44','db103911efe52809f646fa89eb869d57',1,25000,-200,'868f9c0881d5a879a2f024128770de40',7200,'',0,0,3,1,6000,20,2,15,'','2018-11-22 13:41:12');
INSERT INTO `Presupuestos` VALUES ('fff085162b850dab9a4269a544aed03b',109,'156a77a4194bbbbe078eab82fb3caad8','02af11a6111e3d83d58fd751d220ee44','83d7c48749e235d7cf3717ebf2b7e238',0,0,-80,'868f9c0881d5a879a2f024128770de40',11880,'',0,0,3,1,1600,20,2,15,'','2018-11-24 08:51:32');
INSERT INTO `Presupuestos` VALUES ('46c36f1a067100e7fa60b2b79c8a9f20',110,'a5091c074c7b5cdc072139ddfce0f5a2','4119ae7d297cdace9b3b4d78002ce608','8daecfa0b0904b26d6af5236ba33fdf7',7.5,164.25,-0.25,'4d3cf125f58db7f95ea86c6c58835489',81,'',0,0,2,2,6100,30,2,15,'','2018-11-26 07:02:18');
INSERT INTO `Presupuestos` VALUES ('8b6727a43287a8bb771d9c0a5ede44c8',111,'d4f654378e37172dd90bc1c597a8b747','02af11a6111e3d83d58fd751d220ee44','83d7c48749e235d7cf3717ebf2b7e238',1,200000,-816,'868f9c0881d5a879a2f024128770de40',47976,'',0,0,1,1,1600,20,2,15,'','2018-11-26 17:24:01');
INSERT INTO `Presupuestos` VALUES ('15ca54b60ff85ef945f4947a5eda075a',112,'54b5f91292f7be577d439677b3c48b13','4119ae7d297cdace9b3b4d78002ce608','8daecfa0b0904b26d6af5236ba33fdf7',8,1097978,-329,'4d3cf125f58db7f95ea86c6c58835489',234046,'',0,0,1,1,6267,60,2,30,'','2018-12-05 04:33:49');
INSERT INTO `Presupuestos` VALUES ('a75b628dcbe6fcd232c2af065de45404',114,'54b5f91292f7be577d439677b3c48b13','4119ae7d297cdace9b3b4d78002ce608','dcf7e31bdfcd1bdc159b1efd65b04859',8,140,-0.2,'4d3cf125f58db7f95ea86c6c58835489',45.19,'1',249,8.72,1,2,6267,10,2,7,'','2018-12-05 05:24:17');
INSERT INTO `Presupuestos` VALUES ('ccc57c9e9837157d4992a00ea86c9638',115,'54b5f91292f7be577d439677b3c48b13','4119ae7d297cdace9b3b4d78002ce608','dcf7e31bdfcd1bdc159b1efd65b04859',8,877380,-191,'4d3cf125f58db7f95ea86c6c58835489',283201,'33abc0b273b2834aee2498a3e463407c',1560305,15603,1,1,6267,10,2,15,'','2018-12-05 05:35:16');
INSERT INTO `Presupuestos` VALUES ('c4272f1a4503d4a85f8086abda192df2',116,'af3cae0ca5d70218dfa8950e3a16222c','4119ae7d297cdace9b3b4d78002ce608','db103911efe52809f646fa89eb869d57',1,6.67,-1.67,'4d3cf125f58db7f95ea86c6c58835489',135,'',0,0,1,2,6000,2,1,7,'','2018-12-10 08:18:11');
INSERT INTO `Presupuestos` VALUES ('e97ec924ac402d4709137efa14830f70',117,'af3cae0ca5d70218dfa8950e3a16222c','4119ae7d297cdace9b3b4d78002ce608','db103911efe52809f646fa89eb869d57',1,6.67,-2.17,'4d3cf125f58db7f95ea86c6c58835489',160.5,'',0,0,1,2,6000,2,1,7,'','2018-12-10 08:19:36');
INSERT INTO `Presupuestos` VALUES ('3eddb9433acbdce1e02b641977a80bc1',118,'af3cae0ca5d70218dfa8950e3a16222c','4119ae7d297cdace9b3b4d78002ce608','dcf7e31bdfcd1bdc159b1efd65b04859',1,17.5,0,'4d3cf125f58db7f95ea86c6c58835489',227.35,'',0,0,1,2,6000,10,2,7,'','2018-12-10 08:28:32');
INSERT INTO `Presupuestos` VALUES ('610b2ea1167540afa715eaab65bd665a',119,'af3cae0ca5d70218dfa8950e3a16222c','4119ae7d297cdace9b3b4d78002ce608','dcf7e31bdfcd1bdc159b1efd65b04859',1,17.5,0,'4d3cf125f58db7f95ea86c6c58835489',192.8,'',0,0,1,2,6000,10,2,7,'','2018-12-10 08:31:16');
INSERT INTO `Presupuestos` VALUES ('008a16cc78e32dbd1f2480eea90b96f5',120,'2849c61776792131665962488e0bf513','4119ae7d297cdace9b3b4d78002ce608','db103911efe52809f646fa89eb869d57',1,40000,-2600,'4d3cf125f58db7f95ea86c6c58835489',138600,'',0,0,1,1,6000,2,1,7,'','2018-12-11 07:32:08');
INSERT INTO `Presupuestos` VALUES ('56929221a93bd2968caa1b7d60c30a7a',121,'af3cae0ca5d70218dfa8950e3a16222c','4119ae7d297cdace9b3b4d78002ce608','8daecfa0b0904b26d6af5236ba33fdf7',1,28,-0.79,'4d3cf125f58db7f95ea86c6c58835489',90.36,'',0,0,1,2,6000,10,2,15,'','2019-01-03 09:55:00');
INSERT INTO `Presupuestos` VALUES ('f76408acb8d3ef9fd8cc9dbb7186284a',122,'af3cae0ca5d70218dfa8950e3a16222c','4119ae7d297cdace9b3b4d78002ce608','8daecfa0b0904b26d6af5236ba33fdf7',1.5,42,-0.89,'4d3cf125f58db7f95ea86c6c58835489',122.46,'',0,0,1,2,6000,10,2,15,'','2019-01-04 12:03:38');
INSERT INTO `Presupuestos` VALUES ('f728d176884af090290bf558f1c9cc3c',123,'af3cae0ca5d70218dfa8950e3a16222c','4119ae7d297cdace9b3b4d78002ce608','8daecfa0b0904b26d6af5236ba33fdf7',1,28,-0.75,'4d3cf125f58db7f95ea86c6c58835489',84.75,'',0,0,1,2,6000,10,2,15,'','2019-01-04 12:12:53');
INSERT INTO `Presupuestos` VALUES ('da5ab03d107e7c834571fd2e0d9897a5',124,'af3cae0ca5d70218dfa8950e3a16222c','4119ae7d297cdace9b3b4d78002ce608','8daecfa0b0904b26d6af5236ba33fdf7',1,28,-0.25,'4d3cf125f58db7f95ea86c6c58835489',53.25,'',0,0,1,2,6000,10,2,15,'','2019-01-04 12:22:54');
INSERT INTO `Presupuestos` VALUES ('eb7e5b117dee65e1c7343b884b498d52',125,'e5fcddbc8195fe20f64a8e4ae47e877a','4119ae7d297cdace9b3b4d78002ce608','db103911efe52809f646fa89eb869d57',1,40000,-500,'4d3cf125f58db7f95ea86c6c58835489',364500,'',0,0,1,1,6000,2,1,7,'','2019-01-04 17:50:30');
INSERT INTO `Presupuestos` VALUES ('5cabe26fc1ca1c1187bd6aa05338f8fe',126,'af3cae0ca5d70218dfa8950e3a16222c','4119ae7d297cdace9b3b4d78002ce608','8daecfa0b0904b26d6af5236ba33fdf7',1.1,30.8,0,'4d3cf125f58db7f95ea86c6c58835489',75,'',0,0,3,2,6200,10,1,7,'','2019-01-05 06:42:06');
INSERT INTO `Presupuestos` VALUES ('55fb34f1b3db0bff8244c4843182b02d',127,'f1b3468d703520cef9583a2c50e54c2f','02af11a6111e3d83d58fd751d220ee44','8daecfa0b0904b26d6af5236ba33fdf7',1.5,260400,-456,'868f9c0881d5a879a2f024128770de40',858790,'',0,0,1,1,6200,20,2,15,'','2019-01-08 11:04:29');
INSERT INTO `Presupuestos` VALUES ('191f62848b2e45465a376f481a0ef85d',128,'f1b3468d703520cef9583a2c50e54c2f','02af11a6111e3d83d58fd751d220ee44','8daecfa0b0904b26d6af5236ba33fdf7',1,173600,-386,'868f9c0881d5a879a2f024128770de40',1157320,'',0,0,1,1,6200,20,2,15,'','2019-01-08 11:12:55');
INSERT INTO `Presupuestos` VALUES ('6bda134d7babcf5b1e3c287e428c966b',129,'71b80b8ea3818703071067be34bd042a','02af11a6111e3d83d58fd751d220ee44','8daecfa0b0904b26d6af5236ba33fdf7',0.3,52080,-916,'868f9c0881d5a879a2f024128770de40',27370,'',0,0,1,1,6200,20,2,15,'','2019-01-08 11:35:08');
INSERT INTO `Presupuestos` VALUES ('407a2276277b2690f1a423fedb53296f',130,'af3cae0ca5d70218dfa8950e3a16222c','4119ae7d297cdace9b3b4d78002ce608','8daecfa0b0904b26d6af5236ba33fdf7',2,56,-0.1,'4d3cf125f58db7f95ea86c6c58835489',23.1,'',0,0,3,2,6000,10,1,7,'','2019-01-08 18:05:55');
INSERT INTO `Presupuestos` VALUES ('26664088bff94205edc17b29e4e1c5c7',131,'c520739822b994909a768a730900f8a3','02af11a6111e3d83d58fd751d220ee44','8daecfa0b0904b26d6af5236ba33fdf7',2.4,430080,0,'868f9c0881d5a879a2f024128770de40',80544,'',0,0,1,1,6400,20,2,15,'','2019-01-09 11:28:06');
INSERT INTO `Presupuestos` VALUES ('8005b8c11121d50c3a92fbe691b17c0a',132,'927489603e6669d4eb7eea7300e3d820','4119ae7d297cdace9b3b4d78002ce608','8daecfa0b0904b26d6af5236ba33fdf7',0.5,84000,-140,'4d3cf125f58db7f95ea86c6c58835489',160062,'',0,0,1,1,6000,11,2,15,'','2019-01-14 06:09:09');
INSERT INTO `Presupuestos` VALUES ('4f540b6e05b08d0682fbfbffc11f02e4',133,'fce1c628508f86cc056cb9bb53c48a30','4119ae7d297cdace9b3b4d78002ce608','8daecfa0b0904b26d6af5236ba33fdf7',1,179200,-1600,'4d3cf125f58db7f95ea86c6c58835489',446400,'',0,0,1,1,6400,11,2,7,'','2019-01-14 14:57:48');
INSERT INTO `Presupuestos` VALUES ('e4f0f2ab82f28b5a9880fb97bbf90d62',134,'fce1c628508f86cc056cb9bb53c48a30','4119ae7d297cdace9b3b4d78002ce608','db103911efe52809f646fa89eb869d57',1,40000,-76500,'4d3cf125f58db7f95ea86c6c58835489',526500,'',0,0,1,1,6000,1,1,7,'','2019-01-15 05:58:15');
INSERT INTO `Presupuestos` VALUES ('9e2df186232b3ca8ea816046702041cb',135,'b096c6a25d4bff101f9b9cee175455cc','4119ae7d297cdace9b3b4d78002ce608','db103911efe52809f646fa89eb869d57',1,40000,0,'4d3cf125f58db7f95ea86c6c58835489',252307,'',0,0,3,1,6000,2,6,30,'','2019-01-15 06:44:09');
INSERT INTO `Presupuestos` VALUES ('b30da8a268c9e421d2cf9743c4ea1ae5',136,'af3cae0ca5d70218dfa8950e3a16222c','4119ae7d297cdace9b3b4d78002ce608','8daecfa0b0904b26d6af5236ba33fdf7',1,28,-0.05,'4d3cf125f58db7f95ea86c6c58835489',94.05,'',0,0,3,2,6000,11,1,7,'','2019-01-15 08:10:57');
INSERT INTO `Presupuestos` VALUES ('adb494d0dcc2d8186137afeb28d2f647',137,'fcc27f7279a5e1af2dbba1a1255f440c','4119ae7d297cdace9b3b4d78002ce608','db103911efe52809f646fa89eb869d57',1,40000,-924,'4d3cf125f58db7f95ea86c6c58835489',267474,'',0,0,1,1,6000,2,6,30,'','2019-01-15 08:37:43');
INSERT INTO `Presupuestos` VALUES ('50580f9dc48e7933a91756c123344b2e',138,'fcc27f7279a5e1af2dbba1a1255f440c','4119ae7d297cdace9b3b4d78002ce608','db103911efe52809f646fa89eb869d57',1,40000,-357,'4d3cf125f58db7f95ea86c6c58835489',209021,'',0,0,1,1,6030,2,6,30,'','2019-01-15 09:04:00');
INSERT INTO `Presupuestos` VALUES ('2536e3e6350473989350324acdbb9251',139,'fcc27f7279a5e1af2dbba1a1255f440c','4119ae7d297cdace9b3b4d78002ce608','db103911efe52809f646fa89eb869d57',1,40000,-898,'4d3cf125f58db7f95ea86c6c58835489',249098,'',0,0,1,1,6030,2,6,30,'','2019-01-15 09:06:26');
INSERT INTO `Presupuestos` VALUES ('90dfd20c01943eac40ffba7f56ff4a10',140,'9d75ec3fd81fdf5204037e9b1f3f9b2a','4119ae7d297cdace9b3b4d78002ce608','db103911efe52809f646fa89eb869d57',1,40000,-6,'4d3cf125f58db7f95ea86c6c58835489',191479,'',0,0,1,1,6040,2,6,30,'','2019-01-15 19:43:34');
INSERT INTO `Presupuestos` VALUES ('dc93589b08fb80dcffaf1ed6128b45e2',141,'9d75ec3fd81fdf5204037e9b1f3f9b2a','4119ae7d297cdace9b3b4d78002ce608','db103911efe52809f646fa89eb869d57',1,40000,-651,'4d3cf125f58db7f95ea86c6c58835489',196781,'',0,0,1,1,6040,2,6,30,'','2019-01-15 19:46:18');
INSERT INTO `Presupuestos` VALUES ('579f59ac50b2e679af101d459dbdfe35',142,'9d75ec3fd81fdf5204037e9b1f3f9b2a','4119ae7d297cdace9b3b4d78002ce608','',1,0,-158163,'4d3cf125f58db7f95ea86c6c58835489',158163,'',0,0,3,1,6040,2,7,30,'','2019-01-15 19:55:41');
INSERT INTO `Presupuestos` VALUES ('e09cec4a010561a46fea07caf756459f',143,'ee4bfe82af9ec8950f2b3c8924ac7196','4119ae7d297cdace9b3b4d78002ce608','db103911efe52809f646fa89eb869d57',1,40000,-473,'4d3cf125f58db7f95ea86c6c58835489',159453,'',0,0,1,1,6040,2,6,30,'','2019-01-16 03:43:15');
INSERT INTO `Presupuestos` VALUES ('91adba186e77e9912c0c4e438b369fc2',144,'0a2eef4317c8601cdf91236f182582e5','4119ae7d297cdace9b3b4d78002ce608','db103911efe52809f646fa89eb869d57',2,80000,0,'4d3cf125f58db7f95ea86c6c58835489',110828,'',0,0,1,1,6050,2,1,7,'','2019-01-17 06:28:44');
INSERT INTO `Presupuestos` VALUES ('c26ffaf671e481c4bc1edb14fe424cfc',145,'b096c6a25d4bff101f9b9cee175455cc','4119ae7d297cdace9b3b4d78002ce608','8daecfa0b0904b26d6af5236ba33fdf7',0.3,50736,-2405,'4d3cf125f58db7f95ea86c6c58835489',8696,'',0,0,2,1,6040,11,1,7,'','2019-01-18 05:17:57');
INSERT INTO `Presupuestos` VALUES ('ada127a97ed3f51df148fb72ba9c2ce6',146,'a6995de3d96f3cea57ff5e137c996470','4119ae7d297cdace9b3b4d78002ce608','db103911efe52809f646fa89eb869d57',1,40000,-105,'4d3cf125f58db7f95ea86c6c58835489',202840,'',0,0,1,1,6040,2,6,30,'','2019-01-18 06:56:46');
INSERT INTO `Presupuestos` VALUES ('1386e3f5aa1c129885326f8d53eb6870',147,'8a213305e2d633efca5828f830de5bd6','4119ae7d297cdace9b3b4d78002ce608','db103911efe52809f646fa89eb869d57',1,40000,30,'4d3cf125f58db7f95ea86c6c58835489',70170,'',0,0,2,1,6050,2,1,7,'','2019-01-21 08:37:02');
INSERT INTO `Presupuestos` VALUES ('b74f4a94cf51a7da98b86ba01460663f',148,'8a213305e2d633efca5828f830de5bd6','4119ae7d297cdace9b3b4d78002ce608','db103911efe52809f646fa89eb869d57',1,40000,-525,'4d3cf125f58db7f95ea86c6c58835489',101025,'',0,0,2,1,6050,2,1,7,'','2019-01-21 08:40:11');
INSERT INTO `Presupuestos` VALUES ('927dd29e2eaa5dc40097acf46b886f71',149,'ebd46ff5d13a346bd2711599ede22730','02af11a6111e3d83d58fd751d220ee44','8daecfa0b0904b26d6af5236ba33fdf7',0.3,54012,-411,'868f9c0881d5a879a2f024128770de40',133487,'',0,0,1,1,6430,20,2,15,'','2019-01-28 18:40:56');
INSERT INTO `Presupuestos` VALUES ('40426f6dc301c74afc432b3f24f2590a',150,'ebd46ff5d13a346bd2711599ede22730','02af11a6111e3d83d58fd751d220ee44','8daecfa0b0904b26d6af5236ba33fdf7',0.6,108091,-830,'868f9c0881d5a879a2f024128770de40',847792,'',0,0,1,1,6434,20,2,15,'','2019-01-28 19:01:27');
INSERT INTO `Presupuestos` VALUES ('ae3ab411b905939bf5234add937d9db8',151,'af3cae0ca5d70218dfa8950e3a16222c','4119ae7d297cdace9b3b4d78002ce608','8daecfa0b0904b26d6af5236ba33fdf7',0.6,16.8,0,'4d3cf125f58db7f95ea86c6c58835489',8.1,'',0,0,3,2,6040,10,1,7,'','2019-01-29 06:18:05');
INSERT INTO `Presupuestos` VALUES ('8f7422c4ca5efb4fe3c09b83f4c679ff',152,'ebd46ff5d13a346bd2711599ede22730','02af11a6111e3d83d58fd751d220ee44','db103911efe52809f646fa89eb869d57',1,40000,-115,'868f9c0881d5a879a2f024128770de40',606015,'',0,0,1,1,6030,2,1,15,'','2019-01-29 08:53:59');
INSERT INTO `Presupuestos` VALUES ('68151c806f3613331565f0b1c81e9766',153,'57409f72775363c22ce6fe256e6a5ba4','02af11a6111e3d83d58fd751d220ee44','db103911efe52809f646fa89eb869d57',1,40000,0,'868f9c0881d5a879a2f024128770de40',227717,'',0,0,1,1,6050,20,6,30,'','2019-01-29 15:06:29');
INSERT INTO `Presupuestos` VALUES ('53558c6c7c912d0e21c062c80f3c4771',154,'57409f72775363c22ce6fe256e6a5ba4','02af11a6111e3d83d58fd751d220ee44','db103911efe52809f646fa89eb869d57',1,40000,-2,'868f9c0881d5a879a2f024128770de40',206486,'',0,0,1,1,6050,10,6,30,'','2019-01-29 15:24:27');
INSERT INTO `Presupuestos` VALUES ('2a8ca9e244e3ec89678c958e067bceca',155,'2849c61776792131665962488e0bf513','4119ae7d297cdace9b3b4d78002ce608','db103911efe52809f646fa89eb869d57',1,40000,-20450,'4d3cf125f58db7f95ea86c6c58835489',117450,'',0,0,3,1,6050,2,1,30,'','2019-02-05 13:45:59');
INSERT INTO `Presupuestos` VALUES ('71523875bfc13ae57817cf0337934638',156,'156a77a4194bbbbe078eab82fb3caad8','4119ae7d297cdace9b3b4d78002ce608','db103911efe52809f646fa89eb869d57',1,26100,0,'',0,'',0,0,3,1,6040,2,7,30,'','2019-02-05 16:59:11');
DROP TABLE IF EXISTS `Personas`;
CREATE TABLE IF NOT EXISTS `Personas` (
	`c_id`	character ( 32 ) NOT NULL,
	`c_identificacion`	character ( 50 ),
	`c_nombre`	character ( 100 ),
	`c_tel1`	character ( 30 ),
	`c_tel2`	character ( 30 ),
	`c_cel1`	character ( 30 ),
	`c_cel2`	character ( 30 ),
	`c_contacto`	character ( 100 ),
	`c_direccion`	character ( 200 ),
	`c_email`	character ( 100 ),
	`n_valor_porcentaje_comision`	numeric ( 15 , 5 ) DEFAULT 0,
	`b_activo`	boolean DEFAULT true,
	`b_cliente`	boolean DEFAULT true,
	`b_comisionista`	boolean DEFAULT false,
	`b_funcionario`	boolean DEFAULT false,
	`b_usuario`	boolean DEFAULT false,
	`t_observacion`	text,
	`ts_insert`	timestamp DEFAULT (datetime('now','localtime')),
	PRIMARY KEY(`c_id`)
);
INSERT INTO `Personas` VALUES ('156a77a4194bbbbe078eab82fb3caad8','6267949','LUCIANO SIQUEIRA','','','+595 983 626143','','','SANTA RITA','',0,'true','true','false','false','false','OBSSSSSSSSSSSSSS','2018-07-13 07:22:52');
INSERT INTO `Personas` VALUES ('31971226da180f2bfaf74598f56abc3c','2222','FABIANE','','','0985 0000000','','','SANTA RITA','',0,'true','true','false','false','false','','2018-07-13 07:25:23');
INSERT INTO `Personas` VALUES ('1','1','Administrador','','','234324234','','','ADASDADASDAS','',0,'true','false','false','false','true','','2018-07-13 09:26:27');
INSERT INTO `Personas` VALUES ('27db769dedb578380962803f5f9a44b4','1647071','LEILA PEREIRA','','','0981 824 593','','','SANTA RITA','leilachristie@hotmail.com',15,'true','false','true','true','true','','2018-07-14 07:07:45');
INSERT INTO `Personas` VALUES ('dd88a51f1500b17b6ec2d3beca7feeaa','131321','CARMEN ZIMMERMANN','','','0982621424','','','SANTA RITA','',0,'true','true','false','false','false','','2018-07-14 07:51:51');
INSERT INTO `Personas` VALUES ('b096c6a25d4bff101f9b9cee175455cc','7092698','DEISI GONZALEZ DOS SANTOS','','','09994 32 31 32','','','SANTA RITA','',0,'true','true','false','false','false','','2018-07-14 07:52:41');
INSERT INTO `Personas` VALUES ('4d3cf125f58db7f95ea86c6c58835489','6310337','RODRIGO PEREIRA','','','983668678','','Rodrigo Pereira','RUTA 6. KM 42, BARRIO BELLO HORIZONTE','',15,'true','false','true','false','true','','2018-07-14 07:53:56');
INSERT INTO `Personas` VALUES ('af3cae0ca5d70218dfa8950e3a16222c','523433','JULIANO SOMMERFELD','','','887457547','','','SANTA RITA','',0,'true','true','false','false','false','','2018-07-14 10:59:40');
INSERT INTO `Personas` VALUES ('868f9c0881d5a879a2f024128770de40','232323','GUSTAVO CABRAL','','','4744747','','','SANTA RITA','',15,'true','false','true','false','true','SANTA RITA','2018-07-14 11:13:20');
INSERT INTO `Personas` VALUES ('9d75ec3fd81fdf5204037e9b1f3f9b2a','54654','MERY HELLEN MARTINS','','','0983 565351','','','CHACO','',0,'true','true','false','false','false','','2018-07-24 14:31:15');
INSERT INTO `Personas` VALUES ('f0bec9c6bbe8f1fb57f796f1b242eaf7','5888','DANIEL RECH','','','+595981902953','','','SANTA RITA','',0,'true','true','false','false','false','','2018-07-26 13:26:53');
INSERT INTO `Personas` VALUES ('3380417698c30c9a28e123401b30d817','4564','IVONE SIQUEIRA','','','0984 420 158','','','SANTA RITA','',0,'true','true','false','false','false','','2018-07-30 21:48:34');
INSERT INTO `Personas` VALUES ('e47ed28512bfe2a29c0e19fd93a80b74','56446','VERA STEINPERKOSKI','','','0983 632 045','','','SANTA RITA','',0,'true','true','false','false','false','','2018-07-30 21:58:20');
INSERT INTO `Personas` VALUES ('00e9150be6067002be3d17535dd371d8','968587','ALCIRA CHRISTIE HADAD','','','0982 609 879','','','ASUNCION','',0,'true','true','false','false','false','','2018-07-31 13:37:15');
INSERT INTO `Personas` VALUES ('50d1c03e1d36397fe77af915f2e318b3','0855555','CHARLINE ELY','','','+595983103170','','','SANTA RITA','',0,'true','true','false','false','false','','2018-08-01 08:39:33');
INSERT INTO `Personas` VALUES ('e832148e83a1e52ba562590e4824cb0f','99999','ALTAIR MECNICA AGRCOLA','','','3333','','','SANTA RITA','',0,'true','true','false','false','false','','2018-08-04 15:16:07');
INSERT INTO `Personas` VALUES ('54b5f91292f7be577d439677b3c48b13','454','KELI WEBLER','','','+595 985 905071','','','SANTA RITA','',0,'true','true','false','false','false','','2018-08-06 19:02:56');
INSERT INTO `Personas` VALUES ('1985ed6a068407511907b850df999ac0','564564','JOVANA FONINI','','','+595 983 280862','','','SANTA RITA','',0,'true','true','false','false','false','','2018-08-07 07:45:16');
INSERT INTO `Personas` VALUES ('781fd7fe44611bf6659f9b1c66e084fb','5456','LUCIANA VIEIRA','','','+595 983 227877','','','SANTA RITA','',0,'true','true','false','false','false','','2018-08-07 11:14:19');
INSERT INTO `Personas` VALUES ('bbd57624e44495d25bb2d2fad6236b6b','5456465','MICHELI OSTROSKI MENEGASSI','','','+595 985 655531','','','SANTA RITA','',0,'true','true','false','false','false','','2018-08-11 13:53:41');
INSERT INTO `Personas` VALUES ('c4379413cabfe20dfb470326b2ca01fb','465465','MARIA SH','','','0984 318008','','','SANTA RITA','',0,'true','true','false','false','false','','2018-08-13 11:49:21');
INSERT INTO `Personas` VALUES ('96d5b569f9d4ccf081455d80fc309771','123567','DELCY ACOSTA','','','0983175358','','','NARANJAL','',0,'true','true','false','false','false','','2018-08-14 21:43:11');
INSERT INTO `Personas` VALUES ('715976e5287a8d987a5919a7b536eda1','963225','RONALDO RIBEIRO','','','0985473638','','','NUEVA ESPERANZA','',0,'true','true','false','false','false','','2018-08-18 12:05:56');
INSERT INTO `Personas` VALUES ('25eeaa7ac59d1b13db9afb523bcfc88d','000001','ASSUNCION','','','+595 983 527707','','','ASSUNCION','',0,'true','true','false','false','false','','2018-08-21 15:08:41');
INSERT INTO `Personas` VALUES ('a1cb06e8419cd0efdb12ab684f2d1fa4','00002','RICHARD MONGES','','','984873203','','','SANTA RITA','',0,'true','true','false','false','false','','2018-08-26 18:29:47');
INSERT INTO `Personas` VALUES ('a5091c074c7b5cdc072139ddfce0f5a2','000003','HUGO FRISKE','','','+595 983 237517','','','SANTA RITA','',0,'true','true','false','false','false','','2018-08-30 13:48:11');
INSERT INTO `Personas` VALUES ('66f64b9c1ec56c0f0723931738c76bf3','000004','JULIANA BORDIGNON','','','+595 983527177','','','SANTA RITA','',0,'true','true','false','false','false','','2018-08-31 18:13:36');
INSERT INTO `Personas` VALUES ('ec4aa5f63423ba9b47deafd170997f95','34567','RAFAEL RECH','','','0982 825793','','','SANTA RITA','',0,'true','true','false','false','false','','2018-09-03 08:35:13');
INSERT INTO `Personas` VALUES ('7752966b68d178e2e6810baa26402efa','000005','GUSTAVO CABRAL','','','0000000','','','SANTA RITA','',0,'true','true','false','false','false','','2018-09-03 20:07:19');
INSERT INTO `Personas` VALUES ('8cb928cf6c290ad72fd158b3a88afe08','123456','MARIA BOGADO','','','+595 983 631506','','','SANTA RITA','',0,'true','true','false','false','false','','2018-09-12 21:30:50');
INSERT INTO `Personas` VALUES ('97c46d8f2e1d2a22a666ca457738a862','000006','VANDERLEI LUNKES','','','+595 983 237623','','','KM 32','',0,'true','true','false','false','false','','2018-09-15 10:32:59');
INSERT INTO `Personas` VALUES ('234174977ab2fc8fd19b892d4cea7936','000007','MAYARA ANTUNES','','','+55 54 96959138','','','BRASIL','',0,'true','true','false','false','false','','2018-09-17 11:28:46');
INSERT INTO `Personas` VALUES ('eae174a3b6867e50bda93c94153a131a','213456','ELBA','','','+595 992 281622','','','ASUNCION','',0,'true','true','false','false','false','','2018-09-17 14:50:30');
INSERT INTO `Personas` VALUES ('a2548aa97af1ea5bbecb44bafb97d7d0','000008','JOCELIA BAREIRO','','','+595 983 345424','','','SANTA RITA','',0,'true','true','false','false','false','','2018-09-17 18:46:07');
INSERT INTO `Personas` VALUES ('098c55d1eb1b2eb0699eb6ba138fb7f5','000009','VALTER JUNIOR','','','84398','','','SANTA RITA','',0,'true','true','false','false','false','','2018-09-20 10:35:14');
INSERT INTO `Personas` VALUES ('7c259c491325885a0fd5984385bc61e6','6190462','JOICE CAMILO','','','0983 650 346','','','MINGA GUAZU','',0,'true','true','false','false','false','','2018-09-21 18:12:05');
INSERT INTO `Personas` VALUES ('a6bc9f8cc772f9cdbd831ed42023dc5c','6325559','EMYLI TAINNA SCHLINDVEIN','','','+595 992 793385','','','SANTA RITA','',0,'true','true','false','false','false','','2018-09-24 11:10:05');
INSERT INTO `Personas` VALUES ('9f08539bedf5cb90e223246d54c1eae4','3233232','CRISTHEL ANTONIOLLI','','','+595 981 795248','','','SANTA RITA','',0,'true','true','false','false','false','','2018-09-24 11:17:39');
INSERT INTO `Personas` VALUES ('77cfaae1b6f8d2cf1ac484b2933f707d','0000009','FRANCIELE PIGOSSO','','','+595 984 305108','','','SANTA RITA','',0,'true','true','false','false','false','','2018-10-01 11:34:26');
INSERT INTO `Personas` VALUES ('ee4bfe82af9ec8950f2b3c8924ac7196','999999','CLIENTE OCASIONAL','','','12345678','','','PLANETA TERRA','',0,'true','true','false','false','false','','2018-10-03 08:43:30');
INSERT INTO `Personas` VALUES ('9c845789f9096caa6197ed3a1cea87df','000010','KELLI CRISTINA','','','000000','','','BRASIL','',0,'true','true','false','false','false','','2018-10-03 17:09:24');
INSERT INTO `Personas` VALUES ('942718900d87fb1f7abff84c660fa2de','7654321345','BRUNO BARREIRO','','','+595 984 627544','','','SANTA RITA','',0,'true','true','false','false','false','','2018-10-22 07:06:48');
INSERT INTO `Personas` VALUES ('2849c61776792131665962488e0bf513','89765','JUNIOR FLARO','','','+595 983 328235','','','SANTA RITA','',0,'true','true','false','false','false','','2018-10-22 07:11:49');
INSERT INTO `Personas` VALUES ('f8eadb5a299000eae8d16d241306c09a','87654','EMILCE','','','+595 983 622495','','','SANTA RITA','',0,'true','true','false','false','false','','2018-10-22 07:19:34');
INSERT INTO `Personas` VALUES ('af7600e899ba2387976a558d65b86fa4','090909','FREDSON FORTALEZA','','','0008090987','','','FORTALEZA','',0,'true','true','false','false','false','','2018-10-22 13:01:26');
INSERT INTO `Personas` VALUES ('d16a0b33b4b726abdec2549a50b02cdf','00000180734','VENESSA LUI','','','0983506213','','','SANTA RITA','',0,'true','true','false','false','false','','2018-10-23 08:30:21');
INSERT INTO `Personas` VALUES ('c520739822b994909a768a730900f8a3','0193207','VANESSA LUI','','','0983506213','','','SANTA RITA','',0,'true','true','false','false','false','','2018-10-23 08:31:45');
INSERT INTO `Personas` VALUES ('44c8442d40c068433f2b2effb7db0737','09u19','CASSIANE','','','+595 983 527725','','','SANTA RITA','',0,'true','true','false','false','false','','2018-10-25 13:37:38');
INSERT INTO `Personas` VALUES ('6d9d7c88ef1cd95eac81fe50fff562d3','9834964','BEATRIZ SCHLEMMER','','','0983727405','','','SANTA RITA','',0,'true','true','false','false','false','','2018-11-02 11:52:32');
INSERT INTO `Personas` VALUES ('86ff8b74fffd15708304bd31b43d1f80','08173184674','MICHELI OSTROSKI','','','+595 98565531','','','SANTA RITA','',0,'true','true','false','false','false','','2018-11-03 09:26:07');
INSERT INTO `Personas` VALUES ('7521d7871ecc387e4b60cf69d891244d','930043','CAMYLA PETRY','','','0993291177','','','SANTA RITA','',0,'true','true','false','false','false','','2018-11-03 13:38:04');
INSERT INTO `Personas` VALUES ('118c1e2eeb4c3915ae60b75e62ce3d11','34575','ROSE FARIA','','','+5519982449334','','','TAMBAU - SP BRASIL','',0,'true','true','false','false','false','','2018-11-03 16:24:07');
INSERT INTO `Personas` VALUES ('bda080be0b17d96d33e42214f8793fbe','8427877','MIRIAN HAUBERT','','','0983519422','','','SANTA RITA','',0,'true','true','false','false','false','','2018-11-03 17:24:05');
INSERT INTO `Personas` VALUES ('cf8740d526bedb15d9716f609f11d180','97634','THAAY SCHMIDT','','','0984552184','','','SANTA RITA','',0,'true','true','false','false','false','','2018-11-03 17:36:23');
INSERT INTO `Personas` VALUES ('36efb605777ece808c10d895b9b65b51','65748','ADRIELLE','','','0986532622','','','SANTA RITA','',0,'true','true','false','false','false','','2018-11-03 17:43:57');
INSERT INTO `Personas` VALUES ('1a61cd0037427dcb670262eb19b42830','5489','DAIA HELMICH','','','0983535158','','','SANTA RITA','',0,'true','true','false','false','false','','2018-11-03 18:10:36');
INSERT INTO `Personas` VALUES ('e81404edb83bd1a201ed2a27fcda9bb6','758','KELLY','','','5647839','','','SANTA RITA','',0,'true','true','false','false','false','','2018-11-03 18:17:17');
INSERT INTO `Personas` VALUES ('def8f771d9eab7f7889dd829a980f6c0','56478','GILSOMAR DE LIMA','','','+595 983 537211','','','SANTA RITA','',0,'true','true','false','false','false','','2018-11-06 06:07:50');
INSERT INTO `Personas` VALUES ('813a0d39a4f1d284b770cb52f17fcb97','578491','PRICILA PAGNO','','','+595 983 509194','','','SANTA RITA','',0,'true','true','false','false','false','','2018-11-15 12:54:43');
INSERT INTO `Personas` VALUES ('d4f654378e37172dd90bc1c597a8b747','654515','ANGELICA HANSEN','','','0983774839','','','SANTA RITA','',0,'true','true','false','false','false','','2018-11-26 17:23:37');
INSERT INTO `Personas` VALUES ('e5fcddbc8195fe20f64a8e4ae47e877a','983508420','LIRIO JUAN','','','0983508420','','','SANTA RITA','',0,'true','true','false','false','false','','2019-01-04 17:50:14');
INSERT INTO `Personas` VALUES ('f1b3468d703520cef9583a2c50e54c2f','000021','DAIANE CONTE','','','0983572665','','','SANTA RITA','',0,'true','true','false','false','false','','2019-01-08 11:03:46');
INSERT INTO `Personas` VALUES ('71b80b8ea3818703071067be34bd042a','24654','CINTIA KLAMT','','','0983686599','','','SANTA RITA','',0,'true','true','false','false','false','','2019-01-08 11:34:52');
INSERT INTO `Personas` VALUES ('927489603e6669d4eb7eea7300e3d820','983 521762','GUILLERMO DRAKEFORD','','','983 521762','','','SANTA RITA','',0,'true','true','false','false','false','','2019-01-14 06:03:51');
INSERT INTO `Personas` VALUES ('fce1c628508f86cc056cb9bb53c48a30','983 529836','LUANA MICHELE GIORDANI','','','983 529836','','','SANTA RITA','',0,'true','true','false','false','false','','2019-01-14 14:57:28');
INSERT INTO `Personas` VALUES ('fcc27f7279a5e1af2dbba1a1255f440c','993 283846','ROBERT VEGA','','','993 283846','','','SANTA RITA','',0,'true','true','false','false','false','','2019-01-15 08:36:23');
INSERT INTO `Personas` VALUES ('0a2eef4317c8601cdf91236f182582e5','80071174-2','COLEGIO INTEGRAL PRIVADO CRECER S.A','','',' +595 983 388 883','','','SANTA RITA','',0,'true','true','false','false','false','','2019-01-17 06:28:22');
INSERT INTO `Personas` VALUES ('a6995de3d96f3cea57ff5e137c996470','983 647932','ROSANA BURGOS','','','+595 983 647932','','','SANTA RITA','',0,'true','true','false','false','false','','2019-01-18 06:56:28');
INSERT INTO `Personas` VALUES ('8a213305e2d633efca5828f830de5bd6','983 621001','PAULO WILMSEN','','','0983 621001','','','TAVAPY','',0,'true','true','false','false','false','','2019-01-21 08:36:39');
INSERT INTO `Personas` VALUES ('ebd46ff5d13a346bd2711599ede22730','040938','EVANICE','00000000','','+595 983 191220','','','SANTA RITA','',0,'true','true','false','false','false','','2019-01-28 18:38:59');
INSERT INTO `Personas` VALUES ('57409f72775363c22ce6fe256e6a5ba4','46446465','RAFAEL MOREIRA CARNEIRO','00000000','','26545449849','','','SANTA RITA','',0,'true','true','false','false','false','','2019-01-29 15:06:09');
DROP TABLE IF EXISTS `Pagos`;
CREATE TABLE IF NOT EXISTS `Pagos` (
	`c_id`	character ( 32 ) NOT NULL,
	`c_id_presupuesto`	character ( 32 ) NOT NULL,
	`c_id_persona_baja`	character ( 32 ),
	`c_id_medio_pago`	character ( 32 ),
	`n_id_moneda`	INTEGER NOT NULL,
	`n_valor`	numeric ( 15 , 5 ) NOT NULL,
	`d_fecha_pago`	date,
	`d_fecha_vcto`	date NOT NULL,
	`ts_insert`	timestamp DEFAULT (datetime('now','localtime')),
	PRIMARY KEY(`c_id`)
);
INSERT INTO `Pagos` VALUES ('5e45ad55418e65dcd4c2bc996fa9d0dd','3c0b3d060f72fc2ccfeba2d8365c5f9a',NULL,NULL,1,2512325,NULL,'2018-07-24','2018-07-24 11:33:03');
INSERT INTO `Pagos` VALUES ('8961ae1254ba62f008e5dcfa0a92fabd','3c0b3d060f72fc2ccfeba2d8365c5f9a',NULL,NULL,1,2512325,NULL,'2018-07-31','2018-07-24 11:33:03');
INSERT INTO `Pagos` VALUES ('27682a285554a7f37ef4fbba991a97bc','881c9dd4653877b99084e4d16214b306',NULL,NULL,1,2399465,NULL,'2018-07-24','2018-07-24 11:33:15');
INSERT INTO `Pagos` VALUES ('066e75133b9560e8a1a5164031e797f4','881c9dd4653877b99084e4d16214b306',NULL,NULL,1,2399465,NULL,'2018-07-31','2018-07-24 11:33:15');
INSERT INTO `Pagos` VALUES ('2da1ed27e1832f0186b525dfe52c4490','99f8ed19a70f6c27b30e7abb0fe8fed7','4d3cf125f58db7f95ea86c6c58835489','3',1,1180564,'2018-07-16','2018-07-24','2018-07-24 11:35:10');
INSERT INTO `Pagos` VALUES ('344480f5a409f42d0bed3e8103ec6f09','99f8ed19a70f6c27b30e7abb0fe8fed7','4d3cf125f58db7f95ea86c6c58835489','3',1,1180564,'2018-07-16','2018-07-31','2018-07-24 11:35:10');
INSERT INTO `Pagos` VALUES ('2af5471228998c8ebf25b99fb8afc702','e3ce09b0eb9d2ff8668d737917b40238','4d3cf125f58db7f95ea86c6c58835489','3',1,9010418,'2018-07-24','2018-07-24','2018-07-24 11:35:22');
INSERT INTO `Pagos` VALUES ('8e77a9accc3d71bbd662fe933c5f1156','e3ce09b0eb9d2ff8668d737917b40238','4d3cf125f58db7f95ea86c6c58835489','3',1,9010418,'2018-07-26','2018-07-31','2018-07-24 11:35:22');
INSERT INTO `Pagos` VALUES ('0aec4034f5744f66ed8f9775a238a798','6d3d5305478ce3758d08b32f5d57c7bd','4d3cf125f58db7f95ea86c6c58835489','3',1,185000,'2018-07-24','2018-07-24','2018-07-24 18:51:19');
INSERT INTO `Pagos` VALUES ('a77e0635e60c5902d4baf89a7b407007','5d8c480b4ca8b0493c44b54595585f97','4d3cf125f58db7f95ea86c6c58835489','3',1,74062,'2018-07-30','2018-07-26','2018-07-26 13:43:44');
INSERT INTO `Pagos` VALUES ('578f058835deecfa28830849820dac12','5d8c480b4ca8b0493c44b54595585f97','4d3cf125f58db7f95ea86c6c58835489','3',1,74062,'2018-07-30','2018-08-02','2018-07-26 13:43:44');
INSERT INTO `Pagos` VALUES ('ec69897309ce0ca19cd1acd85d5e6080','c6a1853dcb5c43d584175a135d588c71','4d3cf125f58db7f95ea86c6c58835489','1',1,400000,'2018-07-26','2018-07-26','2018-07-26 18:56:12');
INSERT INTO `Pagos` VALUES ('d62c86041faab9102942dca6c201ea34','c6a1853dcb5c43d584175a135d588c71','4d3cf125f58db7f95ea86c6c58835489','5',1,200000,'2018-07-26','2018-08-10','2018-07-26 18:56:12');
INSERT INTO `Pagos` VALUES ('a134d8a8ad50f54a5ffa26c3cee6618d','2ac27cd610476cb1558ea4be4a353242','4d3cf125f58db7f95ea86c6c58835489','1',1,853000,'2018-07-30','2018-07-26','2018-07-26 19:40:17');
INSERT INTO `Pagos` VALUES ('a55d48cf56d1df5b0bcdd71b7362d061','2de0356b869de08145b93aa1207726f5','4d3cf125f58db7f95ea86c6c58835489','1',1,440000,'2018-07-24','2018-07-17','2018-07-30 21:55:28');
INSERT INTO `Pagos` VALUES ('1a13091d7f83a11f898233bf0d1664a5','2de0356b869de08145b93aa1207726f5','4d3cf125f58db7f95ea86c6c58835489','1',1,440000,'2018-07-24','2018-07-24','2018-07-30 21:55:28');
INSERT INTO `Pagos` VALUES ('076ab2cc7925168f049394d30df78cd5','862ea138c39836710ad712e7258990b3','4d3cf125f58db7f95ea86c6c58835489','1',1,1683000,'2018-07-19','2018-07-31','2018-07-30 22:05:42');
INSERT INTO `Pagos` VALUES ('bc45a28a148d0a2e5e71bde7aa58a875','862ea138c39836710ad712e7258990b3','4d3cf125f58db7f95ea86c6c58835489','1',1,1683000,'2018-07-26','2018-08-15','2018-07-30 22:05:42');
INSERT INTO `Pagos` VALUES ('4fa460d90117ec4e6320c9abbe4c278f','9dc2c98ca29efab881f5a1980b6a132d',NULL,NULL,1,2283000,NULL,'2018-07-31','2018-07-30 22:57:30');
INSERT INTO `Pagos` VALUES ('83854e4d8d9cfde9b3ce95bb6aa94682','b301e4a0feacbc95436feda34c0d8547','27db769dedb578380962803f5f9a44b4','1',1,400000,'2018-07-26','2018-07-31','2018-07-31 08:46:01');
INSERT INTO `Pagos` VALUES ('f621b5941dc50e2ab8b209da5fdb9202','b301e4a0feacbc95436feda34c0d8547','4d3cf125f58db7f95ea86c6c58835489','1',1,466040,'2018-08-05','2018-08-15','2018-07-31 08:46:01');
INSERT INTO `Pagos` VALUES ('bc2bdc8e2a7bf5ed7735ba5b5aac0413','53d4f26b16d9d23f6cc655a0b8fb10ba','4d3cf125f58db7f95ea86c6c58835489','3',1,1500000,'2018-08-04','2018-07-31','2018-08-01 18:51:45');
INSERT INTO `Pagos` VALUES ('d70703882b61b6a24242bffbfbeb2627','f3cd101ede214634022265083bfc38b1',NULL,NULL,1,200000,NULL,'2018-08-01','2018-08-01 18:51:59');
INSERT INTO `Pagos` VALUES ('606783251925718d4aed34aa6ac249d3','f3cd101ede214634022265083bfc38b1',NULL,NULL,1,200000,NULL,'2018-08-03','2018-08-01 18:51:59');
INSERT INTO `Pagos` VALUES ('e5f9a07fe623baf0942eafa1d33c6c7d','552454a678503b180d5ad34cf50cafbd',NULL,NULL,1,410000,NULL,'2018-08-01','2018-08-01 18:52:10');
INSERT INTO `Pagos` VALUES ('d356e03a272be6bc1eabaa65af71bdb9','552454a678503b180d5ad34cf50cafbd',NULL,NULL,1,410000,NULL,'2018-08-03','2018-08-01 18:52:10');
INSERT INTO `Pagos` VALUES ('654071280dbad83b674ba34e56c6df55','ace9868caa902ba98def1ced28305b81',NULL,NULL,1,3138500,NULL,'2018-08-03','2018-08-03 08:53:31');
INSERT INTO `Pagos` VALUES ('2032ca9ac5a6b2522ce441cc38acf108','ace9868caa902ba98def1ced28305b81',NULL,NULL,1,3138500,NULL,'2018-08-18','2018-08-03 08:53:31');
INSERT INTO `Pagos` VALUES ('52122a5ae953ea4cb02420dd2889b833','6e21d3d4e7a2898a067886a76447430f',NULL,NULL,1,3498500,NULL,'2018-08-03','2018-08-03 09:01:23');
INSERT INTO `Pagos` VALUES ('6da3395a5ee3714235e3032d60616069','6e21d3d4e7a2898a067886a76447430f',NULL,NULL,1,3498500,NULL,'2018-08-18','2018-08-03 09:01:23');
INSERT INTO `Pagos` VALUES ('9850282993ae340420cb4dbe7a469eb2','ba60f74d881f9235358e15e0add8a96e',NULL,NULL,1,2818500,NULL,'2018-08-03','2018-08-03 09:01:39');
INSERT INTO `Pagos` VALUES ('7f83a89f85fbf32544e70a059b6c0076','ba60f74d881f9235358e15e0add8a96e',NULL,NULL,1,2818500,NULL,'2018-09-02','2018-08-03 09:01:39');
INSERT INTO `Pagos` VALUES ('b8e42e9374f225c8e5f6d062bd51ab27','b187a22eedcc8b1419f60084d4ff3105',NULL,NULL,1,3198500,NULL,'2018-08-03','2018-08-03 09:02:58');
INSERT INTO `Pagos` VALUES ('d2c63fa30255c60d87c1893251d87d6e','b187a22eedcc8b1419f60084d4ff3105',NULL,NULL,1,3198500,NULL,'2018-08-18','2018-08-03 09:02:58');
INSERT INTO `Pagos` VALUES ('b939bcd1d3fc2d48101d15e027886527','0c4f9dc2919c78d19713ce57f892e706',NULL,NULL,1,3678500,NULL,'2018-08-03','2018-08-03 09:57:50');
INSERT INTO `Pagos` VALUES ('263f94dfb8b9fe86f3cca0904ed72015','0c4f9dc2919c78d19713ce57f892e706',NULL,NULL,1,3678500,NULL,'2018-08-18','2018-08-03 09:57:50');
INSERT INTO `Pagos` VALUES ('a6db7b2896c32593f2c88976656ba076','ef14bc898157fb68382cc2653ce6c527',NULL,NULL,1,6747000,NULL,'2018-08-03','2018-08-03 09:58:59');
INSERT INTO `Pagos` VALUES ('c251cddfd6dc2b4231cb8bd689659d5d','ffdf40efd842540c126d4813240d0af0',NULL,NULL,1,2218500,NULL,'2018-08-03','2018-08-03 14:54:50');
INSERT INTO `Pagos` VALUES ('331b535cd0df725a4a96ffc293e42243','ffdf40efd842540c126d4813240d0af0',NULL,NULL,1,2218500,NULL,'2018-08-18','2018-08-03 14:54:50');
INSERT INTO `Pagos` VALUES ('7182b0bb0fd8d46c0669e3ed8e7ef021','d8c3d685145349c34d0431fd214596b7',NULL,NULL,1,5078000,NULL,'2018-08-03','2018-08-03 14:55:46');
INSERT INTO `Pagos` VALUES ('23c68a9a0e074e5b5a318d932af7bacc','1818571cdff7e098612b8aced5331466',NULL,NULL,1,2698000,NULL,'2018-08-03','2018-08-03 14:56:34');
INSERT INTO `Pagos` VALUES ('75d9fb645d83fd538ebd3baff2dc39c6','1818571cdff7e098612b8aced5331466',NULL,NULL,1,2698000,NULL,'2018-08-18','2018-08-03 14:56:34');
INSERT INTO `Pagos` VALUES ('b364dbbe9c65d42104d86db39c956c98','9b8c1d882673699ac9386fff314fff03',NULL,NULL,1,779500,NULL,'2018-08-04','2018-08-04 15:19:32');
INSERT INTO `Pagos` VALUES ('87968dab532f7d40abd9adc0ecd6d014','9b8c1d882673699ac9386fff314fff03',NULL,NULL,1,779500,NULL,'2018-08-19','2018-08-04 15:19:32');
INSERT INTO `Pagos` VALUES ('3a2e31bf07c27631667b07c1f581774f','68553c4506b3e3ff189de70047e9ea82',NULL,NULL,1,431000,NULL,'2018-08-07','2018-08-07 10:57:40');
INSERT INTO `Pagos` VALUES ('73c0fa3277ded47b00e69a2ca5ecfeb4','68553c4506b3e3ff189de70047e9ea82',NULL,NULL,1,431000,NULL,'2018-08-22','2018-08-07 10:57:40');
INSERT INTO `Pagos` VALUES ('76adc69f4c5a30437ffbe86e80e2d2c1','af62698523cfc7fc23752c4be7b5171f',NULL,NULL,1,612500,NULL,'2018-08-07','2018-08-07 11:18:05');
INSERT INTO `Pagos` VALUES ('01f194e3b37295d50f7da93accd335a3','af62698523cfc7fc23752c4be7b5171f',NULL,NULL,1,612500,NULL,'2018-08-27','2018-08-07 11:18:05');
INSERT INTO `Pagos` VALUES ('95f451cb8a6bb2535759d5da47c4c77f','a06d7e0ae8b915e05ea2921913bb2b61','4d3cf125f58db7f95ea86c6c58835489','3',1,52000,'2018-09-17','2018-08-07','2018-08-09 23:34:56');
INSERT INTO `Pagos` VALUES ('84bb8658a361e7bc6d2db69ec07462cf','a06d7e0ae8b915e05ea2921913bb2b61','4d3cf125f58db7f95ea86c6c58835489','3',1,52000,'2018-09-17','2018-08-22','2018-08-09 23:34:56');
INSERT INTO `Pagos` VALUES ('ec97e74d083c69d1cf03ff9efed5d7a9','341462318900f213d3029a9ee8bec762',NULL,NULL,1,847000,NULL,'2018-08-11','2018-08-11 14:00:06');
INSERT INTO `Pagos` VALUES ('ef0a4cd2acc1e3831e7367a6d825cd24','341462318900f213d3029a9ee8bec762',NULL,NULL,1,847000,NULL,'2018-08-26','2018-08-11 14:00:06');
INSERT INTO `Pagos` VALUES ('80ad8cef2c3d6ce6ee6ef3fb45988e79','4a47353553cff4d583db4640810db009','4d3cf125f58db7f95ea86c6c58835489','3',1,1580000,'2018-08-13','2018-08-13','2018-08-14 21:53:08');
INSERT INTO `Pagos` VALUES ('e4cadc342ef743cd559a1ac7f8b04abf','26e3a82b39a905439be2b43cdbd2f48e',NULL,NULL,1,3295500,NULL,'2018-08-15','2018-08-14 21:58:18');
INSERT INTO `Pagos` VALUES ('96614ba4e43081111d2e5fbabdf0e6ac','26e3a82b39a905439be2b43cdbd2f48e',NULL,NULL,1,3295500,NULL,'2018-08-30','2018-08-14 21:58:18');
INSERT INTO `Pagos` VALUES ('c2ea2f7656324f642718ab14fd4cf19d','7cb5afe1ae53ba707d403d0a95307019',NULL,NULL,2,1922,NULL,'2018-08-15','2018-08-15 12:13:52');
INSERT INTO `Pagos` VALUES ('fa69eb5c138d88352a7870e131f9f448','e1b84abcc9bacd473e1ace3a9d07255f','4d3cf125f58db7f95ea86c6c58835489','3',1,3500000,'2018-08-17','2018-08-06','2018-08-17 09:16:53');
INSERT INTO `Pagos` VALUES ('eb120ceae139a20284734b70a6f86aa4','e1b84abcc9bacd473e1ace3a9d07255f','4d3cf125f58db7f95ea86c6c58835489','1',1,2986000,'2018-09-17','2018-09-05','2018-08-17 09:16:53');
INSERT INTO `Pagos` VALUES ('7494b5892afbd8f99458adf15701cd4d','db7a0b382d18ed954fd1cde0d88cadb9','4d3cf125f58db7f95ea86c6c58835489','3',1,77000,'2018-09-17','2018-08-16','2018-08-18 12:06:23');
INSERT INTO `Pagos` VALUES ('5d66fe92aeb54be7837e6af338d4a478','db7a0b382d18ed954fd1cde0d88cadb9','4d3cf125f58db7f95ea86c6c58835489','3',1,77000,'2018-09-17','2018-08-31','2018-08-18 12:06:23');
INSERT INTO `Pagos` VALUES ('f9601a3d66bd5ff17d2e279c2972b8c9','d9dc668088bce7e81dc6aedcab6841ee',NULL,NULL,1,1800000,NULL,'2018-08-18','2018-08-18 12:11:36');
INSERT INTO `Pagos` VALUES ('767795f57776329a7f8e2799b0fd5a4c','d9dc668088bce7e81dc6aedcab6841ee',NULL,NULL,1,1800000,NULL,'2018-09-02','2018-08-18 12:11:36');
INSERT INTO `Pagos` VALUES ('0f09aa7ed84daa077c834a9e6f1d0e97','ae103119b7f2b6a9f385e246e3971565',NULL,NULL,1,1865000,NULL,'2018-08-18','2018-08-18 13:08:15');
INSERT INTO `Pagos` VALUES ('b6629e6d1ae7f7f107dd8d721ea87c20','ae103119b7f2b6a9f385e246e3971565',NULL,NULL,1,1865000,NULL,'2018-09-02','2018-08-18 13:08:15');
INSERT INTO `Pagos` VALUES ('e0bd230b5cb951d90ebba868e14ca6af','d22574482f952887e692459cfdf310be',NULL,NULL,1,477000,NULL,'2018-08-21','2018-08-21 15:37:35');
INSERT INTO `Pagos` VALUES ('76b7c59310cb53c36dcde6a13acee8f0','d22574482f952887e692459cfdf310be',NULL,NULL,1,477000,NULL,'2018-08-23','2018-08-21 15:37:35');
INSERT INTO `Pagos` VALUES ('050c6162da29bc561a5e590fa8a29d66','5abaff18ede83cc35ca4889ab6fd0475',NULL,NULL,1,538000,NULL,'2018-08-28','2018-08-28 07:13:07');
INSERT INTO `Pagos` VALUES ('8daf2327b2bf05a77f41d1b67c39fdef','5abaff18ede83cc35ca4889ab6fd0475',NULL,NULL,1,538000,NULL,'2018-09-12','2018-08-28 07:13:07');
INSERT INTO `Pagos` VALUES ('5e92a166ac66ae72e3a457ea3592d15e','bca752bad78a3d5ff4a94cbc9499ed84','868f9c0881d5a879a2f024128770de40','1',1,250000,'2018-08-27','2018-08-26','2018-08-28 11:20:19');
INSERT INTO `Pagos` VALUES ('ff1809ce6008150ef14ac704ec689ead','bca752bad78a3d5ff4a94cbc9499ed84','868f9c0881d5a879a2f024128770de40','1',1,250000,'2018-08-27','2018-09-10','2018-08-28 11:20:19');
INSERT INTO `Pagos` VALUES ('4ff9c384164b7fde56bb1399d1d2bb7b','11b2075a4ecfdd1de6ed5c832281294a',NULL,NULL,1,76500,NULL,'2018-08-30','2018-08-30 14:12:18');
INSERT INTO `Pagos` VALUES ('2ac1c7c2af8dc4f0bf573cfceb9de36f','11b2075a4ecfdd1de6ed5c832281294a',NULL,NULL,1,76500,NULL,'2018-09-14','2018-08-30 14:12:18');
INSERT INTO `Pagos` VALUES ('00a49ab6190d032634024750a00e99db','447ffb8b07427fb9854c21bfcca1c487',NULL,NULL,1,94500,NULL,'2018-08-30','2018-08-30 14:29:23');
INSERT INTO `Pagos` VALUES ('483df5d6c949258ef477b0461234cd6d','447ffb8b07427fb9854c21bfcca1c487',NULL,NULL,1,94500,NULL,'2018-09-14','2018-08-30 14:29:23');
INSERT INTO `Pagos` VALUES ('31a3918e7c5c3aa5fb90ceb4a193a395','ef58fb89645d89754fc32a121945d393',NULL,NULL,1,519500,NULL,'2018-09-02','2018-09-02 15:59:03');
INSERT INTO `Pagos` VALUES ('18d6283ba8a555bba207514dc087f3a4','ef58fb89645d89754fc32a121945d393',NULL,NULL,1,519500,NULL,'2018-09-17','2018-09-02 15:59:03');
INSERT INTO `Pagos` VALUES ('803f22911669eee610185989e7772904','127117b4989331b21e8f482f88f7da74',NULL,NULL,1,1467000,NULL,'2018-09-04','2018-09-03 20:17:54');
INSERT INTO `Pagos` VALUES ('7e18041fb8fc075ff3647d41a396d5bd','127117b4989331b21e8f482f88f7da74',NULL,NULL,1,1467000,NULL,'2018-09-06','2018-09-03 20:17:54');
INSERT INTO `Pagos` VALUES ('ac76a9e2c9acb46acd05a22b98fb7b72','01cc32f68e80bad831478fc63404dd8f','4d3cf125f58db7f95ea86c6c58835489','1',1,120000,'2018-09-13','2018-09-03','2018-09-07 16:51:41');
INSERT INTO `Pagos` VALUES ('243cb7ee671e52ba9732118965a89478','01cc32f68e80bad831478fc63404dd8f','4d3cf125f58db7f95ea86c6c58835489','1',1,120000,'2018-09-13','2018-09-10','2018-09-07 16:51:41');
INSERT INTO `Pagos` VALUES ('ec941565d944d8ace0a3b5d6fd2428d4','8c9afa97cb8da2b3a9daafb2264e606f',NULL,NULL,2,500,NULL,'2018-09-14','2018-09-12 21:34:41');
INSERT INTO `Pagos` VALUES ('161651588ff725ede7b8463a0e57e3fe','8c9afa97cb8da2b3a9daafb2264e606f',NULL,NULL,2,500,NULL,'2018-10-13','2018-09-12 21:34:41');
INSERT INTO `Pagos` VALUES ('ae1f3cdbb2b5672cc911bcc088b80d2d','8c9afa97cb8da2b3a9daafb2264e606f',NULL,NULL,2,500,NULL,'2018-11-12','2018-09-12 21:34:41');
INSERT INTO `Pagos` VALUES ('fc6854324b77ebf22732bd106da0a45e','8c9afa97cb8da2b3a9daafb2264e606f',NULL,NULL,2,500,NULL,'2018-12-12','2018-09-12 21:34:41');
INSERT INTO `Pagos` VALUES ('d05441fdbc1cc40a643bed90d73593a0','fe9cf3389f39bf85a6ff390a663523b6',NULL,NULL,2,704.5,NULL,'2018-09-13','2018-09-13 14:38:50');
INSERT INTO `Pagos` VALUES ('3f16d36ab733fb2babf610d464c31e2c','fe9cf3389f39bf85a6ff390a663523b6',NULL,NULL,2,704.5,NULL,'2018-09-15','2018-09-13 14:38:50');
INSERT INTO `Pagos` VALUES ('2546ee1dc80bfca5c5cf1e7a10a12d0c','2f99a90ff06690a4d24b6bb2d81330a7',NULL,NULL,2,421.5,NULL,'2018-09-13','2018-09-13 15:17:30');
INSERT INTO `Pagos` VALUES ('3e496a2bdbb4c48d8a73d7934c6fa6a0','2f99a90ff06690a4d24b6bb2d81330a7',NULL,NULL,2,421.5,NULL,'2018-09-15','2018-09-13 15:17:30');
INSERT INTO `Pagos` VALUES ('d6b5ec7ac323f9fae518bd2068b11a76','461c13c503a099be9ac308915912cb6b',NULL,NULL,2,497.5,NULL,'2018-09-13','2018-09-13 15:22:40');
INSERT INTO `Pagos` VALUES ('ae6175b74ddcf4b6a97c48e7d67fe6e3','461c13c503a099be9ac308915912cb6b',NULL,NULL,2,497.5,NULL,'2018-09-28','2018-09-13 15:22:40');
INSERT INTO `Pagos` VALUES ('6414248c03c2a81a8501e1f906fd7b6c','951824958b03bb194a44195532326209',NULL,NULL,2,893.16,NULL,'2018-09-13','2018-09-13 15:52:59');
INSERT INTO `Pagos` VALUES ('e8c7901beeebb495f019c24a93c44173','951824958b03bb194a44195532326209',NULL,NULL,2,893.16,NULL,'2018-09-15','2018-09-13 15:52:59');
INSERT INTO `Pagos` VALUES ('64226cc03fc37a2715af167d833d11ce','8b9a83d371e8ee42a9ac7f5de5670784',NULL,NULL,1,455000,NULL,'2018-09-14','2018-09-14 09:07:24');
INSERT INTO `Pagos` VALUES ('43bc4b4b2b47d4c448405e0f3b2e2050','8b9a83d371e8ee42a9ac7f5de5670784',NULL,NULL,1,455000,NULL,'2018-09-29','2018-09-14 09:07:24');
INSERT INTO `Pagos` VALUES ('04975ea7b0cac685cb78b208340e767f','6abefec4091d6ac977dbae47cf52ddae',NULL,NULL,2,92,NULL,'2018-09-17','2018-09-17 11:55:32');
INSERT INTO `Pagos` VALUES ('8ec470a5e34472f2306378e99f90ef17','6abefec4091d6ac977dbae47cf52ddae',NULL,NULL,2,92,NULL,'2018-10-02','2018-09-17 11:55:32');
INSERT INTO `Pagos` VALUES ('4373302ca163f881003ab0321a9471e1','3e9b4c944e5fc5abbfc3bbfa0bbc1efd',NULL,NULL,1,1688000,NULL,'2018-09-17','2018-09-17 14:53:00');
INSERT INTO `Pagos` VALUES ('a1dd4d0439e58729a4f37b9c39afb9a3','a88422c5a302dcd523254c3d510e6bf9',NULL,NULL,1,101500,NULL,'2018-09-17','2018-09-17 18:53:26');
INSERT INTO `Pagos` VALUES ('7ce5c7597cc287908bd0a79c3e610ddc','a88422c5a302dcd523254c3d510e6bf9',NULL,NULL,1,101500,NULL,'2018-10-02','2018-09-17 18:53:26');
INSERT INTO `Pagos` VALUES ('1a091a507601b6272b2d854543bbdb90','4e9688c1ffd569abed726d7f0202ed50',NULL,NULL,1,1066000,NULL,'2018-09-20','2018-09-20 10:03:29');
INSERT INTO `Pagos` VALUES ('a51ba336683922438e03024b83e237c1','4e9688c1ffd569abed726d7f0202ed50',NULL,NULL,1,1066000,NULL,'2018-10-05','2018-09-20 10:03:29');
INSERT INTO `Pagos` VALUES ('0cd8fe9b736a340482cafaa19e9c9a7d','7c2ba8ca08807f5ed2ed22b643d7817b',NULL,NULL,1,63000,NULL,'2018-09-20','2018-09-20 11:00:45');
INSERT INTO `Pagos` VALUES ('ddbb21aba41d4d65250a299f072525d5','7c2ba8ca08807f5ed2ed22b643d7817b',NULL,NULL,1,63000,NULL,'2018-10-05','2018-09-20 11:00:45');
INSERT INTO `Pagos` VALUES ('0e2cf8fade1458da93a68ffd083bddf9','34504c8f14608c2ea87bdf6783eeeda8',NULL,NULL,1,45000,NULL,'2018-09-20','2018-09-20 11:16:10');
INSERT INTO `Pagos` VALUES ('fea5e5ad189e44d96bcca5bfa31eb3ca','34504c8f14608c2ea87bdf6783eeeda8',NULL,NULL,1,45000,NULL,'2018-10-05','2018-09-20 11:16:10');
INSERT INTO `Pagos` VALUES ('12720385311b84609f5b77c2e961a68f','f84655ce8954d7801cee77ca00ecd77e',NULL,NULL,1,172500,NULL,'2018-09-21','2018-09-21 18:16:11');
INSERT INTO `Pagos` VALUES ('c75b155dbe9996fae02175b24a52d52e','f84655ce8954d7801cee77ca00ecd77e',NULL,NULL,1,172500,NULL,'2018-09-28','2018-09-21 18:16:11');
INSERT INTO `Pagos` VALUES ('8b99f265dbdff5da7783916dd791f986','d33962df8004ea459003a15c87025516','868f9c0881d5a879a2f024128770de40','1',1,2425000,'2018-09-17','2018-09-15','2018-09-21 18:20:59');
INSERT INTO `Pagos` VALUES ('dadc9066bdb894a6f21a6ed8906bec61','d33962df8004ea459003a15c87025516','868f9c0881d5a879a2f024128770de40','1',1,2300000,'2018-09-28','2018-09-30','2018-09-21 18:20:59');
INSERT INTO `Pagos` VALUES ('a2d2822d6bca53340174c2977356ceba','e72842202084743c990547434a0372cd',NULL,NULL,1,246500,NULL,'2018-09-24','2018-09-24 11:25:52');
INSERT INTO `Pagos` VALUES ('477ce3bdf24e9b8bd47ae9bc92b93523','e72842202084743c990547434a0372cd',NULL,NULL,1,246500,NULL,'2018-10-09','2018-09-24 11:25:52');
INSERT INTO `Pagos` VALUES ('965bb7a4e46fde75fe35c9792b362fc3','ae46d3dd64dec8ed1ef657be527d747d','4d3cf125f58db7f95ea86c6c58835489','1',1,138000,'2018-09-24','2018-09-24','2018-09-24 11:56:06');
INSERT INTO `Pagos` VALUES ('9f9f51a4d888e4299ef59710f529888a','ae46d3dd64dec8ed1ef657be527d747d','4d3cf125f58db7f95ea86c6c58835489','1',1,138000,'2018-09-24','2018-10-09','2018-09-24 11:56:06');
INSERT INTO `Pagos` VALUES ('12847a5f8759fa4b09217fa353d9ebc3','edc03ac699ab0018b0bbf7467691d47f',NULL,NULL,1,955000,NULL,'2018-09-25','2018-09-25 17:14:54');
INSERT INTO `Pagos` VALUES ('528ac2390bf89be2fcf2a2f768c6f5a0','edc03ac699ab0018b0bbf7467691d47f',NULL,NULL,1,955000,NULL,'2018-10-10','2018-09-25 17:14:54');
INSERT INTO `Pagos` VALUES ('5059105023a1878b9664cc8966b1ee3f','1438af59b946b82e437d05eb174c7b8e',NULL,NULL,1,2405500,NULL,'2018-09-29','2018-09-29 11:36:37');
INSERT INTO `Pagos` VALUES ('71c2c919b36a59fd26077772a15acec3','1438af59b946b82e437d05eb174c7b8e',NULL,NULL,1,2405500,NULL,'2018-10-14','2018-09-29 11:36:37');
INSERT INTO `Pagos` VALUES ('122529ff4f641f067177d47b31158590','1992b4059fce8765d65ba5e221be286c',NULL,NULL,2,394,NULL,'2018-09-29','2018-09-29 12:01:08');
INSERT INTO `Pagos` VALUES ('fffc44dcbb4497e0f03ad76b3c2bbb17','1992b4059fce8765d65ba5e221be286c',NULL,NULL,2,394,NULL,'2018-10-14','2018-09-29 12:01:08');
INSERT INTO `Pagos` VALUES ('a5b47040d18a97f95d4382fadff19945','64a5415996ef5a7bad914bf108e3b500',NULL,NULL,1,226000,NULL,'2018-10-01','2018-10-01 11:38:04');
INSERT INTO `Pagos` VALUES ('95b2cfd4ca9fc55bb380acb252ed5e65','64a5415996ef5a7bad914bf108e3b500',NULL,NULL,1,226000,NULL,'2018-10-16','2018-10-01 11:38:04');
INSERT INTO `Pagos` VALUES ('9222a20335fa261344f0672a363eae30','41ddc97d33402cf52d67bdd286e77dd8',NULL,NULL,1,5353000,NULL,'2018-10-03','2018-10-03 08:46:37');
INSERT INTO `Pagos` VALUES ('b828fd900903fad063e418932a6deb38','993604f1217ac0bc49f59df04ddc8996',NULL,NULL,1,174000,NULL,'2018-10-03','2018-10-03 09:11:01');
INSERT INTO `Pagos` VALUES ('3976f025f66fb60bb37f0b5edbea389f','993604f1217ac0bc49f59df04ddc8996',NULL,NULL,1,174000,NULL,'2018-10-10','2018-10-03 09:11:01');
INSERT INTO `Pagos` VALUES ('c99af3929470050c58546b91a68aa067','b5c046086dfc652e36c5c65f8aa3421e',NULL,NULL,2,423,NULL,'2018-10-03','2018-10-03 09:17:00');
INSERT INTO `Pagos` VALUES ('2cd7b3c5ab4d2010f81aa34d6735cb26','fa5828d0687853316d9a3a01f465fdc9',NULL,NULL,2,278,NULL,'2018-10-03','2018-10-03 09:19:18');
INSERT INTO `Pagos` VALUES ('f9f63f2e5229d281c0855d282e6529d0','ef08305bb5fee973b9979db985f4c9f9',NULL,NULL,2,604,NULL,'2018-10-03','2018-10-03 17:10:31');
INSERT INTO `Pagos` VALUES ('bf72b302610168a41a6d90c73a3a8e94','ffed87834974d3119dd9e88cc517a337',NULL,NULL,2,85,NULL,'2018-10-03','2018-10-03 17:17:54');
INSERT INTO `Pagos` VALUES ('98ab61101fe704a1210d1f2127a3fbb3','ffed87834974d3119dd9e88cc517a337',NULL,NULL,2,85,NULL,'2018-10-18','2018-10-03 17:17:54');
INSERT INTO `Pagos` VALUES ('79a6b2ecd23438530fdde78053cab936','abe6ee8e5fe71cc4657daf67a255800c',NULL,NULL,2,68.5,NULL,'2018-10-03','2018-10-03 17:20:48');
INSERT INTO `Pagos` VALUES ('90edbea9413ae2ff89242a0179a5982a','abe6ee8e5fe71cc4657daf67a255800c',NULL,NULL,2,68.5,NULL,'2018-10-18','2018-10-03 17:20:48');
INSERT INTO `Pagos` VALUES ('fbd5ef4ca5a20501a0c9de3e29547423','3dea1a8f4357a19c93958dd927487008',NULL,NULL,1,551000,NULL,'2018-10-03','2018-10-03 17:53:04');
INSERT INTO `Pagos` VALUES ('d08834072ca58976e354d40247e50a29','3dea1a8f4357a19c93958dd927487008',NULL,NULL,1,551000,NULL,'2018-10-18','2018-10-03 17:53:04');
INSERT INTO `Pagos` VALUES ('076a5448c61b8deb751cad9f7f82e586','e83e7930be6b09edf9f407f1a158417e','4d3cf125f58db7f95ea86c6c58835489','3',1,61000,'2018-11-01','2018-10-09','2018-10-09 20:10:13');
INSERT INTO `Pagos` VALUES ('620cf6751287725e9335317f57eb2dc8','e83e7930be6b09edf9f407f1a158417e','4d3cf125f58db7f95ea86c6c58835489','3',1,61000,'2018-11-01','2018-10-24','2018-10-09 20:10:13');
INSERT INTO `Pagos` VALUES ('878aad6ae24ac35ea16f8e7d0daa6477','bf55ba2e4c7a0ce3359c0a73bf38607c','4d3cf125f58db7f95ea86c6c58835489','1',1,33500,'2018-11-13','2018-10-18','2018-10-18 14:57:43');
INSERT INTO `Pagos` VALUES ('e651a08e90dc01fca84d0b3faadd5a09','bf55ba2e4c7a0ce3359c0a73bf38607c','4d3cf125f58db7f95ea86c6c58835489','1',1,33500,'2018-11-13','2018-11-02','2018-10-18 14:57:43');
INSERT INTO `Pagos` VALUES ('2470dbada813ee7f6b1a4e330885c89a','399f62c120ed7c58c489fc8647f99381',NULL,NULL,1,82500,NULL,'2018-10-22','2018-10-22 07:09:25');
INSERT INTO `Pagos` VALUES ('2af871b9e81522e167184dd4640003d7','399f62c120ed7c58c489fc8647f99381',NULL,NULL,1,82500,NULL,'2018-10-29','2018-10-22 07:09:25');
INSERT INTO `Pagos` VALUES ('dc870a3596852822c1d53d48b2daec13','352a5f87d3aac66470dd86f30421a5ac',NULL,NULL,1,838500,NULL,'2018-10-22','2018-10-22 07:20:53');
INSERT INTO `Pagos` VALUES ('2a5869c530dd0c5ae9bf214eff86bfc2','352a5f87d3aac66470dd86f30421a5ac',NULL,NULL,1,838500,NULL,'2018-11-06','2018-10-22 07:20:53');
INSERT INTO `Pagos` VALUES ('64d15800a24c9fbc65b0c3a14ba366a6','c051906542f44c0b5c2eaa6a491f4f3d',NULL,NULL,2,202.18,NULL,'2018-10-24','2018-10-24 10:01:24');
INSERT INTO `Pagos` VALUES ('496217459038980517aa00631c16effd','c051906542f44c0b5c2eaa6a491f4f3d',NULL,NULL,2,202.18,NULL,'2018-11-08','2018-10-24 10:01:24');
INSERT INTO `Pagos` VALUES ('a288f9999349398f45db558f430fa61c','35512a45a6d5d170e62e066b3664f2b1',NULL,NULL,2,120.53,NULL,'2018-10-24','2018-10-24 10:05:09');
INSERT INTO `Pagos` VALUES ('8771e7cff9f3664f8ac9d49621a3068f','35512a45a6d5d170e62e066b3664f2b1',NULL,NULL,2,120.53,NULL,'2018-11-08','2018-10-24 10:05:09');
INSERT INTO `Pagos` VALUES ('acde0096852ded99e723b1caf2ccbee0','9bb67f198d3cdbe2f143b6069312d0de','868f9c0881d5a879a2f024128770de40','1',1,803000,'2018-10-25','2018-10-24','2018-10-25 08:07:24');
INSERT INTO `Pagos` VALUES ('f5ef0257b035248ac8cacfc3b21af8f9','9bb67f198d3cdbe2f143b6069312d0de','868f9c0881d5a879a2f024128770de40','1',1,802000,'2018-11-13','2018-11-08','2018-10-25 08:07:24');
INSERT INTO `Pagos` VALUES ('5ef8a5f2e0aafa5aa03f640676d3abdc','c0694fe1a97aaae0ea9c4b62d6b3f7fa','868f9c0881d5a879a2f024128770de40','1',1,160000,'2018-10-23','2018-10-24','2018-10-25 08:07:52');
INSERT INTO `Pagos` VALUES ('d7f97ffc5d084937975a881e0ad1bd81','c0694fe1a97aaae0ea9c4b62d6b3f7fa','868f9c0881d5a879a2f024128770de40','1',1,390000,'2018-11-07','2018-11-08','2018-10-25 08:07:52');
INSERT INTO `Pagos` VALUES ('616027628605db1275e59998b1837ba0','5abb372f3f0639b8f994f2e96630fc8e','4d3cf125f58db7f95ea86c6c58835489','3',1,177500,'2018-10-24','2018-10-22','2018-10-25 08:08:08');
INSERT INTO `Pagos` VALUES ('dc83e9fc568a5aa175bfa9b8c3dc7606','5abb372f3f0639b8f994f2e96630fc8e','4d3cf125f58db7f95ea86c6c58835489','3',1,177500,'2018-10-24','2018-10-29','2018-10-25 08:08:08');
INSERT INTO `Pagos` VALUES ('61c4e727f0ce3fb1155dedd591915b22','0afc10cc4c9cdb096a957d38dd1b47c8',NULL,NULL,1,231500,NULL,'2018-10-25','2018-10-25 13:44:34');
INSERT INTO `Pagos` VALUES ('f0182cbf910ab40a722d391771454105','0afc10cc4c9cdb096a957d38dd1b47c8',NULL,NULL,1,231500,NULL,'2018-10-27','2018-10-25 13:44:34');
INSERT INTO `Pagos` VALUES ('ceb5374274975cf1499d38bfc897a81f','9099a79893fdd7bb87fb09207d9931d3','4d3cf125f58db7f95ea86c6c58835489','3',1,370000,'2018-11-02','2018-11-02','2018-11-02 07:36:07');
INSERT INTO `Pagos` VALUES ('15f980fae399e37b07bdee3006c89fb7','4898baa270e9b5afce5271f2fee90fe4',NULL,NULL,1,64500,NULL,'2018-11-02','2018-11-02 12:00:00');
INSERT INTO `Pagos` VALUES ('b8f16088210bd9acecbba28b3b338d2e','4898baa270e9b5afce5271f2fee90fe4',NULL,NULL,1,64500,NULL,'2018-11-17','2018-11-02 12:00:00');
INSERT INTO `Pagos` VALUES ('d45b9d47d8771a32ebebecd41ca9f3c5','2ba5d7c626617a6853c4be4bac158dd1',NULL,NULL,1,311000,NULL,'2018-11-03','2018-11-03 09:28:53');
INSERT INTO `Pagos` VALUES ('4c651c3b5adda61ee40ffb05b829b61f','2ba5d7c626617a6853c4be4bac158dd1',NULL,NULL,1,311000,NULL,'2018-11-18','2018-11-03 09:28:53');
INSERT INTO `Pagos` VALUES ('95c23aa97ab123170ff7902abbef6ff7','40083e21178a44774594f713376f3d9e',NULL,NULL,1,284000,NULL,'2018-11-03','2018-11-03 13:56:35');
INSERT INTO `Pagos` VALUES ('78841602559f8a1ab366997624af7e50','40083e21178a44774594f713376f3d9e',NULL,NULL,1,284000,NULL,'2018-11-18','2018-11-03 13:56:35');
INSERT INTO `Pagos` VALUES ('e97181a4cb7b8b1fc6c15a9326a56255','9501c60461dd6ae848ee47e3b05e61ca',NULL,NULL,2,580,NULL,'2018-11-03','2018-11-03 16:28:22');
INSERT INTO `Pagos` VALUES ('ed5c1967fa6dcbbd5abdd4e1884beb38','b89f3ee0d1c7162f4cca998af742b2a3',NULL,NULL,1,1308500,NULL,'2018-11-03','2018-11-03 17:29:54');
INSERT INTO `Pagos` VALUES ('bd5d3bc743141df2972e9171c0aaa0c0','b89f3ee0d1c7162f4cca998af742b2a3',NULL,NULL,1,1308500,NULL,'2018-11-18','2018-11-03 17:29:54');
INSERT INTO `Pagos` VALUES ('098b749cd0b215c3e593fbf5a2ca6709','91d5b397d6860978571f3d3468d023a9',NULL,NULL,1,3157000,NULL,'2018-11-03','2018-11-03 17:38:35');
INSERT INTO `Pagos` VALUES ('9cc72348d41a99ebfcd9e9626c12a281','91d5b397d6860978571f3d3468d023a9',NULL,NULL,1,3157000,NULL,'2018-11-18','2018-11-03 17:38:35');
INSERT INTO `Pagos` VALUES ('e3b98f85e81c04abcdc15429f237369f','35b02cec5f75812e8f6181c96265a6b8',NULL,NULL,1,3047000,NULL,'2018-11-03','2018-11-03 17:48:38');
INSERT INTO `Pagos` VALUES ('f7ccf99bcb228550bb82bf0583d4b87a','35b02cec5f75812e8f6181c96265a6b8',NULL,NULL,1,3047000,NULL,'2018-11-18','2018-11-03 17:48:38');
INSERT INTO `Pagos` VALUES ('4c9c355eada470192e088fdec3ad6489','52bec8a8df1e68af6927ba2cfd8c8748',NULL,NULL,1,3320000,NULL,'2018-11-03','2018-11-03 17:52:23');
INSERT INTO `Pagos` VALUES ('1914f09afbb188778d9e587023392852','52bec8a8df1e68af6927ba2cfd8c8748',NULL,NULL,1,3320000,NULL,'2018-11-18','2018-11-03 17:52:23');
INSERT INTO `Pagos` VALUES ('f765e060538388ebfa0443a400d303af','7751886e0ca52172f37dbfca0e9c6a61',NULL,NULL,1,3835000,NULL,'2018-11-03','2018-11-03 17:54:43');
INSERT INTO `Pagos` VALUES ('41d620cf845a99937921f6e9cf5cdfd5','7751886e0ca52172f37dbfca0e9c6a61',NULL,NULL,1,3835000,NULL,'2018-11-18','2018-11-03 17:54:43');
INSERT INTO `Pagos` VALUES ('540e567f4f50d92ef84abdcefa86506d','c9ab57af0ec4d953b183f4c0303dfbbc',NULL,NULL,1,4415000,NULL,'2018-11-03','2018-11-03 17:58:24');
INSERT INTO `Pagos` VALUES ('783e8afeac044211573a16c6ae40a037','c9ab57af0ec4d953b183f4c0303dfbbc',NULL,NULL,1,4415000,NULL,'2018-11-18','2018-11-03 17:58:24');
INSERT INTO `Pagos` VALUES ('c002279ddd22ec488b7bab8fdf7ddc28','7a3e4d2e1dc5953efe47b5e1ad0de349',NULL,NULL,1,3303000,NULL,'2018-11-03','2018-11-03 18:23:36');
INSERT INTO `Pagos` VALUES ('d6672099d922ea6cb0d812bb1fc11c40','7a3e4d2e1dc5953efe47b5e1ad0de349',NULL,NULL,1,3303000,NULL,'2018-11-18','2018-11-03 18:23:36');
INSERT INTO `Pagos` VALUES ('219defc103a94bb9aa923e071088368f','bd89346b23a3618135dbf3765f2c11ca',NULL,NULL,1,3303000,NULL,'2018-11-03','2018-11-03 18:26:13');
INSERT INTO `Pagos` VALUES ('ac68523107eba305b0b83c1a394e423c','bd89346b23a3618135dbf3765f2c11ca',NULL,NULL,1,3303000,NULL,'2018-11-18','2018-11-03 18:26:13');
INSERT INTO `Pagos` VALUES ('667ab33680fedbf7600bfc0412e363f0','c958f2e19ae15cdde055606c348c3a65',NULL,NULL,1,3930000,NULL,'2018-11-03','2018-11-03 18:27:57');
INSERT INTO `Pagos` VALUES ('88035978416f5a9718907ce80dfdede6','c958f2e19ae15cdde055606c348c3a65',NULL,NULL,1,3930000,NULL,'2018-11-18','2018-11-03 18:27:57');
INSERT INTO `Pagos` VALUES ('3aa60d8038081b7cad869e25b8771cbe','4f37da024999dde27d0e9d3bff3cb292','868f9c0881d5a879a2f024128770de40','1',1,996000,'2018-10-31','2018-10-12','2018-11-03 18:34:31');
INSERT INTO `Pagos` VALUES ('b42dd8d34abb8604b655cd7a49f8504c','4f37da024999dde27d0e9d3bff3cb292','868f9c0881d5a879a2f024128770de40','1',1,996000,'2018-10-31','2018-10-27','2018-11-03 18:34:31');
INSERT INTO `Pagos` VALUES ('68d3f5d4ea6b67509aebe9bf715afe8d','85fde4a74af77205a9705632d34ddccb',NULL,NULL,1,1275000,NULL,'2018-11-06','2018-11-06 06:10:48');
INSERT INTO `Pagos` VALUES ('ce60e80acc20c5735690155a72176833','85fde4a74af77205a9705632d34ddccb',NULL,NULL,1,1275000,NULL,'2018-11-21','2018-11-06 06:10:48');
INSERT INTO `Pagos` VALUES ('ee2eb86328f5c8ff7f86c532e1a52633','fc468e20fe2de7f4436056837a084b27',NULL,NULL,2,201,NULL,'2018-11-06','2018-11-06 06:18:47');
INSERT INTO `Pagos` VALUES ('a574534913382e873082ae3683ba7f35','fc468e20fe2de7f4436056837a084b27',NULL,NULL,2,201,NULL,'2018-11-21','2018-11-06 06:18:47');
INSERT INTO `Pagos` VALUES ('bcea3440b7bd36736840014c28ab3c2a','67f41aab1038e8b157fbe24676ff090c',NULL,NULL,2,586,NULL,'2018-11-12','2018-11-12 07:29:08');
INSERT INTO `Pagos` VALUES ('69b9b494def821884127dc04644f747e','67f41aab1038e8b157fbe24676ff090c',NULL,NULL,2,586,NULL,'2018-12-12','2018-11-12 07:29:08');
INSERT INTO `Pagos` VALUES ('4cba192ce447e78a70f0696e46f9082e','775a297bb676c9a526a32a98ce63e895',NULL,NULL,1,459000,NULL,'2018-11-15','2018-11-15 13:31:20');
INSERT INTO `Pagos` VALUES ('81fe261c75cbef2e424fb59e4dee7a13','775a297bb676c9a526a32a98ce63e895',NULL,NULL,1,459000,NULL,'2018-11-30','2018-11-15 13:31:20');
INSERT INTO `Pagos` VALUES ('a50d6769bbe7f34ccd9422419721ed46','f2e5409df5198fb47872b83e9237cab8',NULL,NULL,1,2869500,NULL,'2018-11-22','2018-11-22 06:02:41');
INSERT INTO `Pagos` VALUES ('a7f1b646d42414933d9cc2a5243193bc','f2e5409df5198fb47872b83e9237cab8',NULL,NULL,1,2869500,NULL,'2018-12-22','2018-11-22 06:02:41');
INSERT INTO `Pagos` VALUES ('0722f53b0cb981ea90f60841a2817b3c','46c36f1a067100e7fa60b2b79c8a9f20',NULL,NULL,2,392.5,NULL,'2018-11-26','2018-11-26 07:08:29');
INSERT INTO `Pagos` VALUES ('87bc650d9f352d3e474da45cf629c5df','46c36f1a067100e7fa60b2b79c8a9f20',NULL,NULL,2,392.5,NULL,'2018-11-28','2018-11-26 07:08:29');
INSERT INTO `Pagos` VALUES ('958744e23b561ec47959f8dcecc8ebd0','8b6727a43287a8bb771d9c0a5ede44c8',NULL,NULL,1,283500,NULL,'2018-11-26','2018-11-26 17:25:23');
INSERT INTO `Pagos` VALUES ('d99c05e261e58a34e1fe51b0ce9a6f46','8b6727a43287a8bb771d9c0a5ede44c8',NULL,NULL,1,283500,NULL,'2018-12-11','2018-11-26 17:25:23');
INSERT INTO `Pagos` VALUES ('3e1127b8dad58665eaa304b458be9ecf','fff085162b850dab9a4269a544aed03b','868f9c0881d5a879a2f024128770de40','1',1,45500,'2018-12-03','2018-11-27','2018-11-27 07:17:31');
INSERT INTO `Pagos` VALUES ('9c674d8119004f411c5ebd343f8ce543','fff085162b850dab9a4269a544aed03b','4d3cf125f58db7f95ea86c6c58835489','1',1,45500,'2018-12-03','2018-12-04','2018-11-27 07:17:31');
INSERT INTO `Pagos` VALUES ('f4717a03f38c5c91b2347ac3ae4a26b1','fe6a8df29169152ffdd4572725ca6f16','868f9c0881d5a879a2f024128770de40','1',1,40000,'2018-12-03','2018-11-13','2018-11-27 07:23:36');
INSERT INTO `Pagos` VALUES ('dce79de838534c222ebd8cc4fb15dca0','fe6a8df29169152ffdd4572725ca6f16','868f9c0881d5a879a2f024128770de40','1',1,40000,'2018-12-03','2018-12-07','2018-11-27 07:23:36');
INSERT INTO `Pagos` VALUES ('5b58be021228a095370e76ceac8a6f53','15ca54b60ff85ef945f4947a5eda075a',NULL,NULL,1,1446000,NULL,'2018-12-05','2018-12-05 04:36:49');
INSERT INTO `Pagos` VALUES ('e273b0d6975a0c16316327f1f1d67363','15ca54b60ff85ef945f4947a5eda075a',NULL,NULL,1,1446000,NULL,'2019-02-04','2018-12-05 04:36:49');
INSERT INTO `Pagos` VALUES ('c5bdf58cb77d3674667f00f73c7c63b5','a75b628dcbe6fcd232c2af065de45404',NULL,NULL,2,247.5,NULL,'2018-12-05','2018-12-05 05:30:28');
INSERT INTO `Pagos` VALUES ('070c5c2c01cc6674976073185a325ba6','a75b628dcbe6fcd232c2af065de45404',NULL,NULL,2,247.5,NULL,'2018-12-12','2018-12-05 05:30:28');
INSERT INTO `Pagos` VALUES ('c87e506652517ed61ad12e148a6ae07e','ccc57c9e9837157d4992a00ea86c9638',NULL,NULL,1,1532000,NULL,'2018-12-06','2018-12-06 12:42:24');
INSERT INTO `Pagos` VALUES ('11149a34b7478d27663b57d0fb90f62e','ccc57c9e9837157d4992a00ea86c9638',NULL,NULL,1,1532000,NULL,'2018-12-21','2018-12-06 12:42:24');
INSERT INTO `Pagos` VALUES ('52b474288010ddb0b822775a8edfae30','c4272f1a4503d4a85f8086abda192df2',NULL,NULL,2,1040,NULL,'2018-12-10','2018-12-10 08:19:19');
INSERT INTO `Pagos` VALUES ('097e27445084d480c208c4ef044f8375','e97ec924ac402d4709137efa14830f70',NULL,NULL,2,1235,NULL,'2018-12-10','2018-12-10 08:20:27');
INSERT INTO `Pagos` VALUES ('8514b0fbf7184ca728df8f4bfc59efc9','3eddb9433acbdce1e02b641977a80bc1',NULL,NULL,2,880.25,NULL,'2018-12-10','2018-12-10 08:30:53');
INSERT INTO `Pagos` VALUES ('21be2af9d7b52eb4271738cd4e694699','3eddb9433acbdce1e02b641977a80bc1',NULL,NULL,2,880.25,NULL,'2018-12-17','2018-12-10 08:30:53');
INSERT INTO `Pagos` VALUES ('130705d5f38bb07d082073cb89c11673','610b2ea1167540afa715eaab65bd665a',NULL,NULL,2,747.83,NULL,'2018-12-10','2018-12-10 08:32:48');
INSERT INTO `Pagos` VALUES ('ae3bf2e3a9fa453892fd2d2fab654550','610b2ea1167540afa715eaab65bd665a',NULL,NULL,2,747.83,NULL,'2018-12-17','2018-12-10 08:32:48');
INSERT INTO `Pagos` VALUES ('5775bc9df5389155913eae0c6dfbd7ee','008a16cc78e32dbd1f2480eea90b96f5',NULL,NULL,1,1100000,NULL,'2018-12-11','2018-12-11 07:33:22');
INSERT INTO `Pagos` VALUES ('3107bc37922ac26bd10211e2d7161d17','56929221a93bd2968caa1b7d60c30a7a',NULL,NULL,2,360,NULL,'2019-01-04','2019-01-04 12:03:26');
INSERT INTO `Pagos` VALUES ('10ea10cfecbc4b5c1ebad5e8983e153f','56929221a93bd2968caa1b7d60c30a7a',NULL,NULL,2,360,NULL,'2019-01-19','2019-01-04 12:03:26');
INSERT INTO `Pagos` VALUES ('497cea1f7ccc51770a62e38e1f2ae664','f76408acb8d3ef9fd8cc9dbb7186284a',NULL,NULL,2,490,NULL,'2019-01-04','2019-01-04 12:04:39');
INSERT INTO `Pagos` VALUES ('87f8b87464995bc982ce59565b569a27','f76408acb8d3ef9fd8cc9dbb7186284a',NULL,NULL,2,490,NULL,'2019-01-19','2019-01-04 12:04:39');
INSERT INTO `Pagos` VALUES ('fed34976585315b48660f78abbb47856','f728d176884af090290bf558f1c9cc3c',NULL,NULL,2,338.5,NULL,'2019-01-04','2019-01-04 12:13:42');
INSERT INTO `Pagos` VALUES ('0e243b28006c4385a177b179a5f4be21','f728d176884af090290bf558f1c9cc3c',NULL,NULL,2,338.5,NULL,'2019-01-19','2019-01-04 12:13:42');
INSERT INTO `Pagos` VALUES ('d6b902c18c831fc6014e740b1040473a','da5ab03d107e7c834571fd2e0d9897a5',NULL,NULL,2,218,NULL,'2019-01-04','2019-01-04 12:23:35');
INSERT INTO `Pagos` VALUES ('ecb139ffd350d8d9e1b81e9dc3cdcc83','da5ab03d107e7c834571fd2e0d9897a5',NULL,NULL,2,218,NULL,'2019-01-19','2019-01-04 12:23:35');
INSERT INTO `Pagos` VALUES ('585fd10358f269bbf15f50e270f8db75','eb7e5b117dee65e1c7343b884b498d52',NULL,NULL,1,2834000,NULL,'2019-01-04','2019-01-04 17:51:12');
INSERT INTO `Pagos` VALUES ('370f781711e6b05dff57a3c6163966b9','5cabe26fc1ca1c1187bd6aa05338f8fe','4d3cf125f58db7f95ea86c6c58835489','3',2,605.8,'2019-01-08','2019-01-05','2019-01-05 07:07:14');
INSERT INTO `Pagos` VALUES ('b0bb8777aa907e743416565fa59ae56e','55fb34f1b3db0bff8244c4843182b02d',NULL,NULL,1,3422000,NULL,'2019-01-08','2019-01-08 11:12:13');
INSERT INTO `Pagos` VALUES ('2de05b084cdffe7b1f4c58b6ed679a51','55fb34f1b3db0bff8244c4843182b02d',NULL,NULL,1,3422000,NULL,'2019-01-23','2019-01-08 11:12:13');
INSERT INTO `Pagos` VALUES ('576f4f62f95729267471e6bb5baed64c','191f62848b2e45465a376f481a0ef85d',NULL,NULL,1,4523000,NULL,'2019-01-08','2019-01-08 11:17:49');
INSERT INTO `Pagos` VALUES ('cbbd3e170e785c1675a1476a29e7de04','191f62848b2e45465a376f481a0ef85d',NULL,NULL,1,4523000,NULL,'2019-01-23','2019-01-08 11:17:49');
INSERT INTO `Pagos` VALUES ('c8b00f6011c18e3a0da0790b0200ea15','6bda134d7babcf5b1e3c287e428c966b',NULL,NULL,1,130500,NULL,'2019-01-08','2019-01-08 11:36:03');
INSERT INTO `Pagos` VALUES ('0b60f4fe719db7d168ddbe304456cc0e','6bda134d7babcf5b1e3c287e428c966b',NULL,NULL,1,130500,NULL,'2019-01-23','2019-01-08 11:36:03');
INSERT INTO `Pagos` VALUES ('7d62a798d1a879973d11dcdbf0a754fb','407a2276277b2690f1a423fedb53296f','4d3cf125f58db7f95ea86c6c58835489','3',2,233,'2019-01-09','2019-01-09','2019-01-09 04:22:55');
INSERT INTO `Pagos` VALUES ('c04e999d099d66905c7b50893cc5ca0c','26664088bff94205edc17b29e4e1c5c7',NULL,NULL,1,536577,NULL,'2019-01-09','2019-01-09 11:30:23');
INSERT INTO `Pagos` VALUES ('0dbcb32f3f1ede9bca5abbb61a66a94a','26664088bff94205edc17b29e4e1c5c7',NULL,NULL,1,536577,NULL,'2019-01-24','2019-01-09 11:30:23');
INSERT INTO `Pagos` VALUES ('1c05e6f0cf2012d7c07c968f599a9b70','8005b8c11121d50c3a92fbe691b17c0a',NULL,NULL,1,650000,NULL,'2019-01-14','2019-01-14 06:11:45');
INSERT INTO `Pagos` VALUES ('603fe2a41649aace9f225998b128f15a','8005b8c11121d50c3a92fbe691b17c0a',NULL,NULL,1,661000,NULL,'2019-01-29','2019-01-14 06:11:45');
INSERT INTO `Pagos` VALUES ('9bfa5b936afe3df4a0cb45c767d78424','4f540b6e05b08d0682fbfbffc11f02e4',NULL,NULL,1,1800000,NULL,'2019-01-14','2019-01-14 15:00:19');
INSERT INTO `Pagos` VALUES ('ba505d777950db5e9ab3f45f86ca7252','4f540b6e05b08d0682fbfbffc11f02e4',NULL,NULL,1,1800000,NULL,'2019-01-21','2019-01-14 15:00:19');
INSERT INTO `Pagos` VALUES ('c6977b1603f1153c9019c936c1d441be','e4f0f2ab82f28b5a9880fb97bbf90d62',NULL,NULL,1,4000000,NULL,'2019-01-15','2019-01-15 06:16:47');
INSERT INTO `Pagos` VALUES ('45cd2d8ed5fae536f4a28521f4759c98','adb494d0dcc2d8186137afeb28d2f647',NULL,NULL,1,371667,NULL,'2019-01-15','2019-01-15 08:41:29');
INSERT INTO `Pagos` VALUES ('fc2d05d0209996ff11f636205ec8d69c','adb494d0dcc2d8186137afeb28d2f647',NULL,NULL,1,371667,NULL,'2019-02-14','2019-01-15 08:41:29');
INSERT INTO `Pagos` VALUES ('172ceffdc7e771e9f03dd45415165bef','adb494d0dcc2d8186137afeb28d2f647',NULL,NULL,1,371667,NULL,'2019-03-16','2019-01-15 08:41:29');
INSERT INTO `Pagos` VALUES ('0e056529a1a8c22d6ae26aa27fcfe575','adb494d0dcc2d8186137afeb28d2f647',NULL,NULL,1,371667,NULL,'2019-04-15','2019-01-15 08:41:29');
INSERT INTO `Pagos` VALUES ('0777a225450e9000888361d6922854cf','adb494d0dcc2d8186137afeb28d2f647',NULL,NULL,1,371667,NULL,'2019-05-15','2019-01-15 08:41:29');
INSERT INTO `Pagos` VALUES ('14109fc1aaae73f4406834c83e73cd81','adb494d0dcc2d8186137afeb28d2f647',NULL,NULL,1,371667,NULL,'2019-06-14','2019-01-15 08:41:29');
INSERT INTO `Pagos` VALUES ('8acef5e90c8f64fece93d909bffc9ca9','50580f9dc48e7933a91756c123344b2e',NULL,NULL,1,291167,NULL,'2019-01-15','2019-01-15 09:07:37');
INSERT INTO `Pagos` VALUES ('66892117f887a01789040ecd72a7aa6a','50580f9dc48e7933a91756c123344b2e',NULL,NULL,1,291167,NULL,'2019-02-14','2019-01-15 09:07:37');
INSERT INTO `Pagos` VALUES ('6d574510463b631d0f1c1f22f404572c','50580f9dc48e7933a91756c123344b2e',NULL,NULL,1,291167,NULL,'2019-03-16','2019-01-15 09:07:37');
INSERT INTO `Pagos` VALUES ('c75e9fc56571d2bb2df60479e25b9495','50580f9dc48e7933a91756c123344b2e',NULL,NULL,1,291167,NULL,'2019-04-15','2019-01-15 09:07:37');
INSERT INTO `Pagos` VALUES ('147e95812dc160cf5d030fb1206291f5','50580f9dc48e7933a91756c123344b2e',NULL,NULL,1,291167,NULL,'2019-05-15','2019-01-15 09:07:37');
INSERT INTO `Pagos` VALUES ('abba77af921f3c8c8946286dfd2b8544','50580f9dc48e7933a91756c123344b2e',NULL,NULL,1,291167,NULL,'2019-06-14','2019-01-15 09:07:37');
INSERT INTO `Pagos` VALUES ('fd04a2cfb430acb565fbfd03ada9459f','2536e3e6350473989350324acdbb9251',NULL,NULL,1,346334,NULL,'2019-01-15','2019-01-15 09:16:31');
INSERT INTO `Pagos` VALUES ('1199e2a1f3aaff8cfb3302ca403d5819','2536e3e6350473989350324acdbb9251',NULL,NULL,1,346334,NULL,'2019-02-14','2019-01-15 09:16:31');
INSERT INTO `Pagos` VALUES ('dbcceb848560480ffd0f447f1b1d1d71','2536e3e6350473989350324acdbb9251',NULL,NULL,1,346333,NULL,'2019-03-16','2019-01-15 09:16:31');
INSERT INTO `Pagos` VALUES ('5cc28bd0f01e7cb218661bde9462d10c','2536e3e6350473989350324acdbb9251',NULL,NULL,1,346333,NULL,'2019-04-15','2019-01-15 09:16:31');
INSERT INTO `Pagos` VALUES ('a63c6e9fb5fb51a813570a1ab200f318','2536e3e6350473989350324acdbb9251',NULL,NULL,1,346333,NULL,'2019-05-15','2019-01-15 09:16:31');
INSERT INTO `Pagos` VALUES ('b64f6d1bd3664af986b48a0ddbe921dc','2536e3e6350473989350324acdbb9251',NULL,NULL,1,346333,NULL,'2019-06-14','2019-01-15 09:16:31');
INSERT INTO `Pagos` VALUES ('c1174e00bc46fec184f165f80f05b802','b30da8a268c9e421d2cf9743c4ea1ae5','4d3cf125f58db7f95ea86c6c58835489','3',2,749,'2019-01-15','2019-01-15','2019-01-15 09:21:38');
INSERT INTO `Pagos` VALUES ('628c39a28e91fb7ef6e88e063995454f','e09cec4a010561a46fea07caf756459f',NULL,NULL,1,210333,NULL,'2019-01-16','2019-01-16 03:44:37');
INSERT INTO `Pagos` VALUES ('139bc16d984b1f496efbf60bd7468496','e09cec4a010561a46fea07caf756459f',NULL,NULL,1,210333,NULL,'2019-02-15','2019-01-16 03:44:37');
INSERT INTO `Pagos` VALUES ('d73e03e478bfbf9a5c5d2a48dda213a6','e09cec4a010561a46fea07caf756459f',NULL,NULL,1,210333,NULL,'2019-03-17','2019-01-16 03:44:37');
INSERT INTO `Pagos` VALUES ('504c87933a44c4054d038ab5b6555e94','e09cec4a010561a46fea07caf756459f',NULL,NULL,1,210333,NULL,'2019-04-16','2019-01-16 03:44:37');
INSERT INTO `Pagos` VALUES ('36a3b7ff723b79c5aaa3dbfe2d23430a','e09cec4a010561a46fea07caf756459f',NULL,NULL,1,210333,NULL,'2019-05-16','2019-01-16 03:44:37');
INSERT INTO `Pagos` VALUES ('04d7ef15c989d20964c172864be5425f','e09cec4a010561a46fea07caf756459f',NULL,NULL,1,210335,NULL,'2019-06-15','2019-01-16 03:44:37');
INSERT INTO `Pagos` VALUES ('cb13191210b67cb7b68556aca656cff0','dc93589b08fb80dcffaf1ed6128b45e2',NULL,NULL,1,258000,NULL,'2019-01-16','2019-01-16 03:45:13');
INSERT INTO `Pagos` VALUES ('af30c5b677441168d881d16a2395e8f2','dc93589b08fb80dcffaf1ed6128b45e2',NULL,NULL,1,258000,NULL,'2019-02-15','2019-01-16 03:45:13');
INSERT INTO `Pagos` VALUES ('f8e8df8dba71c4fcd7a01a05d0372d05','dc93589b08fb80dcffaf1ed6128b45e2',NULL,NULL,1,258000,NULL,'2019-03-17','2019-01-16 03:45:13');
INSERT INTO `Pagos` VALUES ('2ba6fa155cde748076266a87a19acf01','dc93589b08fb80dcffaf1ed6128b45e2',NULL,NULL,1,258000,NULL,'2019-04-16','2019-01-16 03:45:13');
INSERT INTO `Pagos` VALUES ('486a3346a247b57574e785d9a41b710c','dc93589b08fb80dcffaf1ed6128b45e2',NULL,NULL,1,258000,NULL,'2019-05-16','2019-01-16 03:45:13');
INSERT INTO `Pagos` VALUES ('8b59e284be94930ba803c673cff2b797','dc93589b08fb80dcffaf1ed6128b45e2',NULL,NULL,1,258000,NULL,'2019-06-15','2019-01-16 03:45:13');
INSERT INTO `Pagos` VALUES ('695b86babdac8280a4f0414516dfa128','90dfd20c01943eac40ffba7f56ff4a10',NULL,NULL,1,251333,NULL,'2019-01-16','2019-01-16 03:45:34');
INSERT INTO `Pagos` VALUES ('4e56737c4f1318d5e415a1a86731330b','90dfd20c01943eac40ffba7f56ff4a10',NULL,NULL,1,251333,NULL,'2019-01-23','2019-01-16 03:45:34');
INSERT INTO `Pagos` VALUES ('6becbdeea41c620ca5f1589873de8d53','90dfd20c01943eac40ffba7f56ff4a10',NULL,NULL,1,251333,NULL,'2019-01-30','2019-01-16 03:45:34');
INSERT INTO `Pagos` VALUES ('2a01cd29c339d4226385da28eb8e771f','90dfd20c01943eac40ffba7f56ff4a10',NULL,NULL,1,251333,NULL,'2019-02-06','2019-01-16 03:45:34');
INSERT INTO `Pagos` VALUES ('c369e8af9db6d0fc653af6fd23d5b5f8','90dfd20c01943eac40ffba7f56ff4a10',NULL,NULL,1,251334,NULL,'2019-02-13','2019-01-16 03:45:34');
INSERT INTO `Pagos` VALUES ('89d61047ac7bf432bc12a192571a1630','90dfd20c01943eac40ffba7f56ff4a10',NULL,NULL,1,251334,NULL,'2019-02-20','2019-01-16 03:45:34');
INSERT INTO `Pagos` VALUES ('af6b9af5cac6b7ac7827cb87b93e586e','9e2df186232b3ca8ea816046702041cb','4d3cf125f58db7f95ea86c6c58835489','1',1,352440,'2019-01-15','2019-01-15','2019-01-16 16:54:02');
INSERT INTO `Pagos` VALUES ('c6696cd528756a22aff366ec054c0508','9e2df186232b3ca8ea816046702041cb',NULL,NULL,1,352440,NULL,'2019-02-14','2019-01-16 16:54:02');
INSERT INTO `Pagos` VALUES ('14c27d328ba6934cf4c35bfa3a89974a','9e2df186232b3ca8ea816046702041cb',NULL,NULL,1,352440,NULL,'2019-03-16','2019-01-16 16:54:02');
INSERT INTO `Pagos` VALUES ('5639cc519d387bec2f52e6c4ca492c0c','9e2df186232b3ca8ea816046702041cb',NULL,NULL,1,352440,NULL,'2019-04-15','2019-01-16 16:54:02');
INSERT INTO `Pagos` VALUES ('cd886c5102123a0b7b8208c287cc6e59','9e2df186232b3ca8ea816046702041cb',NULL,NULL,1,352440,NULL,'2019-05-15','2019-01-16 16:54:02');
INSERT INTO `Pagos` VALUES ('3e91f4c683b4a064b97b422be05b099e','9e2df186232b3ca8ea816046702041cb',NULL,NULL,1,352440,NULL,'2019-06-14','2019-01-16 16:54:02');
INSERT INTO `Pagos` VALUES ('c2aaa2ac522ff518fe9942e459aa2cdc','91adba186e77e9912c0c4e438b369fc2',NULL,NULL,1,996847,NULL,'2019-01-17','2019-01-17 06:41:04');
INSERT INTO `Pagos` VALUES ('d65ef0f080fb41e6dbbac07bf69abd62','c26ffaf671e481c4bc1edb14fe424cfc',NULL,NULL,1,115000,NULL,'2019-01-18','2019-01-18 05:18:58');
INSERT INTO `Pagos` VALUES ('0f29ec15571f714882896ff32e18a2b2','ada127a97ed3f51df148fb72ba9c2ce6',NULL,NULL,1,265833,NULL,'2019-01-18','2019-01-18 06:57:53');
INSERT INTO `Pagos` VALUES ('865869772651a8ca7f2c3ca02c0276c0','ada127a97ed3f51df148fb72ba9c2ce6',NULL,NULL,1,265833,NULL,'2019-02-17','2019-01-18 06:57:53');
INSERT INTO `Pagos` VALUES ('021b0d2e39d8201724d669c318df0065','ada127a97ed3f51df148fb72ba9c2ce6',NULL,NULL,1,265833,NULL,'2019-03-19','2019-01-18 06:57:53');
INSERT INTO `Pagos` VALUES ('6840e69070a69b6b170fc64e8a6ec625','ada127a97ed3f51df148fb72ba9c2ce6',NULL,NULL,1,265833,NULL,'2019-04-18','2019-01-18 06:57:53');
INSERT INTO `Pagos` VALUES ('d6efe58bcdef0c662f448a065e62bc4c','ada127a97ed3f51df148fb72ba9c2ce6',NULL,NULL,1,265833,NULL,'2019-05-18','2019-01-18 06:57:53');
INSERT INTO `Pagos` VALUES ('02ea46bc8bdd8bf5c3d13c4eefd3179b','ada127a97ed3f51df148fb72ba9c2ce6',NULL,NULL,1,265835,NULL,'2019-06-17','2019-01-18 06:57:53');
INSERT INTO `Pagos` VALUES ('6634a4a797e61396a91ea16b23b2e0be','1386e3f5aa1c129885326f8d53eb6870',NULL,NULL,1,578000,NULL,'2019-01-21','2019-01-21 08:39:46');
INSERT INTO `Pagos` VALUES ('82e9bfc734b5d347feeb63c79fcf8ac3','b74f4a94cf51a7da98b86ba01460663f',NULL,NULL,1,814000,NULL,'2019-01-21','2019-01-21 08:41:44');
INSERT INTO `Pagos` VALUES ('4bce5344ce76654a1e65df1c93021ef5','927dd29e2eaa5dc40097acf46b886f71',NULL,NULL,1,538500,NULL,'2019-01-29','2019-01-28 18:42:53');
INSERT INTO `Pagos` VALUES ('e304415f59498754d2228c4c10069b6a','927dd29e2eaa5dc40097acf46b886f71',NULL,NULL,1,538500,NULL,'2019-02-13','2019-01-28 18:42:53');
INSERT INTO `Pagos` VALUES ('9156b03fad8d31ea3af4ec03dfe988f3','40426f6dc301c74afc432b3f24f2590a',NULL,NULL,1,3303500,NULL,'2019-01-29','2019-01-28 19:03:45');
INSERT INTO `Pagos` VALUES ('4a22848ed70656285f1f33465d13dc2f','40426f6dc301c74afc432b3f24f2590a',NULL,NULL,1,3303500,NULL,'2019-02-13','2019-01-28 19:03:45');
INSERT INTO `Pagos` VALUES ('35fec26bc7d86ec81283b4ad4ffdaa57','579f59ac50b2e679af101d459dbdfe35','4d3cf125f58db7f95ea86c6c58835489','1',1,150631,'2019-02-03','2019-02-05','2019-01-29 07:00:31');
INSERT INTO `Pagos` VALUES ('3f7bbdba013f115344a65d4e4ecea60d','579f59ac50b2e679af101d459dbdfe35',NULL,NULL,1,150631,NULL,'2019-03-05','2019-01-29 07:00:31');
INSERT INTO `Pagos` VALUES ('dc0e2f2eefb721776c99c0d4fa5f3a3a','579f59ac50b2e679af101d459dbdfe35',NULL,NULL,1,150631,NULL,'2019-04-05','2019-01-29 07:00:31');
INSERT INTO `Pagos` VALUES ('f0212c2336566042e6e4b6ec54a14c14','579f59ac50b2e679af101d459dbdfe35',NULL,NULL,1,150631,NULL,'2019-05-05','2019-01-29 07:00:31');
INSERT INTO `Pagos` VALUES ('68902552f6edf5fcd4b5b883134d4bdd','579f59ac50b2e679af101d459dbdfe35',NULL,NULL,1,150631,NULL,'2019-06-05','2019-01-29 07:00:31');
INSERT INTO `Pagos` VALUES ('567e2e27da15a4bf7cd6378b192d50e7','579f59ac50b2e679af101d459dbdfe35',NULL,NULL,1,150631,NULL,'2019-07-05','2019-01-29 07:00:31');
INSERT INTO `Pagos` VALUES ('9241da593decf82bea56c4a5ddf74251','579f59ac50b2e679af101d459dbdfe35',NULL,NULL,1,150632,NULL,'2019-08-05','2019-01-29 07:00:31');
INSERT INTO `Pagos` VALUES ('2b313fe60ac3bec75abe31505a7832f9','ae3ab411b905939bf5234add937d9db8',NULL,NULL,2,78.9,NULL,'2019-01-29','2019-01-29 07:17:36');
INSERT INTO `Pagos` VALUES ('55279b10d362f5faca98cc2ab95c2d90','8f7422c4ca5efb4fe3c09b83f4c679ff',NULL,NULL,1,4686000,NULL,'2019-01-29','2019-01-29 08:59:54');
INSERT INTO `Pagos` VALUES ('13514b9ec8294a216d00454f6677bc29','53558c6c7c912d0e21c062c80f3c4771',NULL,NULL,1,270510,NULL,'2019-01-29','2019-01-29 15:30:38');
INSERT INTO `Pagos` VALUES ('42fa079fc73e6a36ae49b00b930728f1','53558c6c7c912d0e21c062c80f3c4771',NULL,NULL,1,270510,NULL,'2019-02-28','2019-01-29 15:30:38');
INSERT INTO `Pagos` VALUES ('39161af9ffa79c5801e70240d7a9e68d','53558c6c7c912d0e21c062c80f3c4771',NULL,NULL,1,270510,NULL,'2019-03-30','2019-01-29 15:30:38');
INSERT INTO `Pagos` VALUES ('bc639b6bde0bb26abb888b550311844b','53558c6c7c912d0e21c062c80f3c4771',NULL,NULL,1,270510,NULL,'2019-04-29','2019-01-29 15:30:38');
INSERT INTO `Pagos` VALUES ('fdae7fbab735f6edc87abff83007cd43','53558c6c7c912d0e21c062c80f3c4771',NULL,NULL,1,270510,NULL,'2019-05-29','2019-01-29 15:30:38');
INSERT INTO `Pagos` VALUES ('afd2ff5c01522918c328d2ce8e121d86','53558c6c7c912d0e21c062c80f3c4771',NULL,NULL,1,270510,NULL,'2019-06-28','2019-01-29 15:30:38');
INSERT INTO `Pagos` VALUES ('33166c6cb840f8a2bb91a3b9dcd8bff4','68151c806f3613331565f0b1c81e9766',NULL,NULL,1,297638.66666667,NULL,'2019-01-29','2019-01-29 17:05:29');
INSERT INTO `Pagos` VALUES ('e345d609579562461587a824ec30682d','68151c806f3613331565f0b1c81e9766',NULL,NULL,1,297638.66666667,NULL,'2019-02-04','2019-01-29 17:05:29');
INSERT INTO `Pagos` VALUES ('daafd9e8970664823d39a046237888f3','68151c806f3613331565f0b1c81e9766',NULL,NULL,1,297638.66666667,NULL,'2019-02-10','2019-01-29 17:05:30');
INSERT INTO `Pagos` VALUES ('6157708e1c1470171de406399db7be26','68151c806f3613331565f0b1c81e9766',NULL,NULL,1,297638.66666667,NULL,'2019-02-16','2019-01-29 17:05:30');
INSERT INTO `Pagos` VALUES ('69efe82251ec4d78c8e6c40e50107c40','68151c806f3613331565f0b1c81e9766',NULL,NULL,1,297638.66666667,NULL,'2019-02-22','2019-01-29 17:05:30');
INSERT INTO `Pagos` VALUES ('84220df3e8dec6667214de06e84eb499','68151c806f3613331565f0b1c81e9766',NULL,NULL,1,297638.66666667,NULL,'2019-02-28','2019-01-29 17:05:30');
INSERT INTO `Pagos` VALUES ('da9609bbacae3b02c81bb3922fe646a8','71523875bfc13ae57817cf0337934638','4d3cf125f58db7f95ea86c6c58835489','3',1,1100000,'2019-01-05','2019-01-05','2019-02-05 17:13:42');
INSERT INTO `Pagos` VALUES ('fddcfbd1ffb2ea8f9de89d4b7f8a18f8','71523875bfc13ae57817cf0337934638','4d3cf125f58db7f95ea86c6c58835489','3',1,1100000,'2019-02-01','2019-02-07','2019-02-05 17:13:42');
INSERT INTO `Pagos` VALUES ('29db2b767bf55d964008854842afb0a1','71523875bfc13ae57817cf0337934638',NULL,NULL,1,1100000,NULL,'2019-03-06','2019-02-05 17:13:42');
INSERT INTO `Pagos` VALUES ('96b328e75012e8a324ab4c6b2eb1d8d1','71523875bfc13ae57817cf0337934638',NULL,NULL,1,1100000,NULL,'2019-04-06','2019-02-05 17:13:42');
INSERT INTO `Pagos` VALUES ('6e2e1030d8f489b411287102833c42f7','71523875bfc13ae57817cf0337934638',NULL,NULL,1,1100000,NULL,'2019-05-05','2019-02-05 17:13:42');
INSERT INTO `Pagos` VALUES ('cd647f51ea6c57ad36619a0a8b165520','71523875bfc13ae57817cf0337934638',NULL,NULL,1,1100000,NULL,'2019-06-05','2019-02-05 17:13:42');
INSERT INTO `Pagos` VALUES ('cebba6d304fd930b81e50b2a691a1b5c','71523875bfc13ae57817cf0337934638',NULL,NULL,1,1100000,NULL,'2019-07-04','2019-02-05 17:13:42');
INSERT INTO `Pagos` VALUES ('cd47b1f6f4a414f3d27f29ec17293cc4','2a8ca9e244e3ec89678c958e067bceca',NULL,NULL,1,920000,NULL,'2019-02-05','2019-02-05 17:15:19');
DROP TABLE IF EXISTS `Monedas`;
CREATE TABLE IF NOT EXISTS `Monedas` (
	`n_id`	INTEGER NOT NULL,
	`c_descripcion`	character ( 30 ),
	`b_activo`	BOOLEAN DEFAULT true,
	`ts_insert`	timestamp DEFAULT (datetime('now','localtime')),
	PRIMARY KEY(`n_id`)
);
INSERT INTO `Monedas` VALUES (1,'GUARANI','true','2018-07-05 14:45:54');
INSERT INTO `Monedas` VALUES (2,'DOLAR','true','2018-07-05 14:45:54');
DROP TABLE IF EXISTS `Mercaderias_subgrupo`;
CREATE TABLE IF NOT EXISTS `Mercaderias_subgrupo` (
	`c_id`	character ( 32 ) NOT NULL,
	`c_descripcion`	character ( 25 ),
	`ts_insert`	timestamp DEFAULT (datetime('now','localtime')),
	PRIMARY KEY(`c_id`)
);
INSERT INTO `Mercaderias_subgrupo` VALUES ('1','TODOS','2018-07-05 07:49:23');
INSERT INTO `Mercaderias_subgrupo` VALUES ('2','MONTAIN BIKES','2018-07-05 07:49:23');
INSERT INTO `Mercaderias_subgrupo` VALUES ('511a875c01d429a16b2aa827d51264a4','CELULARES','2018-07-11 14:07:47');
INSERT INTO `Mercaderias_subgrupo` VALUES ('99781e3e7dfd3a7c79220f0e750af211','CHAMPION','2018-07-14 10:50:15');
INSERT INTO `Mercaderias_subgrupo` VALUES ('d3cc481ae81dafadd7a30b61e90d9b89','TABLET','2018-07-14 10:51:40');
INSERT INTO `Mercaderias_subgrupo` VALUES ('43dd10f3f2648b002e0df481d826d8a0','SMARTWATCH','2018-07-14 10:56:37');
INSERT INTO `Mercaderias_subgrupo` VALUES ('22ee7cee73c2f6dbb648edfe57130611','MONITORES','2018-07-21 01:57:43');
INSERT INTO `Mercaderias_subgrupo` VALUES ('78404a7ca3ffa7d1e0af9d0649847793','NOTEBOOK','2018-07-21 02:02:16');
INSERT INTO `Mercaderias_subgrupo` VALUES ('17435be9782a0fda93310357ade19cb6','LENTES','2018-07-21 12:08:14');
INSERT INTO `Mercaderias_subgrupo` VALUES ('c4ea59b770541e93bbb7d625cf9b0511','BATERIA','2018-07-26 13:30:03');
INSERT INTO `Mercaderias_subgrupo` VALUES ('d3d4bf92a874fe75c36b4f0aebce0308','RELOJ','2018-07-30 22:01:26');
INSERT INTO `Mercaderias_subgrupo` VALUES ('4703143eacaf3ee3e972085b88712819','SILLA','2018-08-01 08:50:38');
INSERT INTO `Mercaderias_subgrupo` VALUES ('3ed59349af3c0ee7c3f2094e4b7e1a5c','VEHCULOS','2018-08-04 15:10:00');
INSERT INTO `Mercaderias_subgrupo` VALUES ('605905d0ca17ecea9bd4d2d979cccc94','PESO','2018-08-06 19:01:03');
INSERT INTO `Mercaderias_subgrupo` VALUES ('3a7e9eb76660ca9cc467c1f9f96350b0','LAMPARA','2018-08-06 19:45:33');
INSERT INTO `Mercaderias_subgrupo` VALUES ('d4b7d5333c101965f81bd2e3c187b581','UNHAS','2018-09-17 11:00:32');
INSERT INTO `Mercaderias_subgrupo` VALUES ('67f16a8be18a69b19adf3bb29bf6ee63','TEA','2018-10-09 15:37:04');
INSERT INTO `Mercaderias_subgrupo` VALUES ('2b00163d421a09febf20f561233426f8','PANELAS','2018-10-23 08:24:52');
INSERT INTO `Mercaderias_subgrupo` VALUES ('68952ae20ae221fdf94a9b6bbbf92288','MASSAGEM','2018-10-25 13:26:02');
INSERT INTO `Mercaderias_subgrupo` VALUES ('71bcb1979da6adbce4eaa1bb8fb5748e','CHUTEIRA','2018-11-03 09:24:45');
INSERT INTO `Mercaderias_subgrupo` VALUES ('961a820e489f9764a2e991620e1d0c9a','BONECAS','2018-11-03 13:35:59');
INSERT INTO `Mercaderias_subgrupo` VALUES ('f833929fa71b1b19a2278dd7d1e94a90','IPAD','2018-11-12 07:25:34');
INSERT INTO `Mercaderias_subgrupo` VALUES ('64994a610a61e854244b722defac4e69','CANETA','2018-11-12 07:26:46');
INSERT INTO `Mercaderias_subgrupo` VALUES ('1ff1c4070bd50046e40856201a61602e','ACCESORIOS','2019-01-04 12:11:17');
INSERT INTO `Mercaderias_subgrupo` VALUES ('9121274ba92926e182e6ba1e736a56e7','MICROFONO','2019-01-14 06:06:25');
INSERT INTO `Mercaderias_subgrupo` VALUES ('8327ccb1c8546c1edecae51da198854e','SSD','2019-01-21 08:22:19');
DROP TABLE IF EXISTS `Mercaderias_marca`;
CREATE TABLE IF NOT EXISTS `Mercaderias_marca` (
	`c_id`	character ( 32 ) NOT NULL,
	`c_descripcion`	character ( 25 ),
	`ts_insert`	timestamp DEFAULT (datetime('now','localtime')),
	PRIMARY KEY(`c_id`)
);
INSERT INTO `Mercaderias_marca` VALUES ('1','TODAS','2018-07-05 07:46:51');
INSERT INTO `Mercaderias_marca` VALUES ('2','SAMSUNG','2018-07-05 07:46:51');
INSERT INTO `Mercaderias_marca` VALUES ('36a85c73b3768d741be5df178871e292','LG','2018-07-11 14:08:17');
INSERT INTO `Mercaderias_marca` VALUES ('9a575682a1ca647be4fd5de671e2e4a9','SPECIALIZED','2018-07-14 10:55:07');
INSERT INTO `Mercaderias_marca` VALUES ('a63449d2d914423d390d56af1485f8fa','APPLE','2018-07-14 10:55:48');
INSERT INTO `Mercaderias_marca` VALUES ('75b1f836252aed34063a1d82dcfde0ea','VERIZON','2018-07-14 10:57:28');
INSERT INTO `Mercaderias_marca` VALUES ('a6cda74cdbb93a8a5aecd2c9acb9403f','AOC','2018-07-21 01:57:02');
INSERT INTO `Mercaderias_marca` VALUES ('aeca4f28150bac4e06cbd7d042412ee8','DELL','2018-07-21 02:01:53');
INSERT INTO `Mercaderias_marca` VALUES ('ad21fa85e2df6bf333f0b85294777eb1','RAY-BAN','2018-07-21 12:20:03');
INSERT INTO `Mercaderias_marca` VALUES ('803140824abab96678ab57351a0c47a9','ACER','2018-07-21 14:33:42');
INSERT INTO `Mercaderias_marca` VALUES ('99b03cd17e5e906d0ebf6f23c71131d8','XIAOMI','2018-07-30 21:52:51');
INSERT INTO `Mercaderias_marca` VALUES ('411c3ecbe3f975296552fdd1c2fa38cb','TISSOT','2018-07-30 22:01:26');
INSERT INTO `Mercaderias_marca` VALUES ('d9bd887b018bf8a92b52eca0175c6bdf','DAFE STORE','2018-08-01 08:50:38');
INSERT INTO `Mercaderias_marca` VALUES ('46271a10b760891a1b1020f0394a923d','MOR','2018-08-01 09:12:15');
INSERT INTO `Mercaderias_marca` VALUES ('75d010e458a5f86ab649779f8d384cc2','FORD','2018-08-04 15:10:00');
INSERT INTO `Mercaderias_marca` VALUES ('068fe1ccfd54722a8475bb5783ac5938','HENKEYI','2018-08-04 15:15:08');
INSERT INTO `Mercaderias_marca` VALUES ('aa59b281f9b53c42c67ae873fc8cb8f6','MYWAY','2018-08-06 19:01:03');
INSERT INTO `Mercaderias_marca` VALUES ('31253451b96064b8f9d67a6afd2d0f91','NOVA MICRODERMABRASION','2018-08-06 19:45:33');
INSERT INTO `Mercaderias_marca` VALUES ('6d8d48aa8696617899ae8ee6937d5284','BENTOBEN','2018-08-07 07:44:29');
INSERT INTO `Mercaderias_marca` VALUES ('4aedcd554a17d6951f169a9f46f94e39','FILA','2018-08-07 11:12:14');
INSERT INTO `Mercaderias_marca` VALUES ('7af61e23a72e369944dcdd2ade4b6bd3','MERCURIAL','2018-08-11 13:58:14');
INSERT INTO `Mercaderias_marca` VALUES ('50b0b1dcec5a30d59dacb03437e73967','TONES','2018-09-17 11:00:32');
INSERT INTO `Mercaderias_marca` VALUES ('ea226245acbde62e4a3e81669937caad','CHEVROLET','2018-09-19 22:14:17');
INSERT INTO `Mercaderias_marca` VALUES ('5a86a051c3aba71f7fe073cf973b406e','FIAT','2018-10-01 11:28:33');
INSERT INTO `Mercaderias_marca` VALUES ('1db3e8ead60b45d6e3971b2503d257aa','BABYLISS','2018-10-03 17:05:33');
INSERT INTO `Mercaderias_marca` VALUES ('3459f36e7e8fbf8070f6657204b00633','HARNEY','2018-10-09 15:37:04');
INSERT INTO `Mercaderias_marca` VALUES ('4a9de1e2359238768eeccb4c97b8e5b2','HUAWEI','2018-10-22 07:18:55');
INSERT INTO `Mercaderias_marca` VALUES ('a4a1020a764939b7c5ced67c921e3078','POLISHOP','2018-10-23 08:24:52');
INSERT INTO `Mercaderias_marca` VALUES ('5f360a52fe3156ca1eca24a63c190caa','BLUE','2018-10-23 09:09:30');
INSERT INTO `Mercaderias_marca` VALUES ('2fea04edcfc12d0e3cde9ea037ec387c','SHIATSU','2018-10-25 13:26:02');
INSERT INTO `Mercaderias_marca` VALUES ('5080970cff95512f3357b65bf8bd4d48','NIKE','2018-11-03 09:24:45');
INSERT INTO `Mercaderias_marca` VALUES ('71ceb1805a241648c9d80eac04541c71','DOLLS','2018-11-03 13:35:59');
INSERT INTO `Mercaderias_marca` VALUES ('e0700be51ecc093858c91fd65220612b','BLACKVIEW','2018-11-06 06:09:24');
INSERT INTO `Mercaderias_marca` VALUES ('9909035dc3ce82e69b8b17873306cbd3','LOHAS','2018-11-15 13:01:43');
INSERT INTO `Mercaderias_marca` VALUES ('528998ec6859cbaffbc21a6e8755b58e','JBL','2018-11-22 13:36:26');
INSERT INTO `Mercaderias_marca` VALUES ('db627c843dd7b59dcacddbaff281d365','SHIMANO','2019-01-04 12:11:17');
INSERT INTO `Mercaderias_marca` VALUES ('e528967306323f257e3029bfb26fbd17','OTTO','2019-01-08 11:34:01');
INSERT INTO `Mercaderias_marca` VALUES ('c77b540b55a5c7a56501c916a0c21dfa','COOKWARE','2019-01-09 11:27:26');
INSERT INTO `Mercaderias_marca` VALUES ('61e48a38544628ec62341ecb8d366683','SHURE','2019-01-14 06:06:25');
INSERT INTO `Mercaderias_marca` VALUES ('dbae40d53a49e1090c0997df46027164','KINGSTON','2019-01-21 08:22:19');
INSERT INTO `Mercaderias_marca` VALUES ('fd2416dc0b6b8f8c7c02a9c210d6fac2','OAKLEY','2019-01-28 18:32:46');
DROP TABLE IF EXISTS `Mercaderias_grupo`;
CREATE TABLE IF NOT EXISTS `Mercaderias_grupo` (
	`c_id`	character ( 32 ) NOT NULL,
	`c_descripcion`	character ( 25 ),
	`ts_insert`	timestamp DEFAULT (datetime('now','localtime')),
	PRIMARY KEY(`c_id`)
);
INSERT INTO `Mercaderias_grupo` VALUES ('1','TODOS','2018-07-05 07:46:21');
INSERT INTO `Mercaderias_grupo` VALUES ('2','SAMSUNG','2018-07-05 07:46:34');
INSERT INTO `Mercaderias_grupo` VALUES ('eaa08affddb6a3ef1cc010d9dfd5d145','ELECTRONICOS','2018-07-11 14:07:33');
INSERT INTO `Mercaderias_grupo` VALUES ('36a85c73b3768d741be5df178871e292','BICICLETA','2018-07-13 17:12:34');
INSERT INTO `Mercaderias_grupo` VALUES ('dab212b6151bcf350c12d9682cd34950','CALZADO','2018-07-14 07:47:41');
INSERT INTO `Mercaderias_grupo` VALUES ('962503f9ea2c992b7b96b46a682db824','VITAMINAS','2018-07-14 10:50:42');
INSERT INTO `Mercaderias_grupo` VALUES ('067d7adc4f780d4e728d15557762248a','AGRICULTURA','2018-07-14 10:51:16');
INSERT INTO `Mercaderias_grupo` VALUES ('fe178a6b7368cec93c1f92b82a5bf776','ACCESORIOS','2018-07-21 10:31:23');
INSERT INTO `Mercaderias_grupo` VALUES ('9041ef18af3a0f5681f5dba5ff58a42c','MUEBLE','2018-08-01 08:50:38');
INSERT INTO `Mercaderias_grupo` VALUES ('6afdaa0a6c88a330de263155a75ab752','REPUESTOS','2018-08-04 15:10:00');
INSERT INTO `Mercaderias_grupo` VALUES ('738bc677f1f26e4ee441ccf13441a615','ESTETICA','2018-08-06 19:01:03');
INSERT INTO `Mercaderias_grupo` VALUES ('1b6f8965314674370b5fde4e7840ed99','COZINHA','2018-10-23 08:24:52');
INSERT INTO `Mercaderias_grupo` VALUES ('50a463e1a4d77500aa4441849ea6f918','BRINQUEDOS','2018-11-03 13:35:59');
INSERT INTO `Mercaderias_grupo` VALUES ('c5d49862cda472f5ee9bddbf07fe0867','INFORMATICA','2019-01-21 08:22:19');
DROP TABLE IF EXISTS `Mercaderias`;
CREATE TABLE IF NOT EXISTS `Mercaderias` (
	`c_id`	character ( 32 ) NOT NULL,
	`c_descripcion`	character ( 50 ) NOT NULL,
	`c_codigo`	character ( 50 ) NOT NULL,
	`c_unidad`	character ( 2 ),
	`c_id_marca`	character ( 32 ) DEFAULT 1,
	`c_id_grupo`	character ( 32 ) DEFAULT 1,
	`c_id_subgrupo`	character ( 32 ) DEFAULT 1,
	`n_iva`	integer,
	`n_id_moneda`	integer DEFAULT 1,
	`n_costo`	numeric ( 15 , 5 ) NOT NULL,
	`n_venta`	numeric ( 15 , 5 ) NOT NULL,
	`n_peso`	numeric ( 15 , 5 ) DEFAULT 0,
	`b_activo`	boolean DEFAULT true,
	`t_observacion`	text,
	`ts_insert`	timestamp DEFAULT (datetime('now','localtime')),
	PRIMARY KEY(`c_id`)
);
INSERT INTO `Mercaderias` VALUES ('1','MERCADERIA DE PRUEBA IVA 5','2222','LT','1','1','1',5,1,1000000,2000000,1,'true','OBS TESTE','2018-07-06 09:03:57');
INSERT INTO `Mercaderias` VALUES ('2bb8f5d5b0f1a3376764ec5402eedd49','LG G4 32GB NEGRO- NUEVO','2342','UN','36a85c73b3768d741be5df178871e292','eaa08affddb6a3ef1cc010d9dfd5d145','511a875c01d429a16b2aa827d51264a4',0,2,120,120,1,'true','NUEVO','2018-07-14 07:49:39');
INSERT INTO `Mercaderias` VALUES ('89e8906d0ac069353ef38c9df66dfa4d','LG G4 32GB NEGRO- USADO','45454','UN','36a85c73b3768d741be5df178871e292','eaa08affddb6a3ef1cc010d9dfd5d145','511a875c01d429a16b2aa827d51264a4',0,2,73.99,73.99,1,'true','','2018-07-14 07:50:51');
INSERT INTO `Mercaderias` VALUES ('34c088c5b25bdf7b454960b41ff09eac','CHAMPION SPECIALIZED','33333','UN','9a575682a1ca647be4fd5de671e2e4a9','dab212b6151bcf350c12d9682cd34950','99781e3e7dfd3a7c79220f0e750af211',0,2,350.2,350.2,1,'true','','2018-07-14 10:54:30');
INSERT INTO `Mercaderias` VALUES ('caa662ba3c11a0dd852d84e2cd5ed481','BIBICLETA SPECIALIZED','43434','UN','9a575682a1ca647be4fd5de671e2e4a9','36a85c73b3768d741be5df178871e292','2',0,2,2500,2500,14.5,'true','','2018-07-14 11:04:12');
INSERT INTO `Mercaderias` VALUES ('d0a7b6b3a76dda608eee6cbcbf47e066','MERCADERA PRUEBA IVA 10','Fjdj','UN','1','1','1',10,1,1000000,2000000,2,'true','','2018-07-19 09:57:10');
INSERT INTO `Mercaderias` VALUES ('d12558d6ef4926283c80de0faec920b6','MONITOR LED AOC 19.5" I2080SW IPS SLIM','I2080SW','UN','a6cda74cdbb93a8a5aecd2c9acb9403f','eaa08affddb6a3ef1cc010d9dfd5d145','22ee7cee73c2f6dbb648edfe57130611',0,2,78,78,0.5,'true','Cde','2018-07-21 01:59:12');
INSERT INTO `Mercaderias` VALUES ('0cee2e067fc39e998659d0201ef985e3','NOTEBOOK DELL I5767-3649GRY I7-7500U 2.7GHZ / 8GB','I5767-3649GRY','UN','aeca4f28150bac4e06cbd7d042412ee8','eaa08affddb6a3ef1cc010d9dfd5d145','43dd10f3f2648b002e0df481d826d8a0',0,2,759,759,4,'true','Notebook Dell I5767-3649GRY i7-7500U 2.7GHZ / 8GB / 1TB / Gravador RW / 17.3" Full HD / Placa de Video AMD R7 M445 4GB / Windows 10 Ingles - Cinza','2018-07-21 02:04:57');
INSERT INTO `Mercaderias` VALUES ('1f3801b5962ff0dc16ce3fc0aa1f7948','RAY-BAN SCUDERIA FERRARI COLLECTION','RB8305M','UN','ad21fa85e2df6bf333f0b85294777eb1','fe178a6b7368cec93c1f92b82a5bf776','17435be9782a0fda93310357ade19cb6',0,2,324.21,324.21,1,'true','Frame: BlackLenses: Polarized, Silver Mirror Chromance
Size:Standard
Included:Case','2018-07-21 12:19:30');
INSERT INTO `Mercaderias` VALUES ('e136b25322b6cd9ad01ecc29012c9b32','NOTEBOOK ACER GAMING NITRO 5 AN515-51-55WL','AN515-51-55WL','UN','803140824abab96678ab57351a0c47a9','eaa08affddb6a3ef1cc010d9dfd5d145','78404a7ca3ffa7d1e0af9d0649847793',0,2,795,795,4,'true','Notebook Acer Gaming Nitro 5 AN515-51-55WL I5-7300HQ 2.5GHz / 8Gb / 256Gb SSD M.2 / 15.6" Full HD IPS / Placa de Video GTX 1050TI 4Gb VGA / Windows 10 Ingls - Preto','2018-07-21 14:33:31');
INSERT INTO `Mercaderias` VALUES ('b9b862d941e948d671010c41a020a2b1','NEW ORIGINAL SAMSUNG GALAXY NOTE 4 IV BATTERY','B077KGTR3F','UN','2','eaa08affddb6a3ef1cc010d9dfd5d145','c4ea59b770541e93bbb7d625cf9b0511',0,2,13.99,13.99,0.5,'true','New Original Samsung Galaxy Note 4 IV Battery for BN910BB SM-N910 N910A N910T - Retail Packaging','2018-07-26 13:30:03');
INSERT INTO `Mercaderias` VALUES ('7c0c0a7aa7c32cfaaaffaf4c541343c0','XIAOMI REDMI 5 32GB','372247835416','UN','99b03cd17e5e906d0ebf6f23c71131d8','eaa08affddb6a3ef1cc010d9dfd5d145','511a875c01d429a16b2aa827d51264a4',0,2,131.66,131.66,0.5,'true','Xiaomi Redmi 5 GLOBAL VERSION 32GB (FACTORY UNLOCKED) 5.7" Snapdragon 450','2018-07-30 21:52:51');
INSERT INTO `Mercaderias` VALUES ('6c0458f5fad3446593791589a7f3559b','TISSOT MEN''S T-RACE STAINLESS STEEL BLACK','T0484173705700','UN','411c3ecbe3f975296552fdd1c2fa38cb','fe178a6b7368cec93c1f92b82a5bf776','d3d4bf92a874fe75c36b4f0aebce0308',0,2,464.9,464.99,1,'true','Tissot Men''s T-Race Stainless Steel Black Watch with Rubber Strap','2018-07-30 22:01:26');
INSERT INTO `Mercaderias` VALUES ('3e35cf8c59b33a2166697c9569324089','LG G4 H815 32GB LTE 1SIM TELA 5.5" - CDE','377881','UN','36a85c73b3768d741be5df178871e292','eaa08affddb6a3ef1cc010d9dfd5d145','511a875c01d429a16b2aa827d51264a4',0,1,1285000,1285000,0.5,'true','Smartphone LG G4 H815 32GB LTE 1Sim Tela 5.5" Cm.16MP+8MP - Couro Preto','2018-07-31 13:43:12');
INSERT INTO `Mercaderias` VALUES ('2dc0c86389f7e12de5770e617ac2d9ca','BANQUETA BISTR RATTAN','5805215','UN','d9bd887b018bf8a92b52eca0175c6bdf','9041ef18af3a0f5681f5dba5ff58a42c','4703143eacaf3ee3e972085b88712819',0,1,205000,205000,10,'true','Corina','2018-08-01 08:46:04');
INSERT INTO `Mercaderias` VALUES ('b073d1903d56d85de2f68ba874d7859a','BANQUETA GIRATRIA LTUS ABS ALTURA AJUSTAVEL MOR','7708','UN','46271a10b760891a1b1020f0394a923d','9041ef18af3a0f5681f5dba5ff58a42c','4703143eacaf3ee3e972085b88712819',0,1,204000,204000,2.5,'true','','2018-08-01 09:12:15');
INSERT INTO `Mercaderias` VALUES ('46aab836215233022a6adc667694dd21','IPHONE 8 256GB SPACE GRAY - EUA','A1633','UN','a63449d2d914423d390d56af1485f8fa','eaa08affddb6a3ef1cc010d9dfd5d145','511a875c01d429a16b2aa827d51264a4',0,2,801.43,801.43,1.5,'true','','2018-08-03 08:40:08');
INSERT INTO `Mercaderias` VALUES ('6265a037e66d83514b4a63ab28f2181b','IPHONE 8 PLUS 256GB SILVER - EUA','5465','UN','a63449d2d914423d390d56af1485f8fa','eaa08affddb6a3ef1cc010d9dfd5d145','511a875c01d429a16b2aa827d51264a4',0,2,908.43,908.43,1.5,'true','','2018-08-03 08:44:51');
INSERT INTO `Mercaderias` VALUES ('20b81ac0030fbb06b951ad9f49b7765f','SMARTPHONE APPLE IPHONE 8 256GB TELA 4,7 CHIP A11','584814','UN','a63449d2d914423d390d56af1485f8fa','eaa08affddb6a3ef1cc010d9dfd5d145','511a875c01d429a16b2aa827d51264a4',0,2,770,770,1.5,'true','sin ivA ESTE VALOR 
http://casabo.com.py/produto/comprar-smartphone-apple-iphone-8-256gb-tela-4-7-chip-a11-cam-12-mpx-7-mpx-ios-11-bz-cinza-no-paraguai-584814.html','2018-08-03 08:47:44');
INSERT INTO `Mercaderias` VALUES ('9a555bc7088fc51746b8a9fe654a9207','CELULAR APPLE IPHONE 8 PLUS A1897LZ - 5.5 POLEGADA','548380','UN','a63449d2d914423d390d56af1485f8fa','eaa08affddb6a3ef1cc010d9dfd5d145','511a875c01d429a16b2aa827d51264a4',0,2,945,945,1.5,'true','http://www.madridcenter.com/produto/celular-apple-iphone-8-plus-548380.html','2018-08-03 08:50:23');
INSERT INTO `Mercaderias` VALUES ('c70a791cb1b75cab7103011de647d4a8','CELULAR APPLE IPHONE X 64GB LTE -CDE','534618','UN','a63449d2d914423d390d56af1485f8fa','eaa08affddb6a3ef1cc010d9dfd5d145','511a875c01d429a16b2aa827d51264a4',0,2,900,900,1.5,'true','http://casabo.com.py/produto/comprar-iphone-x-apple-64gb-bz-gy-pr-no-paraguai-580090.html

Cor Prata
Marca Apple
Modelo iPhone X
Memria Interna 64 Gb','2018-08-03 09:53:23');
INSERT INTO `Mercaderias` VALUES ('8b4cd04c4a9e1ad510a05b61decf1b50','IPHONE X 64GB SPACE GRAY - EUA','4435','UN','a63449d2d914423d390d56af1485f8fa','eaa08affddb6a3ef1cc010d9dfd5d145','511a875c01d429a16b2aa827d51264a4',0,2,1060,1060,1.5,'true','','2018-08-03 09:55:41');
INSERT INTO `Mercaderias` VALUES ('8518dc8439a7593e0b8d1c591dc2fae6','SAMSUNG GALAXY S9+ SM-G9650 DUAL 64GB -CDE','564307','UN','2','eaa08affddb6a3ef1cc010d9dfd5d145','511a875c01d429a16b2aa827d51264a4',0,2,749,749,1.5,'true','https://www.comprasparaguai.com.br/celular-samsung-galaxy-s9-plus-sm-g9650-dual-chip-64gb-4g_18214/','2018-08-03 14:39:10');
INSERT INTO `Mercaderias` VALUES ('17f2effadbe7fb0c889efc0675573371','SAMSUNG GALAXY S9+ SM-G965F/DS 128GB -EUA','B07CCF4VQL','UN','2','eaa08affddb6a3ef1cc010d9dfd5d145','511a875c01d429a16b2aa827d51264a4',0,2,777.49,777.49,1.5,'true','https://www.amazon.com/Samsung-SM-G965F-DS-6-2-inches-Unlocked/dp/B07CCF4VQL/ref=sr_1_4?s=wireless&ie=UTF8&qid=1533321666&sr=1-4&keywords=samsung+s9+plus&dpID=41uIro6oPiL&preST=_SY300_QL70_&dpSrc=srch','2018-08-03 14:49:20');
INSERT INTO `Mercaderias` VALUES ('311088d0d27c88b24507d5bc7d53d5d0','GALAXY S9 SM-G9600 DUAL SIM 5.8" 64GB NEGRO -EUA','B07BHT4KGM','UN','2','eaa08affddb6a3ef1cc010d9dfd5d145','511a875c01d429a16b2aa827d51264a4',0,2,634.99,634.99,1.5,'true','https://www.amazon.com/dp/B07BHT4KGM/ref=twister_B07BTHF7BV?_encoding=UTF8&psc=1','2018-08-03 14:52:49');
INSERT INTO `Mercaderias` VALUES ('a5aa1e9397f591b936a406794644c302','SCITOO DOOR MIRRORS CHROME REPLACE MIRROR PARTS','B07D9G8RQB','UN','75d010e458a5f86ab649779f8d384cc2','6afdaa0a6c88a330de263155a75ab752','3ed59349af3c0ee7c3f2094e4b7e1a5c',0,2,21.99,21.99,2,'true','Scitoo Door Mirrors Chrome Replace Mirror Parts with Manually Operated Function fit 80-96 Ford Ranger Explorer F150 F250 F350 F450 Bronco, Comes with Driver or Passenger Side Mirror','2018-08-04 15:10:00');
INSERT INTO `Mercaderias` VALUES ('130ee7b0a864187bddc5710c629268b2','APS 1987-1991 FORD BRONCO/F-SERIES PICKUP BILLET','B0791NS5G9','UN','75d010e458a5f86ab649779f8d384cc2','6afdaa0a6c88a330de263155a75ab752','3ed59349af3c0ee7c3f2094e4b7e1a5c',0,2,55.96,55.96,4,'true','APS 1987-1991 Ford Bronco/F-Series Pickup Billet Grille Insert #S18-A90058F','2018-08-04 15:12:20');
INSERT INTO `Mercaderias` VALUES ('0ec3a76db089c17cec07836e6469d789','SMOKE ROOF CAB MARKER LIGHT W/9 AMBER LED LIGHTS B','B07F7YWV8R','UN','068fe1ccfd54722a8475bb5783ac5938','6afdaa0a6c88a330de263155a75ab752','3ed59349af3c0ee7c3f2094e4b7e1a5c',0,2,25.99,25.99,1,'true','Smoke Roof Cab Marker Light w/9 Amber LED Lights Bulbs Assembly for 1999-2016 Ford E150-450 F250-750 (5pcs)','2018-08-04 15:15:08');
INSERT INTO `Mercaderias` VALUES ('b9008208e7f10fde6e3ceb4830a2ddcc','6-1 CELLULITE REMOVAL 3-POLAR RF','WL-919MS','UN','aa59b281f9b53c42c67ae873fc8cb8f6','738bc677f1f26e4ee441ccf13441a615','605905d0ca17ecea9bd4d2d979cccc94',0,2,505,505,30,'true','6-1 Cellulite Removal 3-Polar RF Hot Sale LLLT Fat Cavitation Body Slim Machine
model: WL-919MS','2018-08-06 19:01:03');
INSERT INTO `Mercaderias` VALUES ('a2cbe89d2302e77c69c96f5ea914603e','FACIAL MAGNIFING LAMP FLOOR 5 DIOPTER LED','B01I1DCQG8','UN','31253451b96064b8f9d67a6afd2d0f91','738bc677f1f26e4ee441ccf13441a615','3a7e9eb76660ca9cc467c1f9f96350b0',0,2,41.49,41.49,7,'true','Facial Magnifing Lamp Floor 5 Diopter LED Magnifier Light W/Adjustable Swivel Arm And Rolling Stand For Beauty Salon Skincare Manicure Tattoo','2018-08-06 19:45:33');
INSERT INTO `Mercaderias` VALUES ('36d2a886619862fda58ee34742be9ba2','GALAXY NOTE 4 CASE, BENTOBEN SLIM SCRATCH ROSE','B01BXSJTKE','UN','6d8d48aa8696617899ae8ee6937d5284','fe178a6b7368cec93c1f92b82a5bf776','511a875c01d429a16b2aa827d51264a4',0,2,6.59,6.59,0.5,'true','Galaxy Note 4 Case, BENTOBEN Slim Scratch Resistant Dual Layered Rugged Hybrid Hard PC Shell Flexible Inner TPU Bumper Protective Case for Samsung Galaxy Note 4, Rose','2018-08-07 07:44:29');
INSERT INTO `Mercaderias` VALUES ('801da091f87c67706cd1b39d294c44be','FILA WOMEN''S DISRUPTOR II PREMIUM SNEAKERS','5FM80170','UN','4aedcd554a17d6951f169a9f46f94e39','dab212b6151bcf350c12d9682cd34950','99781e3e7dfd3a7c79220f0e750af211',0,2,149.95,149.95,1.5,'true','https://www.amazon.com/dp/B074448257/ref=cm_sw_r_wa_awdb_t1_glBABb3619DA4?th=1&psc=1','2018-08-07 11:12:14');
INSERT INTO `Mercaderias` VALUES ('0f746ca6fc64d33a80d68163273e8bb4','MEN''S HIGH ANKLE SOCCER CLEATS MERCURIAL SUPERFLY','B07F5WY4GS','UN','7af61e23a72e369944dcdd2ade4b6bd3','dab212b6151bcf350c12d9682cd34950','99781e3e7dfd3a7c79220f0e750af211',0,2,199.95,199.95,2.5,'true','Men''s High Ankle Soccer Cleats Mercurial Superfly V FG Ronaldo CR7 White
https://www.amazon.com/gp/product/B07F62Q843/ref=ox_sc_act_title_1?smid=A3JXDMXO3GJZF2&psc=1','2018-08-11 13:58:14');
INSERT INTO `Mercaderias` VALUES ('dbd96524bfabb8365a6696298e7f01ff','IPHONE XS MAX 64GB','00002','UN','a63449d2d914423d390d56af1485f8fa','eaa08affddb6a3ef1cc010d9dfd5d145','511a875c01d429a16b2aa827d51264a4',0,2,1175.93,1352.31,1,'true','','2018-09-13 11:13:57');
INSERT INTO `Mercaderias` VALUES ('dfe887a4ef544625f4245e2bd53d38a2','IPHONE XS MAX 256GB','0001','UN','a63449d2d914423d390d56af1485f8fa','eaa08affddb6a3ef1cc010d9dfd5d145','511a875c01d429a16b2aa827d51264a4',0,2,1336.43,1536.89,1,'true','256 Gigas','2018-09-13 11:20:33');
INSERT INTO `Mercaderias` VALUES ('b28b39547212911e14362084d99d5ad2','IPHONE XS MAX 512GB','0003','UN','a63449d2d914423d390d56af1485f8fa','eaa08affddb6a3ef1cc010d9dfd5d145','511a875c01d429a16b2aa827d51264a4',0,2,1603.93,1844.52,1,'true','512gb','2018-09-13 11:27:15');
INSERT INTO `Mercaderias` VALUES ('d3c4aee0e5e5a3fd6d81345a497ab682','IPHONE XS 64GB','00004','UN','a63449d2d914423d390d56af1485f8fa','eaa08affddb6a3ef1cc010d9dfd5d145','511a875c01d429a16b2aa827d51264a4',0,2,1068.93,1068.93,1,'true','64gb','2018-09-13 13:58:24');
INSERT INTO `Mercaderias` VALUES ('16a87108f68776b700dddde1cf7226ff','IPHONE XS 256GB','0005','UN','a63449d2d914423d390d56af1485f8fa','eaa08affddb6a3ef1cc010d9dfd5d145','511a875c01d429a16b2aa827d51264a4',0,2,1229.43,1229.43,1,'true','256GB','2018-09-13 13:59:56');
INSERT INTO `Mercaderias` VALUES ('0720b8b75ef29de558964bc6b938483b','IPHONE XS 512GB','0006','UN','a63449d2d914423d390d56af1485f8fa','eaa08affddb6a3ef1cc010d9dfd5d145','511a875c01d429a16b2aa827d51264a4',0,2,1443.43,1443.43,1,'true','512gb','2018-09-13 14:02:40');
INSERT INTO `Mercaderias` VALUES ('0b66251ad24020c20b2db6209b0896f4','NAIL PREP DEHYDRTOR','00005','UN','50b0b1dcec5a30d59dacb03437e73967','738bc677f1f26e4ee441ccf13441a615','d4b7d5333c101965f81bd2e3c187b581',0,2,5.99,5.99,0.1,'true','','2018-09-17 11:00:32');
INSERT INTO `Mercaderias` VALUES ('6a8834bb49620d18572034a200289ade','ULTRABOND PRIMER','00005','UN','50b0b1dcec5a30d59dacb03437e73967','738bc677f1f26e4ee441ccf13441a615','d4b7d5333c101965f81bd2e3c187b581',0,2,6.99,6.99,0.1,'true','','2018-09-17 11:01:48');
INSERT INTO `Mercaderias` VALUES ('bb0c82588d61ae477a0179299150a250','ULTRA ACRYLIC POWDER SPARKING PERFECT PINK','00005','UN','50b0b1dcec5a30d59dacb03437e73967','738bc677f1f26e4ee441ccf13441a615','d4b7d5333c101965f81bd2e3c187b581',0,2,13.99,13.99,0.1,'true','','2018-09-17 11:03:16');
INSERT INTO `Mercaderias` VALUES ('773062b09ef98bac1a8684f0f616b59b','ULTRA ACRYLIC POWDER SPARKING CLEAR','00005','UN','50b0b1dcec5a30d59dacb03437e73967','738bc677f1f26e4ee441ccf13441a615','d4b7d5333c101965f81bd2e3c187b581',0,2,13.99,13.99,0.1,'true','','2018-09-17 11:04:56');
INSERT INTO `Mercaderias` VALUES ('54cd53f64f382ef080a6d5f6b9806223','ULTRA ACRYLIC POWDER SPARKING BRIGTH WHITE','00005','UN','50b0b1dcec5a30d59dacb03437e73967','738bc677f1f26e4ee441ccf13441a615','d4b7d5333c101965f81bd2e3c187b581',0,2,13.99,13.99,0.1,'true','','2018-09-17 11:07:17');
INSERT INTO `Mercaderias` VALUES ('417b6b9a8948d5429cc5cfc520578ebf','ULTRA ACRYLIC POWDER NEW PINK','00005','UN','50b0b1dcec5a30d59dacb03437e73967','738bc677f1f26e4ee441ccf13441a615','d4b7d5333c101965f81bd2e3c187b581',0,2,13.99,13.99,0.1,'true','','2018-09-17 11:10:02');
INSERT INTO `Mercaderias` VALUES ('4da10f60091b7452046c2f0a7b6f46cc','PRO ACRYLIC POWDER MAX WHITE','00005','UN','50b0b1dcec5a30d59dacb03437e73967','738bc677f1f26e4ee441ccf13441a615','d4b7d5333c101965f81bd2e3c187b581',0,2,9.99,9.99,0.1,'true','','2018-09-17 11:11:20');
INSERT INTO `Mercaderias` VALUES ('9aadea842105163ce1acb3978f6f5395','PRO ACRYLIC POWDER GLASS','00005','UN','50b0b1dcec5a30d59dacb03437e73967','738bc677f1f26e4ee441ccf13441a615','d4b7d5333c101965f81bd2e3c187b581',0,2,9.99,9.99,0.1,'true','','2018-09-17 11:12:34');
INSERT INTO `Mercaderias` VALUES ('2c91a617637af15d1afafd0f70c4f528','PRO ACRYLIC POWDER COVER PINK','00005','UN','50b0b1dcec5a30d59dacb03437e73967','738bc677f1f26e4ee441ccf13441a615','d4b7d5333c101965f81bd2e3c187b581',0,2,13.99,13.99,0.1,'true','','2018-09-17 11:13:52');
INSERT INTO `Mercaderias` VALUES ('6433456a9963319ef1b1939e7dfcd910','PRO ACRYLIC POWDER COVER ALMOND','00005','UN','50b0b1dcec5a30d59dacb03437e73967','738bc677f1f26e4ee441ccf13441a615','d4b7d5333c101965f81bd2e3c187b581',0,2,9.99,9.99,0.1,'true','','2018-09-17 11:14:56');
INSERT INTO `Mercaderias` VALUES ('2332cd67c08915096edf181309a8824c','COVERLAND LIMITED EDITION ACRYLIC POWDER','00005','UN','50b0b1dcec5a30d59dacb03437e73967','738bc677f1f26e4ee441ccf13441a615','d4b7d5333c101965f81bd2e3c187b581',0,2,25.8,25.8,0.3,'true','','2018-09-17 11:21:27');
INSERT INTO `Mercaderias` VALUES ('103f1b8c22cc89212a4a5bd806ae8280','LANTERNA TETO OPALA','00006','UN','ea226245acbde62e4a3e81669937caad','fe178a6b7368cec93c1f92b82a5bf776','3ed59349af3c0ee7c3f2094e4b7e1a5c',0,1,60.8,60.8,0,'true','valor em real','2018-09-19 22:14:17');
INSERT INTO `Mercaderias` VALUES ('9e7cf2dc067aa0eb16eb14b0661df562','BATEDOR PARACHOQUE OPALA','00006','UN','ea226245acbde62e4a3e81669937caad','fe178a6b7368cec93c1f92b82a5bf776','3ed59349af3c0ee7c3f2094e4b7e1a5c',0,1,389,389,0,'true','valor em real','2018-09-19 22:18:24');
INSERT INTO `Mercaderias` VALUES ('be643e49fd022591204d134c8c7d733b','RETROVISOR OPALA','00006','UN','ea226245acbde62e4a3e81669937caad','fe178a6b7368cec93c1f92b82a5bf776','3ed59349af3c0ee7c3f2094e4b7e1a5c',0,1,218,218,0,'true','valor real','2018-09-19 22:19:19');
INSERT INTO `Mercaderias` VALUES ('098601e69f6433fd3877cb50162c9c5c','CANALETA OPALA','00006','UN','ea226245acbde62e4a3e81669937caad','fe178a6b7368cec93c1f92b82a5bf776','3ed59349af3c0ee7c3f2094e4b7e1a5c',0,1,96.7,96.7,0,'true','valor em real','2018-09-19 22:20:41');
INSERT INTO `Mercaderias` VALUES ('0bf17ec9a02469a5967a3da2e5100738','LOGOTIPO COMODORO OPALA','00006','UN','ea226245acbde62e4a3e81669937caad','fe178a6b7368cec93c1f92b82a5bf776','3ed59349af3c0ee7c3f2094e4b7e1a5c',0,1,127995,127995,0,'true','','2018-09-20 09:35:20');
INSERT INTO `Mercaderias` VALUES ('16b2af596f2b581fa25bf7be463de6d5','LANTERNA PORTA COM EMBLEMA C OPALA','00006','UN','ea226245acbde62e4a3e81669937caad','fe178a6b7368cec93c1f92b82a5bf776','3ed59349af3c0ee7c3f2094e4b7e1a5c',0,1,70357,70357,0,'true','','2018-09-20 09:36:26');
INSERT INTO `Mercaderias` VALUES ('f5626c48144cb334ee511f83a675ac33','TAPETE FIAT CRONOS BORRACHA','00007','UN','5a86a051c3aba71f7fe073cf973b406e','fe178a6b7368cec93c1f92b82a5bf776','3ed59349af3c0ee7c3f2094e4b7e1a5c',0,2,36,36,1,'true','','2018-10-01 11:28:33');
INSERT INTO `Mercaderias` VALUES ('18afb2d41618143c26a15ebba1a41ce7','BABYLISSPRO NANO TITANIUM  TAMNHO NORMAL','00006','UN','1db3e8ead60b45d6e3971b2503d257aa','738bc677f1f26e4ee441ccf13441a615','1',0,2,139.95,139.95,0.5,'true','','2018-10-03 17:05:33');
INSERT INTO `Mercaderias` VALUES ('3edb4a7687e68df5fb76a509883e4a16','BABYLISSPRO NANO TITANIUM  FINA','0006','UN','1db3e8ead60b45d6e3971b2503d257aa','fe178a6b7368cec93c1f92b82a5bf776','1',0,2,104.99,104.99,0.9,'true','','2018-10-03 17:06:32');
INSERT INTO `Mercaderias` VALUES ('d9992cdc40327cda226e533aab0118df','HARNEY & SONS ASSORTED TEA BAG SAMPLER 42 COUNT','00005','UN','3459f36e7e8fbf8070f6657204b00633','1','67f16a8be18a69b19adf3bb29bf6ee63',0,2,13.99,13.99,0.2,'true','','2018-10-09 15:37:04');
INSERT INTO `Mercaderias` VALUES ('11b3fa3703b55ff1e23b9dad53b4e47b','UPPERCASE GHOSTCOVER PREMIUM ULTRA THIN KEYBOARD','000009','UN','a63449d2d914423d390d56af1485f8fa','fe178a6b7368cec93c1f92b82a5bf776','78404a7ca3ffa7d1e0af9d0649847793',0,2,12.95,12.95,0.1,'true','https://www.amazon.com/UPPERCASE-GhostCover-Premium-Keyboard-Protector/dp/B01N20RZXB/ref=pd_cp_107_4/135-1798259-9861465?_encoding=UTF8&pd_rd_i=B01MRKLH27&pd_rd_r=164d0d69-bcde-11e8-83e7-0baf9bd39183&pd_rd_w=qQT6Y&pd_rd_wg=DquNM&pf_rd_i=desktop-dp-sims&pf_rd_m=ATVPDKIKX0DER&pf_rd_p=3f5155f5-5438-4fc3-ab83-bf013cfc8883&pf_rd_r=N5X60SWNEJGKAMNJ46BW&pf_rd_s=desktop-dp-sims&pf_rd_t=40701&refRID=N5X60SWNEJGKAMNJ46BW&th=1','2018-10-18 12:36:38');
INSERT INTO `Mercaderias` VALUES ('ab51c3d94a690212fce2c529db8ab877','MOSISO KEYBOARD COVER SILICONE SKIN','000009','UN','a63449d2d914423d390d56af1485f8fa','fe178a6b7368cec93c1f92b82a5bf776','78404a7ca3ffa7d1e0af9d0649847793',0,2,6.9,6.9,0.1,'true','https://www.amazon.com/dp/B07BTZ81F5/ref=sspa_dk_detail_0?pd_rd_i=B01GJO99DY&pf_rd_m=ATVPDKIKX0DER&pf_rd_p=f52e26da-1287-4616-824b-efc564ff75a4&pf_rd_r=JEZRYAXK2S5RP9E3RHSM&pd_rd_wg=KP3vQ&pf_rd_s=desktop-dp-sims&pf_rd_t=40701&pd_rd_w=9C92q&pf_rd_i=desktop-dp-sims&pd_rd_r=eeea8091-d2fb-11e8-887f-75e7a3fde4c5&th=1','2018-10-18 12:41:10');
INSERT INTO `Mercaderias` VALUES ('7445528691622a000a3a06fad4746169','HUAWEI Y9 2018 FLA-LX3','B07BRCGQSH','UN','4a9de1e2359238768eeccb4c97b8e5b2','eaa08affddb6a3ef1cc010d9dfd5d145','511a875c01d429a16b2aa827d51264a4',0,2,215.99,215.99,0.7,'true','Huawei Y9 2018 FLA-LX3 5.93" HiSilicon KIRIN 659 32GB 3GB RAM DUAL SIM A-GPS Fingerprint No Warranty US (Gold)

https://www.amazon.com/Huawei-FLA-LX3-HiSilicon-Fingerprint-Warranty/dp/B07BRCGQSH/ref=sr_1_cc_1?s=aps&ie=UTF8&qid=1540210547&sr=1-1-catcorr&keywords=huawei+y9','2018-10-22 07:18:55');
INSERT INTO `Mercaderias` VALUES ('a9099ab136f3b12cc8b695e1a3356578','XIAOMI REDMI NOTE 5 AMAZON','000009','UN','99b03cd17e5e906d0ebf6f23c71131d8','eaa08affddb6a3ef1cc010d9dfd5d145','511a875c01d429a16b2aa827d51264a4',0,2,202,202,0.4,'true','https://www.amazon.com/Xiaomi-Unlocked-Global-Version-Warranty/dp/B07D82MTZL/ref=sr_1_1?s=wireless&ie=UTF8&qid=1540229787&sr=1-1&keywords=xiaomi+redmi+note+5+pro','2018-10-22 13:04:41');
INSERT INTO `Mercaderias` VALUES ('951b70004edf69ca9b903e2235488341','XIAOMI REDMI NOTE 5 CDE','000009','UN','99b03cd17e5e906d0ebf6f23c71131d8','eaa08affddb6a3ef1cc010d9dfd5d145','511a875c01d429a16b2aa827d51264a4',0,2,200,200,0,'true','','2018-10-22 13:13:51');
INSERT INTO `Mercaderias` VALUES ('ae36b9749fd63b86838b0b482143b5c3','XIAOMI MI MIX 2 AMAZON','00005','UN','99b03cd17e5e906d0ebf6f23c71131d8','eaa08affddb6a3ef1cc010d9dfd5d145','511a875c01d429a16b2aa827d51264a4',0,2,344,344,0.4,'true','https://www.amazon.com/Xiaomi-Black-Unlocked-Global-Warranty/dp/B079816Y5T/ref=sr_1_3?s=wireless&ie=UTF8&qid=1540230785&sr=1-3&keywords=xiaomi+mi+mix+2','2018-10-22 13:23:28');
INSERT INTO `Mercaderias` VALUES ('df7637194213361da6e24539eb852114','XIAOMI MI MIX 2  CDE','0005','UN','99b03cd17e5e906d0ebf6f23c71131d8','eaa08affddb6a3ef1cc010d9dfd5d145','511a875c01d429a16b2aa827d51264a4',0,2,375,375,0,'true','cde','2018-10-22 13:25:38');
INSERT INTO `Mercaderias` VALUES ('3daea48d93ede29b9af2ff49cab8c5bb','PANELA DAY BY DAY 24CM FLAVORSTONE','00004','UN','a4a1020a764939b7c5ced67c921e3078','1b6f8965314674370b5fde4e7840ed99','2b00163d421a09febf20f561233426f8',0,1,764626,764626,1,'true','449,78 x 1700','2018-10-23 08:24:52');
INSERT INTO `Mercaderias` VALUES ('0ffe29efae8e9b9df40f7ae35da7ce83','BLU VIVO XI+','00004','UN','5f360a52fe3156ca1eca24a63c190caa','eaa08affddb6a3ef1cc010d9dfd5d145','511a875c01d429a16b2aa827d51264a4',0,2,329.97,329.97,0.6,'true','64gb','2018-10-23 09:09:30');
INSERT INTO `Mercaderias` VALUES ('e15f1a4272976f4e81f660651d9098b6','KIT LENTE LANTERNA TRASEIRA + DIANTEIRA','000009','UN','ea226245acbde62e4a3e81669937caad','fe178a6b7368cec93c1f92b82a5bf776','3ed59349af3c0ee7c3f2094e4b7e1a5c',0,1,306000,306000,1,'true','180 x 1700','2018-10-24 09:34:01');
INSERT INTO `Mercaderias` VALUES ('8090c8c322bf8eb639af16cf0d6e2f6c','PANELA SUAT GRAND FLAVORSTONE','00005','UN','a4a1020a764939b7c5ced67c921e3078','1b6f8965314674370b5fde4e7840ed99','2b00163d421a09febf20f561233426f8',0,1,457300,457300,0,'true','269 x 1700','2018-10-24 09:51:30');
INSERT INTO `Mercaderias` VALUES ('39eedd22b391c5c7e06f786496088ee5','COLETE MASSAGEADOR AQUECIMENTO SHIATSU','00005','UN','2fea04edcfc12d0e3cde9ea037ec387c','fe178a6b7368cec93c1f92b82a5bf776','68952ae20ae221fdf94a9b6bbbf92288',0,1,229330,229330,1,'true','134,90 x 1700','2018-10-25 13:26:02');
INSERT INTO `Mercaderias` VALUES ('17f56e01e6e382cb0c026b33a97a61f9','NIKE MERCURIAL SUPERFLY V AG CHUTEIRAS SUPERFLY','00005','UN','5080970cff95512f3357b65bf8bd4d48','dab212b6151bcf350c12d9682cd34950','71bcb1979da6adbce4eaa1bb8fb5748e',0,2,71.6,71.6,0.9,'true','https://pt.aliexpress.com/item/Nike-MERCURIAL-SUPERFLY-V-AG-Chuteiras-Superfly-Alta-Tornozelo-Botas-de-Futebol-Ao-Ar-Livre-para/32886800019.html?spm=a2g0s.13010108.99999999.9.76326f4eDaBKHc','2018-11-03 09:24:45');
INSERT INTO `Mercaderias` VALUES ('f5e9cffaccda2346343515f00f5daea5','LOL BOLLS BALLS','0857308','UN','71ceb1805a241648c9d80eac04541c71','50a463e1a4d77500aa4441849ea6f918','961a820e489f9764a2e991620e1d0c9a',0,2,15.81,15.61,0.6,'true','https://pt.aliexpress.com/item/1-pcs-Grande-tamanho-Confetti-pop-LOL-Bonecas-Bolas-glitter-s-rie-Figuras-de-A-o/32950479958.html?spm=a2g0s.13010108.99999999.13.56cc6f4ezVuzhO','2018-11-03 13:35:59');
INSERT INTO `Mercaderias` VALUES ('0480d04c680daaf618b741d8209b9ca9','IPHONE 7 DOURADO 32GB','mm962lz/a','UN','a63449d2d914423d390d56af1485f8fa','eaa08affddb6a3ef1cc010d9dfd5d145','511a875c01d429a16b2aa827d51264a4',0,2,500,500,1,'true','cde','2018-11-03 16:26:04');
INSERT INTO `Mercaderias` VALUES ('fa211d0d7606a06ef00fedccd2f3455a','SAMSUNG GALAXY A8 64GB','923479237','UN','2','eaa08affddb6a3ef1cc010d9dfd5d145','511a875c01d429a16b2aa827d51264a4',0,2,347.39,347.39,0.6,'true','https://www.amazon.com/gp/product/B0797YQBRK/ref=oh_aui_detailpage_o03_s00?ie=UTF8&psc=1','2018-11-03 16:54:14');
INSERT INTO `Mercaderias` VALUES ('b1cd524c37e7c46d54bd597071f42feb','SAMSUNG GALAXY S9 128GB','98739','UN','2','eaa08affddb6a3ef1cc010d9dfd5d145','511a875c01d429a16b2aa827d51264a4',0,2,823.89,823.89,0.6,'true','https://www.amazon.com/gp/product/B07DFMJ6NF/ref=ox_sc_saved_title_2?smid=ATVPDKIKX0DER&psc=1','2018-11-03 16:56:27');
INSERT INTO `Mercaderias` VALUES ('a845e81b1cb0c7f19b8ae7791d413d9c','SAMSUNG GALAXY S9 256GB','324239','UN','2','eaa08affddb6a3ef1cc010d9dfd5d145','511a875c01d429a16b2aa827d51264a4',0,2,898.79,898.79,0.6,'true','https://www.amazon.com/gp/product/B07DFLNCKH/ref=ox_sc_saved_title_1?smid=ATVPDKIKX0DER&psc=1','2018-11-03 16:57:50');
INSERT INTO `Mercaderias` VALUES ('53d973b634cd876e3216b63c96c9d78f','IPHONE X 64GB','1941','UN','a63449d2d914423d390d56af1485f8fa','eaa08affddb6a3ef1cc010d9dfd5d145','511a875c01d429a16b2aa827d51264a4',0,2,1040,1040,0.6,'true','https://www.amazon.com/gp/product/B075QMZH2L/ref=ox_sc_act_title_1?smid=A3NXM4WXV0WKDB&psc=1','2018-11-03 17:00:17');
INSERT INTO `Mercaderias` VALUES ('0b057b1b76b32bdb59a77894890eb855','IPHONE X 256GB','0923','UN','a63449d2d914423d390d56af1485f8fa','eaa08affddb6a3ef1cc010d9dfd5d145','511a875c01d429a16b2aa827d51264a4',0,2,1250,1250,0.6,'true','https://www.amazon.com/Apple-iPhone-GSM-Unlocked-5-8/dp/B075QMZH2L/ref=sr_1_1?s=wireless&ie=UTF8&qid=1544452004&sr=1-1&keywords=iphone+x+256&refinements=p_n_feature_twelve_browse-bin:17352550011,p_72:2491149011,p_n_condition-type:6503240011','2018-11-03 17:01:35');
INSERT INTO `Mercaderias` VALUES ('d6bf14bc9083f206cc3d4c9715e622cc','IPHONE XR 128GB - CDE','0813209','UN','a63449d2d914423d390d56af1485f8fa','eaa08affddb6a3ef1cc010d9dfd5d145','511a875c01d429a16b2aa827d51264a4',0,2,900,900,1,'true','https://www.comprasparaguai.com.br/celular-apple-iphone-xr-128gb_20691/','2018-11-03 17:03:51');
INSERT INTO `Mercaderias` VALUES ('ededa16120664a65a9688300f08c85ce','IPHONE XR 256GB -CDE','10832','UN','a63449d2d914423d390d56af1485f8fa','eaa08affddb6a3ef1cc010d9dfd5d145','511a875c01d429a16b2aa827d51264a4',0,2,1072,1072,1,'true','https://www.comprasparaguai.com.br/celular-apple-iphone-xr-256gb_20686/','2018-11-03 17:05:51');
INSERT INTO `Mercaderias` VALUES ('4e1283856acdda403455a2134162bb0a','IPHONE XR 64GB - CDE','0823','UN','a63449d2d914423d390d56af1485f8fa','eaa08affddb6a3ef1cc010d9dfd5d145','511a875c01d429a16b2aa827d51264a4',0,2,860,860,1,'true','https://www.comprasparaguai.com.br/celular-apple-iphone-xr-64gb_20695/','2018-11-03 17:07:53');
INSERT INTO `Mercaderias` VALUES ('eb3265721e868d745b0e2f901fc46388','BLACKVIEW BV9500 ALIEXPRESS','7890','UN','e0700be51ecc093858c91fd65220612b','eaa08affddb6a3ef1cc010d9dfd5d145','511a875c01d429a16b2aa827d51264a4',0,2,332.46,332.46,0.9,'true','https://shoppingcart.aliexpress.com/order/confirm_order.htm?objectId=32921384066&from=aliexpress&countryCode=US&shippingCompany=CAINIAO_STANDARD&provinceCode=&cityCode=&promiseId=&itemCondition=&aeOrderFrom=main_detail_bra&skuAttr=200000828:200003983#Blackview BV9500;14:193#Black&skucustomAttr=&quantity=1','2018-11-06 06:09:24');
INSERT INTO `Mercaderias` VALUES ('015f94b141c1ac22d3ca1b0f9935a810','IPAD PRO 2018 64GB 11''''','65432','UN','a63449d2d914423d390d56af1485f8fa','eaa08affddb6a3ef1cc010d9dfd5d145','f833929fa71b1b19a2278dd7d1e94a90',0,2,854.93,854.93,1,'true','preco nos eua','2018-11-12 07:25:34');
INSERT INTO `Mercaderias` VALUES ('6346fd97f97437a9d5e2af34b6915058','APPLE PENCIL 2 GER BLANCA','565675','UN','a63449d2d914423d390d56af1485f8fa','eaa08affddb6a3ef1cc010d9dfd5d145','64994a610a61e854244b722defac4e69',10,2,138.03,138.03,0.4,'true','precio de los EUA','2018-11-12 07:26:46');
INSERT INTO `Mercaderias` VALUES ('1c468a8abe1767aeeec008767e77af8c','SHAMPOO ARGAN E LINHAA BONI 500ML','1213','UN','9909035dc3ce82e69b8b17873306cbd3','738bc677f1f26e4ee441ccf13441a615','1',0,1,70240,70240,0,'true','br - 43,90','2018-11-15 13:01:43');
INSERT INTO `Mercaderias` VALUES ('10228b2a2eacfedf24fafa28f687b83a','CONDICIONADOR ARGAN E LINHAA BONI 500ML','7483','UN','9909035dc3ce82e69b8b17873306cbd3','738bc677f1f26e4ee441ccf13441a615','1',0,1,70240,70240,0,'true','br - 43,90','2018-11-15 13:02:56');
INSERT INTO `Mercaderias` VALUES ('93bb65e7ac48578ceefeb8ca48e0c7c6','MASCARA CAPILAR NATURAL E VEGANA ARGAN E LINHAA','738','UN','9909035dc3ce82e69b8b17873306cbd3','738bc677f1f26e4ee441ccf13441a615','1',0,1,63840,63840,0,'true','br - 39,90','2018-11-15 13:04:32');
INSERT INTO `Mercaderias` VALUES ('dda7c51d87c78f4454366087cd4616f5','SABONETE NATURAL E VEGANO GLICERINADO','74839','UN','9909035dc3ce82e69b8b17873306cbd3','738bc677f1f26e4ee441ccf13441a615','1',0,1,30400,30400,0,'true','br - 19,00','2018-11-15 13:06:12');
INSERT INTO `Mercaderias` VALUES ('948931c14af3f544a7195d8eac1ea594','SABONETE LIQUIDO NATURAL E VEGANO','718','UN','9909035dc3ce82e69b8b17873306cbd3','738bc677f1f26e4ee441ccf13441a615','1',0,1,60640,60640,0,'true','br - 37,90','2018-11-15 13:07:27');
INSERT INTO `Mercaderias` VALUES ('91e5718745eb20776d4d2a673e0ca8a3','PASTA DE DENTE NATURAL','7389','UN','9909035dc3ce82e69b8b17873306cbd3','738bc677f1f26e4ee441ccf13441a615','1',0,1,31840,31840,0,'true','br - 19,90','2018-11-15 13:08:51');
INSERT INTO `Mercaderias` VALUES ('ed91a4ea5bca926466d0fb8a9384853d','ENXAGUANTE BUCAL NATURAL','6478','UN','9909035dc3ce82e69b8b17873306cbd3','738bc677f1f26e4ee441ccf13441a615','1',0,1,31840,31840,0,'true','br - 19,90','2018-11-15 13:10:48');
INSERT INTO `Mercaderias` VALUES ('a9dc0dd58bcb05fbd3391d76b42bc475','TOALHA COSMETICA','65748','UN','9909035dc3ce82e69b8b17873306cbd3','738bc677f1f26e4ee441ccf13441a615','1',0,1,60640,60640,0,'true','br - 37,90','2018-11-15 13:12:03');
INSERT INTO `Mercaderias` VALUES ('d7cc0cb5c28304b24ee822c28dc0ce83','ESMALTE NATURAL GOLDEN SANDS','7489','UN','9909035dc3ce82e69b8b17873306cbd3','738bc677f1f26e4ee441ccf13441a615','1',0,1,14240,14240,0,'true','br - 8,90','2018-11-15 13:13:04');
INSERT INTO `Mercaderias` VALUES ('4f632fa191a472c87d0a214ee3134bcd','ESMALTE NATURAL PEACH PERFAIT','7489','UN','9909035dc3ce82e69b8b17873306cbd3','738bc677f1f26e4ee441ccf13441a615','1',0,1,14240,14240,0,'true','br- 8,90','2018-11-15 13:14:11');
INSERT INTO `Mercaderias` VALUES ('aaa1edf9264050eb3288c5e9c96d05bf','ESMALTE NATURAL BLACK ONYX','74389','UN','9909035dc3ce82e69b8b17873306cbd3','738bc677f1f26e4ee441ccf13441a615','1',0,1,8.9,8.9,0,'true','br - 8,90','2018-11-15 13:15:01');
INSERT INTO `Mercaderias` VALUES ('ddfadac88c207a11a5072bed8edda43a','GLOSS NUDE BIORT','1234','UN','9909035dc3ce82e69b8b17873306cbd3','738bc677f1f26e4ee441ccf13441a615','1',0,1,78240,78240,0,'true','br - 48,90','2018-11-15 13:15:55');
INSERT INTO `Mercaderias` VALUES ('6668139288efb0aabefab42f60029e4f','HIDRATANTE LABIAL UNEVIE','9097','UN','9909035dc3ce82e69b8b17873306cbd3','738bc677f1f26e4ee441ccf13441a615','1',0,1,47840,47840,0,'true','br - 29,90','2018-11-15 13:17:41');
INSERT INTO `Mercaderias` VALUES ('4aff32fcd4baabfe78639de7c4059688','FRETE','0298','UN','9909035dc3ce82e69b8b17873306cbd3','1','1',0,1,36640,36640,1,'true','da loja 22,90','2018-11-15 13:27:54');
INSERT INTO `Mercaderias` VALUES ('8db78846a4972c1c93c60fd98ab2e817','AURICULAR JBL T110 BLACK','0005','UN','528998ec6859cbaffbc21a6e8755b58e','eaa08affddb6a3ef1cc010d9dfd5d145','1',0,2,8,8,0,'true','cde','2018-11-22 13:36:26');
INSERT INTO `Mercaderias` VALUES ('7d623097d61fed20a87f7bff2334c761','CAFETEIRA POLISHOP','165','UN','a4a1020a764939b7c5ced67c921e3078','1b6f8965314674370b5fde4e7840ed99','1',0,1,319840,319840,1,'true','199.90 reais x 1600 cotacao','2018-11-26 17:22:50');
INSERT INTO `Mercaderias` VALUES ('9c32e04d69633d997d01508950fec508','IPHONE X 256GB CINZA ESPACIAL - CDE','38632','UN','a63449d2d914423d390d56af1485f8fa','eaa08affddb6a3ef1cc010d9dfd5d145','511a875c01d429a16b2aa827d51264a4',0,2,1070,1070,1,'true','https://www.casanissei.com/br/catalog/product/view/id/47750/s/celular-apple-iphone-x-a1901-gris-espacial-256gb-3gb-mqaf2bz-a/','2018-12-10 08:17:46');
INSERT INTO `Mercaderias` VALUES ('13f621522e2980e7db676b602f9cf919','IPHONE 7 128GB NEGRO','544248','UN','a63449d2d914423d390d56af1485f8fa','eaa08affddb6a3ef1cc010d9dfd5d145','511a875c01d429a16b2aa827d51264a4',0,2,540,540,1,'true','http://pioneerinter.com/departamentos/telefonia/smartphones/apple-iphone-7-128gb-a1660-47-2gb-ram-4g-lte-black-matte.html','2019-01-03 09:54:22');
INSERT INTO `Mercaderias` VALUES ('adffda0fb7c9e184896df7ac9476fd8c','IPHONE 7 128GB NEGRO - EUA','a1660','UN','a63449d2d914423d390d56af1485f8fa','eaa08affddb6a3ef1cc010d9dfd5d145','511a875c01d429a16b2aa827d51264a4',0,2,587.43,587.43,1,'true','','2019-01-04 12:00:12');
INSERT INTO `Mercaderias` VALUES ('f5a4b455f6c964b86437b8dfb1b49495','SHIMANO DURA ACE ST-R9120 HYDRAULIC DISC BRAKE DUA','4524667848530','UN','db627c843dd7b59dcacddbaff281d365','36a85c73b3768d741be5df178871e292','1ff1c4070bd50046e40856201a61602e',0,2,565,565,1,'true','https://www.ebay.com/itm/163148903600?ul_noapp=true','2019-01-04 12:11:17');
INSERT INTO `Mercaderias` VALUES ('6c4cb4ce2f59105c9a8cbbbe112d2dec','SHIMANO ULTEGRA HYDRAULIC/MECHANICAL ST-R8020 SHIF','223291224933','UN','db627c843dd7b59dcacddbaff281d365','36a85c73b3768d741be5df178871e292','1ff1c4070bd50046e40856201a61602e',0,2,355,355,1,'true','https://www.ebay.com/itm/223291224933?ul_noapp=true','2019-01-04 12:22:36');
INSERT INTO `Mercaderias` VALUES ('9f00f92e04c6273b1b0e34131621bae5','XIAOMI MI 8 128GB WHITE CDE','38881','UN','99b03cd17e5e906d0ebf6f23c71131d8','eaa08affddb6a3ef1cc010d9dfd5d145','511a875c01d429a16b2aa827d51264a4',0,2,405,405,1,'true','http://www.melodymegastore.com.py/br/celular-xiaomi/38881-celular-xiaomi-mi-8-128gb-white.html','2019-01-04 17:45:15');
INSERT INTO `Mercaderias` VALUES ('0e2b09305f17b730623e5f741a129b38','SHIMANO ULTEGRA BR-R8070 + ST-R8020 2X11-SPEED MEC','202503864831','UN','db627c843dd7b59dcacddbaff281d365','36a85c73b3768d741be5df178871e292','1ff1c4070bd50046e40856201a61602e',0,2,500,500,1.1,'true','https://rover.ebay.com/rover/0/0/0?mpre=https://www.ebay.com/ulk/itm/202503864831','2019-01-05 06:41:36');
INSERT INTO `Mercaderias` VALUES ('6acb03467487b82dab33c8acd40996a9','OTTO STICKS','02131','UN','e528967306323f257e3029bfb26fbd17','1','1',0,2,29.43,29.43,0.3,'true','','2019-01-08 11:34:01');
INSERT INTO `Mercaderias` VALUES ('d0063903cfa1d666f52e8a4c4e242718','NEW SHIMANO DURA ACE SM-RT900 SS 140MM  CENTE','332701570250','UN','db627c843dd7b59dcacddbaff281d365','36a85c73b3768d741be5df178871e292','1ff1c4070bd50046e40856201a61602e',0,2,77,77,1,'true','https://rover.ebay.com/rover/0/0/0?mpre=https://www.ebay.com/ulk/itm/332701570250','2019-01-08 18:03:29');
INSERT INTO `Mercaderias` VALUES ('47068ee4eaeb901ab8acffe56a16ef05','DOUBLE PAN JUMBO GRILL COOKWARE','3456','UN','c77b540b55a5c7a56501c916a0c21dfa','1b6f8965314674370b5fde4e7840ed99','2b00163d421a09febf20f561233426f8',5,2,83.9,83.9,2.4,'true','https://www.amazon.com/Happycall-Nonstick-Omelette-Dishwasher-PFOA-free/dp/B006WHT5LK/ref=mp_s_a_1_1?ie=UTF8&qid=1547043229&sr=8-1&pi=AC_SX236_SY340_QL65&keywords=double+pan+jumbo+grill+happycall','2019-01-09 11:27:26');
INSERT INTO `Mercaderias` VALUES ('2eaefe06157a5786f109cba1c6a17e00','SHURE SM35-XLR PERFORMANCE HEADSET CONDENSER MICRO','SM35-XLR','UN','61e48a38544628ec62341ecb8d366683','eaa08affddb6a3ef1cc010d9dfd5d145','9121274ba92926e182e6ba1e736a56e7',0,1,1067078,1067078,1,'true','https://www.amazon.com/gp/product/B00IVPG0SW/ref=ox_sc_act_title_1?smid=ATVPDKIKX0DER&psc=1','2019-01-14 06:06:25');
INSERT INTO `Mercaderias` VALUES ('30eb733e6646e2ab3e2af0f455e6b046','S8 64GB GSM UNLOCKED PHONE - INTERNATIONAL VERSION','A3IWU819C03265','UN','2','eaa08affddb6a3ef1cc010d9dfd5d145','511a875c01d429a16b2aa827d51264a4',0,2,450,450,1,'true','https://www.amazon.com/gp/product/B06XZPNYL7/ref=ox_sc_act_title_1?smid=A3IWU819C03265&psc=1','2019-01-14 14:56:55');
INSERT INTO `Mercaderias` VALUES ('82d18756003c8672b76969fbd555306a','GALAXY S9 UNLOCKED - 64GB - MIDNIGHT BLUE - USA','B079H6RLKQ','UN','2','eaa08affddb6a3ef1cc010d9dfd5d145','511a875c01d429a16b2aa827d51264a4',0,2,591,591,1,'true','https://www.amazon.com/dp/B079H6RLKQ?ref_=ams_ad_dp_ovrl','2019-01-15 05:57:51');
INSERT INTO `Mercaderias` VALUES ('3b624389cd87367c8f95ba75596fbe00','S9 SM-G9600 64GB DUAL SIM 5.8" CM.12MP+8MP - ROXO','1568127','UN','2','eaa08affddb6a3ef1cc010d9dfd5d145','511a875c01d429a16b2aa827d51264a4',0,1,3510000,3510000,1,'true','http://compras.cellshop.com.py/smartphones/1568127-smartphone-samsung-galaxy-s9-sm-g9600-64gb-dual-sim-5-8--c-m-12mp-8mp---roxo.html?search_query=s9&results=121','2019-01-15 06:14:25');
INSERT INTO `Mercaderias` VALUES ('348dc947ccd4c0d94371c40e3455b7d4','HUAWEI P20 LITE 4GB/32GB LTE DUAL SIM 5.84" ROSA','1612745','UN','4a9de1e2359238768eeccb4c97b8e5b2','eaa08affddb6a3ef1cc010d9dfd5d145','511a875c01d429a16b2aa827d51264a4',10,1,1543163,1543163,1,'true','http://compras.cellshop.com.py/smartphones/1612745-smartphone-huawei-p20-lite-4gb-32gb-lte-dual-sim-tela-5-84--c-m-16mp-2mp-16mp--rosa.html?search_query=p20&results=14','2019-01-15 06:40:31');
INSERT INTO `Mercaderias` VALUES ('2778964ae5c9ba1a71e7400c2137cf36','OSPW ALLOY SHIMANO 9100/9150 AND R8000 BLACK CERAM','106317','UN','db627c843dd7b59dcacddbaff281d365','36a85c73b3768d741be5df178871e292','1ff1c4070bd50046e40856201a61602e',0,2,627,627,1,'true','https://www.ceramicspeed.com/en/sport/shop/oversized-pulley-wheel-systems/ospw-system-for-shimano-9100-series/#sku=106317','2019-01-15 08:10:18');
INSERT INTO `Mercaderias` VALUES ('b87d321e9660ae81cc7ac145bd8f29c9','REDMI NOTE PRO 6 3GB/32GB DS 6.26" AZUL','1798630','UN','99b03cd17e5e906d0ebf6f23c71131d8','eaa08affddb6a3ef1cc010d9dfd5d145','511a875c01d429a16b2aa827d51264a4',10,1,1153475,1153475,1,'true','http://compras.cellshop.com.py/smartphones/1798630-smartphone-xiaomi-redmi-note-pro-6-3gb-32gb-lte-dual-sim-6-26--c-m-12-5mp--20-2mp---azul.html?search_query=redmi+note+6+&results=4','2019-01-15 09:01:17');
INSERT INTO `Mercaderias` VALUES ('269b14142d01c2f8e570a6d9ee4ce8b6','REDMI NOTE 6 PRO DUAL GLOBAL NEGRO - 64GB/4GB','42489','UN','99b03cd17e5e906d0ebf6f23c71131d8','eaa08affddb6a3ef1cc010d9dfd5d145','511a875c01d429a16b2aa827d51264a4',10,1,1420650,1420650,1,'true','https://www.casanissei.com/py/catalog/product/view/id/47465/s/celular-xiaomi-redmi-note-6-pro-dual-global-negro-64gb-4gb/','2019-01-15 09:03:43');
INSERT INTO `Mercaderias` VALUES ('de63f0d909aea44aaf0c3c920f072d31','REDMI S2 DUAL GLOBAL PLATA - 64GB/4GB','40810','UN','99b03cd17e5e906d0ebf6f23c71131d8','eaa08affddb6a3ef1cc010d9dfd5d145','511a875c01d429a16b2aa827d51264a4',0,1,1134688,1134688,1,'true','https://mobilezone.com.py/produto/comprar-smartphone-xiaomi-redmi-s2-ds-64gb-tela-5-99-12-5mp-16mp-os-8-1-0-cinza-no-paraguai-119764.html','2019-01-15 19:41:36');
INSERT INTO `Mercaderias` VALUES ('b574400e27e1c4556435b2d2e65bb24e','REDMI S2 DUAL GLOBAL ROSA DORADO - 64GB/4GB','41439','UN','99b03cd17e5e906d0ebf6f23c71131d8','eaa08affddb6a3ef1cc010d9dfd5d145','511a875c01d429a16b2aa827d51264a4',0,1,1112265,1112265,1,'true','https://www.casanissei.com/py/catalog/product/view/id/47834/s/celular-xiaomi-redmi-s2-dual-global-rosa-dorado-64gb-4gb/','2019-01-15 19:43:03');
INSERT INTO `Mercaderias` VALUES ('b38a5b23172df31270a59d3fb7f7d6e8','REDMI 6 3GB/64GB LTE DS DORADO','1784275','UN','99b03cd17e5e906d0ebf6f23c71131d8','eaa08affddb6a3ef1cc010d9dfd5d145','511a875c01d429a16b2aa827d51264a4',0,1,874418,874418,1,'true','https://mobilezone.com.py/','2019-01-15 19:55:25');
INSERT INTO `Mercaderias` VALUES ('2bd1c3890441eeda66da6b4f72602438','REDMI 6 3GB/64GB LTE DUAL SIM AZUL','1784268','UN','99b03cd17e5e906d0ebf6f23c71131d8','eaa08affddb6a3ef1cc010d9dfd5d145','511a875c01d429a16b2aa827d51264a4',0,1,823020,823020,1,'true','http://compras.cellshop.com.py/smartphones/1784268-smartphone-xiaomi-redmi-6-3gb-64gb-lte-dual-sim-5-45-c-m-12mp-5mp-5mp-azul.html?search_query=Redmi+6&results=11','2019-01-16 03:42:46');
INSERT INTO `Mercaderias` VALUES ('6b7163e2f0668697214b3cad02016b03','CASE FOR P20 LITE FULL BODY HEAVY DUTY ROSE','4348728581','UN','4a9de1e2359238768eeccb4c97b8e5b2','fe178a6b7368cec93c1f92b82a5bf776','511a875c01d429a16b2aa827d51264a4',0,1,57973,57973,0.3,'true','Orzero TPU + PC Hybrid Dual Layer Case For Huawei P20 Lite Full Body Heavy Duty Protection 360 Rotating Metal Ring [Adsorbed iron Plate] (Huawei P20 Lite Not Included)-Rose Gold','2019-01-18 05:17:40');
INSERT INTO `Mercaderias` VALUES ('8559b1573f0d4a8eb1d5e459090aacd0','SSD KINGSTON A400 480GB','1063868','UN','dbae40d53a49e1090c0997df46027164','c5d49862cda472f5ee9bddbf07fe0867','8327ccb1c8546c1edecae51da198854e',0,2,70,70,1,'true','','2019-01-21 08:22:19');
INSERT INTO `Mercaderias` VALUES ('65a213cdebef8b7fd1207816e8fc4597','SSD KINGSTON A400 240GB','1063875','UN','dbae40d53a49e1090c0997df46027164','c5d49862cda472f5ee9bddbf07fe0867','8327ccb1c8546c1edecae51da198854e',0,2,36,36,1,'true','','2019-01-21 08:34:05');
INSERT INTO `Mercaderias` VALUES ('6f1332da9f75741d9eb04e6c669c513e','OAKLEY ZERO PATH SUNGLASSES WHITE/PRIZM ROAD','0928057','UN','fd2416dc0b6b8f8c7c02a9c210d6fac2','fe178a6b7368cec93c1f92b82a5bf776','1ff1c4070bd50046e40856201a61602e',0,2,138.4,138.4,0.3,'true','','2019-01-28 18:32:46');
INSERT INTO `Mercaderias` VALUES ('80f67abee9ee42f0210c0f85c5ef15bf','SAMSUNG GALAXY S9+ LILAC 128GB','75890','UN','2','2','511a875c01d429a16b2aa827d51264a4',0,2,863.45,863.45,0.6,'true','eua','2019-01-28 19:00:50');
INSERT INTO `Mercaderias` VALUES ('5c0182d7bf070f683323985ae0cb3c75','SAMSUNG GALAXY S9 128GB DOURADA PY','464','UN','2','eaa08affddb6a3ef1cc010d9dfd5d145','511a875c01d429a16b2aa827d51264a4',0,2,670,670,0,'true','https://www.mobilezone.com.py/produto/comprar-smartphone-samsung-s9-g960fd-5-8-ds-lte-oc2-7-6-128gb-12-8mp-a8-sunrise-gold-no-paraguai-142984.html','2019-01-29 08:53:37');
INSERT INTO `Mercaderias` VALUES ('83fc05f8cc0de672174783b9cef30442','XIAOMI MI A2 4GB/32GB DOURADO (RAFA MOREIRA)','16135','UN','99b03cd17e5e906d0ebf6f23c71131d8','eaa08affddb6a3ef1cc010d9dfd5d145','511a875c01d429a16b2aa827d51264a4',0,1,1278115,1278115,1,'true','','2019-01-29 15:04:20');
INSERT INTO `Mercaderias` VALUES ('a9a7edff263bd6627a96d1740f4bd5da','XIAOMI REDMI S2 DS 64GB CINZA ( RAFA MOREIRA)','64648','UN','99b03cd17e5e906d0ebf6f23c71131d8','eaa08affddb6a3ef1cc010d9dfd5d145','511a875c01d429a16b2aa827d51264a4',0,1,1136576,1136576,1,'true','','2019-01-29 15:23:55');
DROP TABLE IF EXISTS `Medios_pagos`;
CREATE TABLE IF NOT EXISTS `Medios_pagos` (
	`c_id`	character ( 32 ) NOT NULL,
	`c_descripcion`	character ( 30 ),
	`b_activo`	BOOLEAN DEFAULT true,
	`ts_insert`	timestamp DEFAULT (datetime('now','localtime')),
	PRIMARY KEY(`c_id`)
);
INSERT INTO `Medios_pagos` VALUES ('1','DINERO','true','2018-07-25 07:41:22');
INSERT INTO `Medios_pagos` VALUES ('2','CHEQUE','true','2018-07-25 07:41:22');
INSERT INTO `Medios_pagos` VALUES ('3','TRANSFERENCIA','true','2018-07-25 07:41:23');
INSERT INTO `Medios_pagos` VALUES ('4','TARJETA DE CREDITO','true','2018-07-25 07:41:23');
INSERT INTO `Medios_pagos` VALUES ('5','INTERCAMBIO DE SERVICIOS','true','2018-07-25 07:41:23');
DROP TABLE IF EXISTS `Items_servicios`;
CREATE TABLE IF NOT EXISTS `Items_servicios` (
	`c_id`	character ( 32 ) NOT NULL,
	`c_id_presupuesto`	character ( 32 ) NOT NULL,
	`c_descripcion`	character ( 50 ) NOT NULL,
	`n_cantidad`	numeric ( 15 , 5 ),
	`n_unitario`	numeric ( 15 , 5 ),
	`n_exentas`	numeric ( 15 , 5 ),
	`n_gravadas_5`	numeric ( 15 , 5 ),
	`n_gravadas_10`	numeric ( 15 , 5 ),
	`t_observacion`	text,
	`ts_insert`	timestamp DEFAULT (datetime('now','localtime')),
	PRIMARY KEY(`c_id`)
);
INSERT INTO `Items_servicios` VALUES ('ce279d58e4598c95023d02d76d5b11a4','56929221a93bd2968caa1b7d60c30a7a','IMPUESTO DE CELULARES',1,15,15,0,0,'','2019-01-04 12:02:39');
INSERT INTO `Items_servicios` VALUES ('49a5db1ff4b7ebac10038a0594cf1fb1','f76408acb8d3ef9fd8cc9dbb7186284a','IMPUESTO DE CELULARES',1,15,15,0,0,'','2019-01-04 12:04:01');
INSERT INTO `Items_servicios` VALUES ('eb40f0c8d2ec647268eb058f19485b8c','55fb34f1b3db0bff8244c4843182b02d','IMPUESTO DE CELULARES',1,93000,93000,0,0,'','2019-01-08 11:05:02');
INSERT INTO `Items_servicios` VALUES ('5120a9a5528d283b1746a0d4a77d8f50','191f62848b2e45465a376f481a0ef85d','IMPUESTO DE CELULARES',1,93000,93000,0,0,'','2019-01-08 11:16:59');
INSERT INTO `Items_servicios` VALUES ('8d3f0c40d262db4ea196408398bf1edb','4f540b6e05b08d0682fbfbffc11f02e4','IMPUESTO DE CELULARES',1,96000,96000,0,0,'','2019-01-14 14:59:50');
INSERT INTO `Items_servicios` VALUES ('e6aa4c83d9558bf77c07e365f86815f2','9e2df186232b3ca8ea816046702041cb','INTERES DE LA TARJETA',6,23147,138882,0,0,'','2019-01-15 06:46:19');
INSERT INTO `Items_servicios` VALUES ('990fe16e5d7f2e54d2e1095fd1ed5d3f','adb494d0dcc2d8186137afeb28d2f647','INTERES DE LA TARJETA',6,40000,240000,0,0,'','2019-01-15 08:40:51');
INSERT INTO `Items_servicios` VALUES ('397459022f1a71c428fdf145ef72fad6','50580f9dc48e7933a91756c123344b2e','INTERES DE LA TARJETA',6,40000,240000,0,0,'','2019-01-15 09:04:53');
INSERT INTO `Items_servicios` VALUES ('118978a4470af998abf2f1d28e9cf407','2536e3e6350473989350324acdbb9251','INTERES DE LA TARJETA',6,40000,240000,0,0,'','2019-01-15 09:13:00');
INSERT INTO `Items_servicios` VALUES ('6aa70eb017bb74f92d7c775de4241f12','90dfd20c01943eac40ffba7f56ff4a10','INTERES DE LA TARJETA',6,35000,210000,0,0,'','2019-01-15 19:44:23');
INSERT INTO `Items_servicios` VALUES ('3da9d56c2ec769bf09b0e471889839e3','dc93589b08fb80dcffaf1ed6128b45e2','INTERES DE LA TARJETA',6,35000,210000,0,0,'','2019-01-15 19:46:40');
INSERT INTO `Items_servicios` VALUES ('0a329d2ab3c6c3a7ded9818c50125e1f','579f59ac50b2e679af101d459dbdfe35','INTERES DE LA TARJETA',6,30000,180000,0,0,'','2019-01-15 19:57:10');
INSERT INTO `Items_servicios` VALUES ('968b77f5f0b3674399c963cefeb7e28f','e09cec4a010561a46fea07caf756459f','INTERES DE LA TARJETA',6,40000,240000,0,0,'','2019-01-16 03:43:46');
INSERT INTO `Items_servicios` VALUES ('810202896a30494d70dd120feefc6ebe','ada127a97ed3f51df148fb72ba9c2ce6','INTERES DE LA TARJETA',6,40000,240000,0,0,'','2019-01-18 06:57:12');
INSERT INTO `Items_servicios` VALUES ('4040d454586d0f09e20e8ca9779ede05','40426f6dc301c74afc432b3f24f2590a','IMPUESTO DE CELULARES',1,96510,96510,0,0,'','2019-01-28 19:03:16');
INSERT INTO `Items_servicios` VALUES ('afbd211b0489fd2a951aa987df9a9702','68151c806f3613331565f0b1c81e9766','INTERES DE LA TARJETA',6,40000,240000,0,0,'','2019-01-29 15:13:23');
INSERT INTO `Items_servicios` VALUES ('1273f9eda408bed08e604c248c2ff963','53558c6c7c912d0e21c062c80f3c4771','INTERES DE LA TARJETA',6,40000,240000,0,0,'','2019-01-29 15:28:23');
INSERT INTO `Items_servicios` VALUES ('785ac57924ade82d4ec43d8f91c0ed83','71523875bfc13ae57817cf0337934638','INTERES DE LA TARJETA',7,91991,643937,0,0,'','2019-02-05 17:09:38');
DROP TABLE IF EXISTS `Items_mercaderias`;
CREATE TABLE IF NOT EXISTS `Items_mercaderias` (
	`c_id`	CHARACTER ( 32 ) NOT NULL,
	`c_id_presupuesto`	CHARACTER ( 32 ) NOT NULL,
	`c_descripcion`	CHARACTER ( 50 ) NOT NULL,
	`n_cantidad`	NUMERIC ( 15 , 5 ),
	`n_unitario`	NUMERIC ( 15 , 5 ),
	`n_exentas`	NUMERIC ( 15 , 5 ),
	`n_gravadas_5`	NUMERIC ( 15 , 5 ),
	`n_gravadas_10`	NUMERIC ( 15 , 5 ),
	`n_peso`	NUMERIC ( 15 , 5 ),
	`b_seguro`	BOOLEAN DEFAULT ('false'),
	`t_observacion`	TEXT,
	`ts_insert`	TIMESTAMP DEFAULT (datetime('now','localtime'))
);
INSERT INTO `Items_mercaderias` VALUES ('24d1a6f8d7b615c98a444ae23a2d01f3','e3ce09b0eb9d2ff8668d737917b40238','BIBICLETA SPECIALIZED',1,14250000,14250000,0,0,14.5,'true','','2018-07-24 11:23:57');
INSERT INTO `Items_mercaderias` VALUES ('8952755b154aebac38ce96c0f4188276','99f8ed19a70f6c27b30e7abb0fe8fed7','CHAMPION SPECIALIZED',1,1961120,1961120,0,0,1,'false','','2018-07-24 11:27:41');
INSERT INTO `Items_mercaderias` VALUES ('db3497fd802a6a421b576f84399a17aa','881c9dd4653877b99084e4d16214b306','NOTEBOOK DELL I5767-3649GRY I7-7500U 2.7GHZ / 8GB',1,4326300,4326300,0,0,4,'false','Notebook Dell I5767-3649GRY i7-7500U 2.7GHZ / 8GB / 1TB / Gravador RW / 17.3','2018-07-24 11:28:49');
INSERT INTO `Items_mercaderias` VALUES ('59442ae9fc309b38768a87e41ca10223','3c0b3d060f72fc2ccfeba2d8365c5f9a','NOTEBOOK ACER GAMING NITRO 5 AN515-51-55WL',1,4531500,4531500,0,0,4,'false','Notebook Acer Gaming Nitro 5 AN515-51-55WL I5-7300HQ 2.5GHz / 8Gb / 256Gb SSD M.2 / 15.6','2018-07-24 11:30:08');
INSERT INTO `Items_mercaderias` VALUES ('8f6dd15a9f58f27da88a954dda39f750','9dc2c98ca29efab881f5a1980b6a132d','RAY-BAN SCUDERIA FERRARI COLLECTION',1,1880418,1880418,0,0,0.5,'true','Frame: BlackLenses: Polarized, Silver Mirror Chromance
Size:Standard
Included:Case','2018-07-24 11:31:44');
INSERT INTO `Items_mercaderias` VALUES ('3af892246b45298f81acebc5ae4f6e55','6d3d5305478ce3758d08b32f5d57c7bd','CARGADOR LG K10',1,62700,62700,0,0,0.5,'false','','2018-07-24 15:30:02');
INSERT INTO `Items_mercaderias` VALUES ('3c4bd9f6a5a7bbad3314280e60fa1c17','6d3d5305478ce3758d08b32f5d57c7bd','CARGADOR ACER ORIGINAL',1,85500,85500,0,0,0.5,'false','','2018-07-24 15:30:38');
INSERT INTO `Items_mercaderias` VALUES ('d8fe59486d62c575759d403642d4b8f7','5d8c480b4ca8b0493c44b54595585f97','NEW ORIGINAL SAMSUNG GALAXY NOTE 4 IV BATTERY',1,81142,81142,0,0,0.5,'false','New Original Samsung Galaxy Note 4 IV Battery for BN910BB SM-N910 N910A N910T - Retail Packaging','2018-07-26 13:31:01');
INSERT INTO `Items_mercaderias` VALUES ('7f03ed60e303b00bd106dbac288a4d3b','c6a1853dcb5c43d584175a135d588c71','LG G4 32GB NEGRO- USADO',1,421743,421743,0,0,1,'false','','2018-07-26 18:52:57');
INSERT INTO `Items_mercaderias` VALUES ('881a0ab67c2b08691e587e62ea2d1ca5','2ac27cd610476cb1558ea4be4a353242','LG G4 32GB AZUL- NUEVO',1,711816,711816,0,0,0.5,'false','NUEVO','2018-07-26 19:38:00');
INSERT INTO `Items_mercaderias` VALUES ('bb376fe5932d92e1142fc1ee0c7afc1c','2de0356b869de08145b93aa1207726f5','XIAOMI REDMI 5 32GB',1,737296,737296,0,0,0.5,'false','Xiaomi Redmi 5 GLOBAL VERSION 32GB (FACTORY UNLOCKED) 5.7','2018-07-30 21:53:44');
INSERT INTO `Items_mercaderias` VALUES ('e6f412526eb74c4301d4086f2e228d9e','862ea138c39836710ad712e7258990b3','TISSOT MEN''S T-RACE STAINLESS STEEL BLACK',1,2819699,2819699,0,0,1,'true','Tissot Men''s T-Race Stainless Steel Black Watch with Rubber Strap','2018-07-30 22:03:44');
INSERT INTO `Items_mercaderias` VALUES ('87b40911780639a45ee3ea85fafcc630','b301e4a0feacbc95436feda34c0d8547','FINE SEA SALT - 2 PACK (SAL MARINHO)',1,50264,50264,0,0,0.65,'false','','2018-07-31 08:05:42');
INSERT INTO `Items_mercaderias` VALUES ('8587e44b6b8b8fc8b992fb20f94ffe84','b301e4a0feacbc95436feda34c0d8547','MONKFRUIT SWEETENER 1 LB (ADOANTE)',1,67039,67039,0,0,0.46,'false','','2018-07-31 08:06:15');
INSERT INTO `Items_mercaderias` VALUES ('05d9f645b2e2abcb53f88d619b21cb5d','b301e4a0feacbc95436feda34c0d8547','NUTRITIONAL YEAST 10 OZ',1,50325,50325,0,0,0.4,'false','','2018-07-31 08:06:51');
INSERT INTO `Items_mercaderias` VALUES ('4245478ad63f4c717bcfbe03b4d1c3f8','b301e4a0feacbc95436feda34c0d8547','MORINGA EM P 100G',1,54900,54900,0,0,0.14,'false','','2018-07-31 08:07:22');
INSERT INTO `Items_mercaderias` VALUES ('3573e8a0fbc33091e8642d6eb6f814db','b301e4a0feacbc95436feda34c0d8547','FILTRO CERAMICA V60 SIZE 02',1,125050,125050,0,0,0.45,'false','','2018-07-31 08:08:01');
INSERT INTO `Items_mercaderias` VALUES ('e974ff2105839c9626e362bc64abfa35','b301e4a0feacbc95436feda34c0d8547','TULSI TEA TEA BAGS SWEET ROSE 18 BOLSAS',2,12169,24339,0,0,0.09,'false','','2018-07-31 08:08:40');
INSERT INTO `Items_mercaderias` VALUES ('9d4bac59b9dc6bfb882eba398b47d169','b301e4a0feacbc95436feda34c0d8547','CHALEIRA VIDRO COM INFUSOR 1,2L PROMO PRIME',1,84485,84485,0,0,0.54,'true','','2018-07-31 08:09:21');
INSERT INTO `Items_mercaderias` VALUES ('3eba8c1711b280bab289fc6f4a9b5af4','53d4f26b16d9d23f6cc655a0b8fb10ba','LG G4 H815 32GB LTE 1SIM TELA 5.5',1,1285000,1285000,0,0,0.5,'false','Smartphone LG G4 H815 32GB LTE 1Sim Tela 5.5','2018-07-31 13:43:53');
INSERT INTO `Items_mercaderias` VALUES ('5a9938ef30009eff50e3e673d386347f','552454a678503b180d5ad34cf50cafbd','BANQUETA BISTR RATTAN',1,205000,205000,0,0,10,'false','Corina','2018-08-01 08:52:07');
INSERT INTO `Items_mercaderias` VALUES ('e5b040ad946f7c7a7bce9c7460a32987','f3cd101ede214634022265083bfc38b1','BANQUETA GIRATRIA LTUS ABS ALTURA AJUSTAVEL MOR',1,204000,204000,0,0,2.5,'false','','2018-08-01 09:13:09');
INSERT INTO `Items_mercaderias` VALUES ('44e2f2c56c996b21b02e81e77bdedaf1','ace9868caa902ba98def1ced28305b81','IPHONE 8 256GB SPACE GRAY - EUA',1,5314316,5314316,0,0,1.5,'false','','2018-08-03 08:52:05');
INSERT INTO `Items_mercaderias` VALUES ('ccc3323019a97c8c59601b9756bb92fb','ba60f74d881f9235358e15e0add8a96e','SMARTPHONE APPLE IPHONE 8 256GB TELA 4,7 CHIP A11',1,4867200,4867200,0,0,1.5,'false','sin ivA ESTE VALOR 
http://casabo.com.py/produto/comprar-smartphone-apple-iphone-8-256gb-tela-4-7-chip-a11-cam-12-mpx-7-mpx-ios-11-bz-cinza-no-paraguai-584814.html','2018-08-03 08:55:25');
INSERT INTO `Items_mercaderias` VALUES ('d4df27344cc6bb410a542ddfc5ae5372','6e21d3d4e7a2898a067886a76447430f','IPHONE 8 PLUS 256GB SILVER - EUA',1,5940266,5940266,0,0,1.5,'false','','2018-08-03 08:58:50');
INSERT INTO `Items_mercaderias` VALUES ('a298cbf46721579bc3e30dadf9cf99ee','b187a22eedcc8b1419f60084d4ff3105','CELULAR APPLE IPHONE 8 PLUS A1897LZ - 5.5 POLEGADA',1,5528250,5528250,0,0,1.5,'false','http://www.madridcenter.com/produto/celular-apple-iphone-8-plus-548380.html','2018-08-03 09:02:12');
INSERT INTO `Items_mercaderias` VALUES ('82e0e0dddb60bfd56ff57b2fe0b762d7','0c4f9dc2919c78d19713ce57f892e706','IPHONE X 64GB SPACE GRAY - EUA',1,6253241,6253241,0,0,1.5,'false','','2018-08-03 09:57:07');
INSERT INTO `Items_mercaderias` VALUES ('ce7152a558f78d51f8b8638d08f1934a','ef14bc898157fb68382cc2653ce6c527','CELULAR APPLE IPHONE X 64GB LTE -CDE',1,5832450,5832450,0,0,1.5,'false','Celular Apple iPhone X 64GB LTE Chip A11 /IP67 /12 MPx/ Cmera TrueDepth 7 MPx/4K/iOS 11/ A1901-Cinza-espacial
http://casabo.com.py/produto/comprar-celular-apple-iphone-x-64gb-lte-chip-a11-ip67-12-mpx-cmera-truedepth-7-mpx-4k-ios-11-a1901-cinza-espacial-no-paraguai-534618.html','2018-08-03 09:58:20');
INSERT INTO `Items_mercaderias` VALUES ('1c12e506ec41654277e8ef3a020b81dc','ffdf40efd842540c126d4813240d0af0','GALAXY S9 SM-G9600 DUAL SIM 5.8',1,3714692,3714692,0,0,1.5,'false','https://www.amazon.com/dp/B07BHT4KGM/ref=twister_B07BTHF7BV?_encoding=UTF8&psc=1','2018-08-03 14:53:58');
INSERT INTO `Items_mercaderias` VALUES ('ac447afcd4df0144d52315bb66a87833','d8c3d685145349c34d0431fd214596b7','SAMSUNG GALAXY S9+ SM-G9650 DUAL 64GB -CDE',1,4381650,4381650,0,0,1,'false','https://www.comprasparaguai.com.br/celular-samsung-galaxy-s9-plus-sm-g9650-dual-chip-64gb-4g_18214/','2018-08-03 14:55:22');
INSERT INTO `Items_mercaderias` VALUES ('d9b468822cacffb3ab52448a6688ab7d','1818571cdff7e098612b8aced5331466','SAMSUNG GALAXY S9+ SM-G965F/DS 128GB -EUA',1,4548317,4548317,0,0,1.5,'false','https://www.amazon.com/Samsung-SM-G965F-DS-6-2-inches-Unlocked/dp/B07CCF4VQL/ref=sr_1_4?s=wireless&ie=UTF8&qid=1533321666&sr=1-4&keywords=samsung+s9+plus&dpID=41uIro6oPiL&preST=_SY300_QL70_&dpSrc=srch','2018-08-03 14:56:11');
INSERT INTO `Items_mercaderias` VALUES ('849df401f8327da57be85352fc5374bb','9b8c1d882673699ac9386fff314fff03','APS 1987-1991 FORD BRONCO/F-SERIES PICKUP BILLET',1,341524,341524,0,0,4,'false','APS 1987-1991 Ford Bronco/F-Series Pickup Billet Grille Insert #S18-A90058F','2018-08-04 15:17:15');
INSERT INTO `Items_mercaderias` VALUES ('e58d4218575705f95dd1c93e21780629','9b8c1d882673699ac9386fff314fff03','SCITOO DOOR MIRRORS CHROME REPLACE MIRROR PARTS',1,134205,134205,0,0,2,'false','Scitoo Door Mirrors Chrome Replace Mirror Parts with Manually Operated Function fit 80-96 Ford Ranger Explorer F150 F250 F350 F450 Bronco, Comes with Driver or Passenger Side Mirror','2018-08-04 15:17:38');
INSERT INTO `Items_mercaderias` VALUES ('155e94c648997e3b51cdc279ea7104a6','9b8c1d882673699ac9386fff314fff03','SMOKE ROOF CAB MARKER LIGHT W/9 AMBER LED LIGHTS B',1,158617,158617,0,0,1,'false','Smoke Roof Cab Marker Light w/9 Amber LED Lights Bulbs Assembly for 1999-2016 Ford E150-450 F250-750 (5pcs)','2018-08-04 15:17:58');
INSERT INTO `Items_mercaderias` VALUES ('64bb20ebd122d03976a3caf5918854be','e1b84abcc9bacd473e1ace3a9d07255f','6-1 CELLULITE REMOVAL 3-POLAR RF',1,2954250,2954250,0,0,30,'true','6-1 Cellulite Removal 3-Polar RF Hot Sale LLLT Fat Cavitation Body Slim Machine
model: WL-919MS','2018-08-06 19:10:41');
INSERT INTO `Items_mercaderias` VALUES ('9a4cce4589c4e3f3a614ec1b165fea2d','3dea1a8f4357a19c93958dd927487008','FACIAL MAGNIFING LAMP FLOOR 5 DIOPTER LED',1,280000,280000,0,0,7,'false','Facial Magnifing Lamp Floor 5 Diopter LED Magnifier Light W/Adjustable Swivel Arm And Rolling Stand For Beauty Salon Skincare Manicure Tattoo','2018-08-06 19:47:13');
INSERT INTO `Items_mercaderias` VALUES ('2ee896edade6972967c95fc566c9ab2b','a06d7e0ae8b915e05ea2921913bb2b61','GALAXY NOTE 4 CASE, BENTOBEN SLIM SCRATCH ROSE',1,40252,40252,0,0,0.5,'false','Galaxy Note 4 Case, BENTOBEN Slim Scratch Resistant Dual Layered Rugged Hybrid Hard PC Shell Flexible Inner TPU Bumper Protective Case for Samsung Galaxy Note 4, Rose','2018-08-07 07:47:43');
INSERT INTO `Items_mercaderias` VALUES ('4d346d83383a5abffb9a08d33ad3893a','68553c4506b3e3ff189de70047e9ea82','LG G4 32GB AZUL- NUEVO',1,702000,702000,0,0,1,'false','NUEVO','2018-08-07 10:56:38');
INSERT INTO `Items_mercaderias` VALUES ('1ad5b405901cdc3e139e61b893bbb6c9','af62698523cfc7fc23752c4be7b5171f','FILA WOMEN''S DISRUPTOR II PREMIUM SNEAKERS',1,915445,915445,0,0,1.5,'false','https://www.amazon.com/dp/B074448257/ref=cm_sw_r_wa_awdb_t1_glBABb3619DA4?th=1&psc=1','2018-08-07 11:15:35');
INSERT INTO `Items_mercaderias` VALUES ('2d5f8f25cef46e1b820b1ac98c5519ca','9ab3b92d32425529370f4a43e09e9725','FILA WOMEN''S DISRUPTOR II PREMIUM SNEAKERS',1,149.95,149.95,0,0,1.5,'false','https://www.amazon.com/dp/B074448257/ref=cm_sw_r_wa_awdb_t1_glBABb3619DA4?th=1&psc=1','2018-08-08 21:35:20');
INSERT INTO `Items_mercaderias` VALUES ('38eb4d1ed5a9de6333b21910728145fc','341462318900f213d3029a9ee8bec762','MEN''S HIGH ANKLE SOCCER CLEATS MERCURIAL SUPERFLY',1,1222294,1222294,0,0,2.5,'false','Men''s High Ankle Soccer Cleats Mercurial Superfly V FG Ronaldo CR7 White
https://www.amazon.com/gp/product/B07F62Q843/ref=ox_sc_act_title_1?smid=A3JXDMXO3GJZF2&psc=1','2018-08-11 13:59:35');
INSERT INTO `Items_mercaderias` VALUES ('50e52900d702643addd04805b6dad751','4a47353553cff4d583db4640810db009','SPEEDCRAFT - PETER SAGAN CHROMIUM RED',1,1287000,1287000,0,0,0.5,'true','','2018-08-13 07:35:47');
INSERT INTO `Items_mercaderias` VALUES ('4dc6ec601dd57f66330f59d4040279c9','26e3a82b39a905439be2b43cdbd2f48e','MIGHTY C HOODED JUMPSUIT 118I407 12M NAVY HEATHER',1,47200,47200,0,0,0,'true','','2018-08-13 11:50:54');
INSERT INTO `Items_mercaderias` VALUES ('680689adac518e6b44ddfe3f30ccae96','26e3a82b39a905439be2b43cdbd2f48e','3-PIECE LITTLE CHARACTER SET 126H757 9M RED',1,82600,82600,0,0,0,'true','','2018-08-13 11:52:05');
INSERT INTO `Items_mercaderias` VALUES ('50bf97008267893c5b448856f0cffdf6','26e3a82b39a905439be2b43cdbd2f48e','ZIP-UP POCKET HOODIE 118I492 24M COLOR : PINK',1,51920,51920,0,0,0,'true','','2018-08-13 11:55:43');
INSERT INTO `Items_mercaderias` VALUES ('5f64ef759869a66cfb554c201b3bd12d','26e3a82b39a905439be2b43cdbd2f48e','2-PIECE PEPLUM BODYSUIT PANT SET 121I665 9M PINK',1,59000,59000,0,0,0,'true','','2018-08-13 11:57:05');
INSERT INTO `Items_mercaderias` VALUES ('a6b180e39197f490426cd02669b3186c','26e3a82b39a905439be2b43cdbd2f48e','2-PIECE BODYSUIT PANT SET 121I668 9M TURQUOISE',1,59000,59000,0,0,0,'true','','2018-08-13 11:58:05');
INSERT INTO `Items_mercaderias` VALUES ('147188c9936761e606834657afcf2494','26e3a82b39a905439be2b43cdbd2f48e','3-PIECE LITTLE CHARACTER SET 126H757 12M RED',1,82600,82600,0,0,0,'true','','2018-08-13 11:59:21');
INSERT INTO `Items_mercaderias` VALUES ('ddd358d330d65e5ee2c6bce650fc0123','26e3a82b39a905439be2b43cdbd2f48e','3-PIECE FIRETRUCK LITTLE VEST SET 121I701 24M BUR.',1,106200,106200,0,0,0,'true','','2018-08-13 13:17:59');
INSERT INTO `Items_mercaderias` VALUES ('7ae4cdf0019b4d95fa868ad155e594b2','26e3a82b39a905439be2b43cdbd2f48e','BE AWESOME PULLOVER HOODIE 293G092 14 PINK',1,61360,61360,0,0,0,'true','','2018-08-13 13:19:15');
INSERT INTO `Items_mercaderias` VALUES ('d896b95f4df22d6373df414b2a56144f','26e3a82b39a905439be2b43cdbd2f48e','SHERPA HOODED BUNTING 127H365 9M GREY',1,134520,134520,0,0,0,'true','','2018-08-13 18:31:25');
INSERT INTO `Items_mercaderias` VALUES ('7f0b2c19e2b6c040960b97d2edb0ead4','26e3a82b39a905439be2b43cdbd2f48e','SHERPA HOODED BUNTING 127H359 9M PINK',1,134520,134520,0,0,0,'true','','2018-08-13 18:32:12');
INSERT INTO `Items_mercaderias` VALUES ('5bbfb9459ab40b145ddac8c08c1e60d6','26e3a82b39a905439be2b43cdbd2f48e','ZIP-UP HOODIE 118I730 24M NAVY HEATHER',1,51920,51920,0,0,0,'true','','2018-08-13 18:32:57');
INSERT INTO `Items_mercaderias` VALUES ('29448d4a9f7d35bc984294c2efb78075','26e3a82b39a905439be2b43cdbd2f48e','IMPUESTO DE LOS EUA',1,220000,220000,0,0,0,'false','','2018-08-13 18:45:15');
INSERT INTO `Items_mercaderias` VALUES ('2024f6748da3d3ba5e77ecaa8ca09e2f','26e3a82b39a905439be2b43cdbd2f48e','FLORAL HOODED FLEECE JUMPSUIT 24M IVORY',1,70800,70800,0,0,0,'true','','2018-08-13 20:07:50');
INSERT INTO `Items_mercaderias` VALUES ('11e7daa3ca08929567e810eeb833b419','26e3a82b39a905439be2b43cdbd2f48e','1-PIECE SNUG FIT COTTON PJS 12M MULTI',1,37701,37701,0,0,0,'true','','2018-08-13 20:10:05');
INSERT INTO `Items_mercaderias` VALUES ('83c20d6bbc19320ef4464803c3d63027','26e3a82b39a905439be2b43cdbd2f48e','ZIP-UP LITTLE BROTHER COTTON SLEEP 9M BLUE',1,28261,28261,0,0,0,'true','','2018-08-13 20:11:48');
INSERT INTO `Items_mercaderias` VALUES ('9f3db7aac8b8471dbb1d8b73da0a382c','26e3a82b39a905439be2b43cdbd2f48e','ZIP-UP WINDBREAKER 4T BLACK',1,106200,106200,0,0,0,'true','','2018-08-13 20:13:17');
INSERT INTO `Items_mercaderias` VALUES ('eaf64e09e71ef97f3561f384f34ac918','26e3a82b39a905439be2b43cdbd2f48e','2-PIECE BODYSUIT PANT SET 6M PINK/BLACK',1,47200,47200,0,0,0,'true','','2018-08-13 20:14:47');
INSERT INTO `Items_mercaderias` VALUES ('82f93f5998e11f87068f5349713beb01','26e3a82b39a905439be2b43cdbd2f48e','2-PIECE BODYSUIT PANT SET 6M IVORY',1,59000,59000,0,0,0,'true','','2018-08-13 20:16:24');
INSERT INTO `Items_mercaderias` VALUES ('2926087b24ae5a39d26b9e4a6dd00899','26e3a82b39a905439be2b43cdbd2f48e','2-PACK ZIP-UP COTTON SLEEP PLAY 6M IVORY/BLUE',1,88500,88500,0,0,0,'true','','2018-08-14 08:04:48');
INSERT INTO `Items_mercaderias` VALUES ('3032866671b37db8086d72507b89b45d','26e3a82b39a905439be2b43cdbd2f48e','3-PIECE LITTLE JACKET SET 24M HEATHER/PINK/GREEN',1,88323,88323,0,0,0,'true','','2018-08-14 08:06:20');
INSERT INTO `Items_mercaderias` VALUES ('3737d454abe9bf872f5b4feb8aa94113','26e3a82b39a905439be2b43cdbd2f48e','3-PIECE LITTLE VEST SET 24M PINK/GREEN',1,82423,82423,0,0,0,'true','','2018-08-14 08:09:10');
INSERT INTO `Items_mercaderias` VALUES ('b522d5b5c54611fff7d732c8ed2ebd04','26e3a82b39a905439be2b43cdbd2f48e','ZIP-UP SMILEY FACE HOODIE 14 PURPLE',1,76700,76700,0,0,0,'true','','2018-08-14 08:11:52');
INSERT INTO `Items_mercaderias` VALUES ('fb14bd066c64e505095076c6ee530cf3','26e3a82b39a905439be2b43cdbd2f48e','1-PIECE PANDA POLY PJS 24M BLUE',1,59000,59000,0,0,0,'true','','2018-08-14 08:13:54');
INSERT INTO `Items_mercaderias` VALUES ('d5bc6c685a56b61f03b8d41fc8d12c34','26e3a82b39a905439be2b43cdbd2f48e','4-PIECE GLITTER UNICORN S F C PJS 14 HEAT/BLUE/PUR',1,123900,123900,0,0,0,'true','','2018-08-14 08:16:23');
INSERT INTO `Items_mercaderias` VALUES ('7ba84500f314ca27d33e5cd6b0427e11','26e3a82b39a905439be2b43cdbd2f48e','2-PIECE BODYSUIT PANT SET 12M IVORY',1,52923,52923,0,0,0,'true','2-PIECE BODYSUIT PANT SET 12M IVORY','2018-08-14 08:17:53');
INSERT INTO `Items_mercaderias` VALUES ('c1923c03c148ffcd863abde105b1bc8c','26e3a82b39a905439be2b43cdbd2f48e','KOALA HOODED FLEECE JUMPSUIT 24M HEATHER',1,58823,58823,0,0,0,'true','','2018-08-14 08:19:22');
INSERT INTO `Items_mercaderias` VALUES ('42fe339fb3785127c3b6c10cb3178f1d','26e3a82b39a905439be2b43cdbd2f48e','BIRD FLEECE HOODED JUMPSUIT 6M MULTI',1,58823,58823,0,0,0,'true','BIRD FLEECE HOODED JUMPSUIT 6M MULTI','2018-08-14 08:22:54');
INSERT INTO `Items_mercaderias` VALUES ('ddf3519ea02897906eecbe66056617fd','26e3a82b39a905439be2b43cdbd2f48e','DINOSAUR HOODED FLEECE JUMPSUIT 24M GREEN',1,58823,58823,0,0,0,'true','DINOSAUR HOODED FLEECE JUMPSUIT 24M GREEN','2018-08-14 08:24:24');
INSERT INTO `Items_mercaderias` VALUES ('116bfe52ab318f8ceb75237742248afe','26e3a82b39a905439be2b43cdbd2f48e','2-PIECE BODYSUIT PANT SET 12M PINK',1,47023,47023,0,0,0,'true','2-PIECE BODYSUIT PANT SET 12M PINK','2018-08-14 08:25:41');
INSERT INTO `Items_mercaderias` VALUES ('3e8033d2cd386c014e043cd96e8584ae','26e3a82b39a905439be2b43cdbd2f48e','2-PIECE BODYSUIT PANT SET 9M PINK',1,47023,47023,0,0,0,'true','2-PIECE BODYSUIT PANT SET 9M PINK','2018-08-14 08:27:25');
INSERT INTO `Items_mercaderias` VALUES ('9a8df4f67292eac02d533733252f6fd9','26e3a82b39a905439be2b43cdbd2f48e','ZIP-UP HOODIE 24M HEATHER',1,70623,70623,0,0,0,'true','','2018-08-14 08:29:03');
INSERT INTO `Items_mercaderias` VALUES ('e4e4b3e45397bcadf74a5bc79ee73c9c','26e3a82b39a905439be2b43cdbd2f48e','PULL-ON PANTS 24M NAVY HEATHER',1,35223,35223,0,0,0,'true','','2018-08-14 08:30:08');
INSERT INTO `Items_mercaderias` VALUES ('8dff9b1a24b217b86ebb3afc554df188','26e3a82b39a905439be2b43cdbd2f48e','PULL-ON FAUX DENIM PANTS 24M BLUE',1,35223,35223,0,0,0,'true','PULL-ON FAUX DENIM PANTS 24M BLUE','2018-08-14 08:31:20');
INSERT INTO `Items_mercaderias` VALUES ('c82466e818fd81b851861d223194f379','26e3a82b39a905439be2b43cdbd2f48e','2-PIECE BODYSUIT PANT SET 24M NAVY/HEATHER',1,52923,52923,0,0,0,'true','2-PIECE BODYSUIT PANT SET 24M NAVY/HEATHER','2018-08-14 08:32:36');
INSERT INTO `Items_mercaderias` VALUES ('23fd50bd78fca6e95e50bc87bf4a4375','26e3a82b39a905439be2b43cdbd2f48e','2-PIECE BODYSUIT PANT SET 12M BLUE',1,52923,52923,0,0,0,'true','2-PIECE BODYSUIT PANT SET 12M BLUE','2018-08-14 08:33:58');
INSERT INTO `Items_mercaderias` VALUES ('a221c078d5440f7b7cec4dd9d741ece1','26e3a82b39a905439be2b43cdbd2f48e','6-PACK DINOSAUR ORIGINAL BODYSUITS 12M MULTI',1,127440,127440,0,0,0,'true','6-PACK DINOSAUR ORIGINAL BODYSUITS 12M MULTI','2018-08-14 08:36:32');
INSERT INTO `Items_mercaderias` VALUES ('74893e19d5dba08612ed4b3febc2dfa9','26e3a82b39a905439be2b43cdbd2f48e','2-PIECE BODYSUIT PANT SET 6M HEATHER/BLACK',1,47023,47023,0,0,0,'true','2-PIECE BODYSUIT PANT SET 6M HEATHER/BLACK','2018-08-14 08:37:52');
INSERT INTO `Items_mercaderias` VALUES ('718724b722b488f674826b967f462824','26e3a82b39a905439be2b43cdbd2f48e','2-PIECE BODYSUIT PANT SET 12M NAVY/HEATHER',1,52923,52923,0,0,0,'true','2-PIECE BODYSUIT PANT SET 12M NAVY/HEATHER','2018-08-14 08:39:06');
INSERT INTO `Items_mercaderias` VALUES ('f68e7dc59d64695c7a086d104fda4752','26e3a82b39a905439be2b43cdbd2f48e','2-PIECE BODYSUIT PANT SET 9M BLUE',1,52923,52923,0,0,0,'true','2-PIECE BODYSUIT PANT SET 9M BLUE','2018-08-14 08:40:27');
INSERT INTO `Items_mercaderias` VALUES ('c36e8c8e416779359e064051189c29d8','26e3a82b39a905439be2b43cdbd2f48e','PULL-ON PANTS 24M PINK',1,35223,35223,0,0,0,'true','','2018-08-14 08:41:46');
INSERT INTO `Items_mercaderias` VALUES ('b3abe72944e911f8f9141efa0ff0bd8b','26e3a82b39a905439be2b43cdbd2f48e','2-PIECE BODYSUIT PANT SET 18M BLUE',1,52923,52923,0,0,0,'true','','2018-08-14 08:46:38');
INSERT INTO `Items_mercaderias` VALUES ('4002eae46754c32083828a18ec51ee0e','26e3a82b39a905439be2b43cdbd2f48e','2-PIECE BODYSUIT PANT SET 9M GREEN/NAVY',1,52923,52923,0,0,0,'true','2-PIECE BODYSUIT PANT SET 9M GREEN/NAVY','2018-08-14 08:47:52');
INSERT INTO `Items_mercaderias` VALUES ('749e6468aa7371254792dd5b45edc90b','26e3a82b39a905439be2b43cdbd2f48e','MONSTER SNAP-UP TERRY SLEEP & PLAY 6M GRAY',1,35341,35341,0,0,0,'true','MONSTER SNAP-UP TERRY SLEEP & PLAY 6M GRAY','2018-08-14 08:49:34');
INSERT INTO `Items_mercaderias` VALUES ('c7552af1f89dc30c16778e48c63b0861','26e3a82b39a905439be2b43cdbd2f48e','MONKEY SNAP-UP COTTON SLEEP PLAY SIZE 9M WHITE',1,29441,29441,0,0,0,'true','MONKEY SNAP-UP COTTON SLEEP PLAY SIZE 9M WHITE','2018-08-14 08:53:52');
INSERT INTO `Items_mercaderias` VALUES ('a5fbc3cd34b8f9ef5363c0e41d2fffa0','26e3a82b39a905439be2b43cdbd2f48e','ZIP-UP SMILEY FACE HOODIE 5T PURPLE',1,70800,70800,0,0,0,'true','ZIP-UP SMILEY FACE HOODIE 5T PURPLE','2018-08-14 08:59:30');
INSERT INTO `Items_mercaderias` VALUES ('c8016cf8791d7ad260bf4232b00be03f','26e3a82b39a905439be2b43cdbd2f48e','2-PACK GRIPPER GLOVES 4-8 GREY',1,41300,41300,0,0,0,'true','','2018-08-14 09:01:44');
INSERT INTO `Items_mercaderias` VALUES ('512fd309caf689d211754f79ce93f9e7','26e3a82b39a905439be2b43cdbd2f48e','ZIP-UP HEART COTTON SLEEP & PLAY P PINK',1,35341,35341,0,0,0,'true','','2018-08-14 09:04:23');
INSERT INTO `Items_mercaderias` VALUES ('53ccc610db2d4157272f7b317e5d7eef','26e3a82b39a905439be2b43cdbd2f48e','3-PIECE LITTLE CHARACTER SET 12M HEATHER',1,70623,70623,0,0,0,'true','3-PIECE LITTLE CHARACTER SET 12M HEATHER','2018-08-14 09:05:33');
INSERT INTO `Items_mercaderias` VALUES ('63b60aa0d33072fa6a3f150e92d68ebd','26e3a82b39a905439be2b43cdbd2f48e','3-PIECE LITTLE CHARACTER SET 18M HEATHER',1,70623,70623,0,0,0,'true','','2018-08-14 09:06:40');
INSERT INTO `Items_mercaderias` VALUES ('af68d932e7f187021f37a9edde7f2542','7cb5afe1ae53ba707d403d0a95307019','NB ACER PREDATOR PH317-51-74HK',1,1675,1675,0,0,8,'false','','2018-08-14 21:46:26');
INSERT INTO `Items_mercaderias` VALUES ('7a20d0654de879a64fcb609be17a21dd','7cb5afe1ae53ba707d403d0a95307019','HD SATA3 DE 2TB SEAGATE 2.5" - ST2000LM048',1,59.9,59.9,0,0,0,'false','','2018-08-14 22:23:40');
INSERT INTO `Items_mercaderias` VALUES ('4e4e169515485ec510004c669569ce0a','db7a0b382d18ed954fd1cde0d88cadb9','VINTAGE TRUNK LUXURY MONOGRAM FOR IPHONE',1,103869,103869,0,0,0.3,'false','','2018-08-16 14:19:06');
INSERT INTO `Items_mercaderias` VALUES ('1a1df81770e377f27df410d7ebc2a458','d9dc668088bce7e81dc6aedcab6841ee','CHUWI COREBOOK TABLET PC CTECLADO Y LPIZ',1,2869347,2869347,0,0,2,'true','','2018-08-18 12:10:43');
INSERT INTO `Items_mercaderias` VALUES ('51d9409b594c85e21866e9db0f51acc8','ae103119b7f2b6a9f385e246e3971565','HUAWEI MATEBOOK SIGNATURE 8+512GB M5 C. GOLD',1,2997200,2997200,0,0,2.1,'true','https://www.amazon.com/Huawei-MateBook-Signature-Tablet-Champagne/dp/B01FWIJ640','2018-08-18 13:07:16');
INSERT INTO `Items_mercaderias` VALUES ('6fc43feacf32b485b5db88c717cbe121','5abaff18ede83cc35ca4889ab6fd0475','LUPA OJO JOYERA',1,76544,76544,0,0,0.3,'false','','2018-08-20 15:20:33');
INSERT INTO `Items_mercaderias` VALUES ('59811bf125ce847498a9ef2477cd0da6','d22574482f952887e692459cfdf310be','FORD LOGO MUSTANG IGNITION',1,53820,53820,0,0,1,'false','https://www.ebay.com/itm/1979-1993-Ford-Logo-Mustang-Ignition-Trunk-Key-Blanks-Set/231075092307?hash=item35cd261753:g:gPgAAOSwFZtbMQ99','2018-08-21 15:21:28');
INSERT INTO `Items_mercaderias` VALUES ('efad579c80fe23e6a905c4f20e7c5a24','d22574482f952887e692459cfdf310be','FORD MAVERICK REAR LIGHTER',1,89700,89700,0,0,1,'false','https://www.ebay.com/itm/1973-73-Ford-Maverick-Rear-Lighter/173117418704?hash=item284e9a2cd0:g:~wIAAOSw9V1aZ7aN','2018-08-21 15:24:04');
INSERT INTO `Items_mercaderias` VALUES ('4e25c0d6d55eefa8731c33aeb47a6b2f','d22574482f952887e692459cfdf310be','ELECTRICAL TACHOMETER',1,101660,101660,0,0,1,'false','https://www.ebay.com/itm/52mm-0-8000-RPM-In-dash-Electrical-Tachometer-Gauge-for-3-4-6-Cylinder-Engine-1/232799790508?hash=item3633f2e5ac:g:RIwAAOSw8b1aEoIU','2018-08-21 15:30:15');
INSERT INTO `Items_mercaderias` VALUES ('b5496825ef4588cf37a8039782033986','d22574482f952887e692459cfdf310be','OIL PRESSURE AND WATER',1,191360,191360,0,0,1,'false','https://www.ebay.com/itm/white-face-volts-oil-pressure-and-water-temp-gauges-with-bracket-senders-new/132748402764?hash=item1ee86be04c:g:DLsAAOSwa9xaj6UZ','2018-08-21 15:35:44');
INSERT INTO `Items_mercaderias` VALUES ('e21ea354122fb6e6d6228c0d390a1e9a','bca752bad78a3d5ff4a94cbc9499ed84','DSLR AND LAPTOP BACKPACK',1,238800,238800,0,0,2,'false','','2018-08-26 18:34:10');
INSERT INTO `Items_mercaderias` VALUES ('67b93b2807af0f4a93f4a7126e749dd4','5abaff18ede83cc35ca4889ab6fd0475','BORN TOYS BACKYARD SAFARI VEST',1,153891,153891,0,0,0.5,'false','','2018-08-27 14:54:47');
INSERT INTO `Items_mercaderias` VALUES ('fd5509cd897f3fbbec3276330dbed80a','5abaff18ede83cc35ca4889ab6fd0475','OUTDOOR ADVENTURE SET FOR KIDS',1,135634,135634,0,0,0.85,'false','Outdoor Adventure Set for Kids - Explorer Kit, Educational Toys, Binoculars, Flashlight, Compass, Magnifying Glass, Butterfly Net, Tweezers, Bug Viewer, Whistle, Gift Set For Camping Hiking Backyard','2018-08-27 14:56:59');
INSERT INTO `Items_mercaderias` VALUES ('d9b3e48865ce392e024f5934ef964b34','5abaff18ede83cc35ca4889ab6fd0475','3 BABY BATH TOYS SWIMMING',1,55450,55450,0,0,0.4,'false','Fu T Set of 3 Baby Bath Toys Swimming Tub Bathtub Cute Swimming Turtle Toys Floating Wind-Up Bath Animal Boys and Girls for 1 Year Old to 3 Year Old for Blue Yellow Green','2018-08-27 15:57:30');
INSERT INTO `Items_mercaderias` VALUES ('aef49193621a00f7cab88b12e9132b9f','5abaff18ede83cc35ca4889ab6fd0475','KIDS CAMERA CHILDREN''S HD DIGITAL',1,265162,265162,0,0,0.5,'false','','2018-08-28 07:12:16');
INSERT INTO `Items_mercaderias` VALUES ('4ba3fe09d98531f647680913d41a13f5','11b2075a4ecfdd1de6ed5c832281294a','BATERIA CELULAR BLU  SEGUNDA LINHA',1,90080,90080,0,0,0,'false','https://produto.mercadolivre.com.br/MLB-848496312-bateria-celular-blu-d610-d610i-studio-55-mang-c746440225t-_JM','2018-08-30 13:51:38');
INSERT INTO `Items_mercaderias` VALUES ('df0ca68540bed5c4c8ae855d22e9d5af','447ffb8b07427fb9854c21bfcca1c487','BATTERY FOR BLU',1,114084,114084,0,0,0.5,'false','','2018-08-30 14:26:40');
INSERT INTO `Items_mercaderias` VALUES ('31ab8448b5f05d05649392eac66720be','c739f1f81fc1a39912d2ef22c6896e1f','HELP! ME EDUQUE',1,33389,33389,0,0,0.5,'false','','2018-08-31 18:16:49');
INSERT INTO `Items_mercaderias` VALUES ('6da3ffabb121b145f8e0359e183faefc','ef58fb89645d89754fc32a121945d393','OUTDOOR TOYS FOR KIDS ADVENTURE KIDS OUTSIDE',1,203082,203082,0,0,1,'false','','2018-09-02 15:49:43');
INSERT INTO `Items_mercaderias` VALUES ('1c3c4771f0cdbda11afdb10a734a43a5','ef58fb89645d89754fc32a121945d393','BINOCULARS FOR KIDS BY OLIVIA & AIDEN',1,80550,80550,0,0,0.9,'false','','2018-09-02 15:51:25');
INSERT INTO `Items_mercaderias` VALUES ('10e093c3da553f51c1ff440c086c12e7','ef58fb89645d89754fc32a121945d393','KIDS CAMERA DIGITAL CAMERA FOR KIDS',1,247977,247977,0,0,0.5,'false','','2018-09-02 15:53:21');
INSERT INTO `Items_mercaderias` VALUES ('165708bc40e0f2157ca0f3c742049ad5','ef58fb89645d89754fc32a121945d393','LUPA OJO JOYERA EDEALMAX LED',1,76892,76892,0,0,0.5,'false','','2018-09-02 15:54:30');
INSERT INTO `Items_mercaderias` VALUES ('79abc1dd6dd8fb1c887c7b363104d856','01cc32f68e80bad831478fc63404dd8f','SYMPHONIZED NRG 3.0 EARBUDS HEADPHONES',1,188886,188886,0,0,0.2,'false','','2018-09-03 08:37:21');
INSERT INTO `Items_mercaderias` VALUES ('da32d3c56294ed432a6d40edff3eeff6','127117b4989331b21e8f482f88f7da74','PLAYSTATION 4 SLIM 1TB CONSOLE',1,2033909,2033909,0,0,5,'false','https://www.amazon.com/gp/product/B071CV8CG2/ref=ox_sc_act_title_1?smid=A1LQLUEDPDP2MJ&th=1','2018-09-03 20:13:52');
INSERT INTO `Items_mercaderias` VALUES ('51652f94190840262d394943cba84e9c','856cecc23db2c6d0755e53362547b090','BANQUETA BISTR RATTAN',1,205000,205000,0,0,10,'false','Corina','2018-09-07 14:45:21');
INSERT INTO `Items_mercaderias` VALUES ('e759947265cde9b577482ac45c759fe6','8c9afa97cb8da2b3a9daafb2264e606f','SISTEMA PRESUPUESTO',1,1000,1000,0,0,0,'false','','2018-09-12 21:31:40');
INSERT INTO `Items_mercaderias` VALUES ('6791158abd11a4707eff9306a12a105d','8c9afa97cb8da2b3a9daafb2264e606f','5 NUEVOS FORMULARIOS',1,500,500,0,0,0,'false','','2018-09-12 21:32:14');
INSERT INTO `Items_mercaderias` VALUES ('1cdd4c6098bec5888de6c5607d2acbb5','8c9afa97cb8da2b3a9daafb2264e606f','INSTALACION EN UNA COMPUTADORA',1,100,100,0,0,0,'false','','2018-09-12 21:32:40');
INSERT INTO `Items_mercaderias` VALUES ('d5e5b72feb0bfad3abb6c5efcb0f7760','8c9afa97cb8da2b3a9daafb2264e606f','ADAPTACION DEL SISTEMA PARA UNA CLINICA',1,400,400,0,0,0,'false','','2018-09-12 21:33:30');
INSERT INTO `Items_mercaderias` VALUES ('99621ea5d4067994854267818031c5bc','fe9cf3389f39bf85a6ff390a663523b6','IPHONE X 256GB',1,1209,1209,0,0,1,'false','','2018-09-13 14:35:07');
INSERT INTO `Items_mercaderias` VALUES ('7e0eb4562d78f59edbb54aab2a7e2bde','2f99a90ff06690a4d24b6bb2d81330a7','SAMSUNG GALAXY S9 128GB',1,716.89,716.89,0,0,1,'false','','2018-09-13 15:12:51');
INSERT INTO `Items_mercaderias` VALUES ('486b4859bb6c397ad0b502c753320caf','461c13c503a099be9ac308915912cb6b','IPHONE 8 256GB',1,849,849,0,0,1,'false','','2018-09-13 15:21:25');
INSERT INTO `Items_mercaderias` VALUES ('cf12bfa91fd031a6e460ff899f052aba','951824958b03bb194a44195532326209','IPHONE XS MAX 256GB',1,1536.89,1536.89,0,0,1,'false','256 Gigas','2018-09-13 15:51:39');
INSERT INTO `Items_mercaderias` VALUES ('cae6b9213548e806e897f0a80f366089','8b9a83d371e8ee42a9ac7f5de5670784','CARSON MICROBRITE PLUS 60X-120X POWER LED',1,79995,79995,0,0,0.4,'false','','2018-09-14 08:47:12');
INSERT INTO `Items_mercaderias` VALUES ('3b15b47696d6c24407afe169cd37e237','8b9a83d371e8ee42a9ac7f5de5670784','LITTLE EXPERIMENTER BUNNY BINOCULARS FOR KIDS',2,86821,173642,0,0,0.5,'false','','2018-09-14 09:02:29');
INSERT INTO `Items_mercaderias` VALUES ('f05eae1b6b81bb8f0e4e685643ad6f7e','8b9a83d371e8ee42a9ac7f5de5670784','KIDS CAMERA DIGITAL CAMERA FOR KIDS DIGITAL',1,266795,266795,0,0,0.9,'false','','2018-09-14 09:04:14');
INSERT INTO `Items_mercaderias` VALUES ('913c3eacba002bd763acf1ed4837cdfa','8b9a83d371e8ee42a9ac7f5de5670784','IMPUESTO EN LOS EUA',1,5586,5586,0,0,0,'false','','2018-09-14 09:05:03');
INSERT INTO `Items_mercaderias` VALUES ('bdc8478e8a522a14430622d7ce2e112f','8b9a83d371e8ee42a9ac7f5de5670784','ENVIO DENTRO DE LOS EUA',1,88000,88000,0,0,0,'false','','2018-09-14 09:06:09');
INSERT INTO `Items_mercaderias` VALUES ('2ff82849be47c066333975da65960881','d33962df8004ea459003a15c87025516','CAMERA PHANTOM 4 PRO',1,4035718,4035718,0,0,0.5,'false','','2018-09-15 10:40:04');
INSERT INTO `Items_mercaderias` VALUES ('3811b465423d5acc3342e3b52947dc6b','af8808c58a3e22a51caa0f174719f8d2','IPHONE XS 512GB',1,1443.43,1443.43,0,0,1,'false','512gb','2018-09-15 20:48:13');
INSERT INTO `Items_mercaderias` VALUES ('ec0c7a2c9aeaf7df9197590576a42958','6abefec4091d6ac977dbae47cf52ddae','NAIL PREP DEHYDRTOR',1,5.99,5.99,0,0,0.1,'false','','2018-09-17 11:46:13');
INSERT INTO `Items_mercaderias` VALUES ('203529f1b2c2bda4d494cd33c2607d4d','6abefec4091d6ac977dbae47cf52ddae','ULTRABOND PRIMER',1,6.99,6.99,0,0,0.1,'false','','2018-09-17 11:46:33');
INSERT INTO `Items_mercaderias` VALUES ('bf254e76635667c3285c2322a2627842','6abefec4091d6ac977dbae47cf52ddae','ULTRA ACRYLIC POWDER SPARKING PERFECT PINK',1,13.99,13.99,0,0,0.1,'false','','2018-09-17 11:47:10');
INSERT INTO `Items_mercaderias` VALUES ('a0027fd34b997cc1ee66091aff6babed','6abefec4091d6ac977dbae47cf52ddae','ULTRA ACRYLIC POWDER SPARKING CLEAR',1,13.99,13.99,0,0,0.1,'false','','2018-09-17 11:47:35');
INSERT INTO `Items_mercaderias` VALUES ('0383c7f2b7417573667e3c1553eb14c5','6abefec4091d6ac977dbae47cf52ddae','ULTRA ACRYLIC POWDER SPARKING BRIGTH WHITE',1,13.99,13.99,0,0,0.1,'false','','2018-09-17 11:48:09');
INSERT INTO `Items_mercaderias` VALUES ('f316985dddcb25176089a8f02fa43a45','6abefec4091d6ac977dbae47cf52ddae','ULTRA ACRYLIC POWDER NEW PINK',1,13.99,13.99,0,0,0.1,'false','','2018-09-17 11:49:19');
INSERT INTO `Items_mercaderias` VALUES ('6a84a822e754438bdfad4c16d445671f','6abefec4091d6ac977dbae47cf52ddae','PRO ACRYLIC POWDER MAX WHITE',1,9.99,9.99,0,0,0.1,'false','','2018-09-17 11:50:06');
INSERT INTO `Items_mercaderias` VALUES ('8f588312fc194c691f2f81f32ae47203','6abefec4091d6ac977dbae47cf52ddae','PRO ACRYLIC POWDER GLASS',1,9.99,9.99,0,0,0.1,'false','','2018-09-17 11:50:27');
INSERT INTO `Items_mercaderias` VALUES ('4b6cc7f37a1193afa7d778c0a39db00d','6abefec4091d6ac977dbae47cf52ddae','PRO ACRYLIC POWDER COVER PINK',1,13.99,13.99,0,0,0.1,'false','','2018-09-17 11:50:55');
INSERT INTO `Items_mercaderias` VALUES ('47e74fa68cdd4613b79f9b1157a7f55f','6abefec4091d6ac977dbae47cf52ddae','PRO ACRYLIC POWDER COVER ALMOND',1,9.99,9.99,0,0,0.1,'false','','2018-09-17 11:53:02');
INSERT INTO `Items_mercaderias` VALUES ('04c0d68fc4401f6ded92a2b0b52a5f7a','6abefec4091d6ac977dbae47cf52ddae','COVERLAND LIMITED EDITION ACRYLIC POWDER',1,25.8,25.8,0,0,0.3,'false','','2018-09-17 11:53:25');
INSERT INTO `Items_mercaderias` VALUES ('45e30d96fe73dded73f93f0852781f7c','3e9b4c944e5fc5abbfc3bbfa0bbc1efd','HUAWEI MATE 10 LITE 64GB 4GB RAM 1SIM 4G LTE PRETO',1,1433500,1433500,0,0,0,'false','','2018-09-17 14:52:19');
INSERT INTO `Items_mercaderias` VALUES ('37d965543812393810fb912f62bd6be3','a88422c5a302dcd523254c3d510e6bf9','SHOPKINS SEASON 10 MINI PACK - MEGA PACK',1,136857,136857,0,0,0.4,'false','','2018-09-17 18:52:31');
INSERT INTO `Items_mercaderias` VALUES ('7dbb0b3b7126ecc726b66165a8517a74','4e9688c1ffd569abed726d7f0202ed50','LANTERNA TETO OPALA',1,98210,98210,0,0,0,'false','','2018-09-19 22:21:59');
INSERT INTO `Items_mercaderias` VALUES ('4b0acf7ee5814fb4b49d28fb2caaa9b3','4e9688c1ffd569abed726d7f0202ed50','BATEDOR PARACHOQUE OPALA',1,626290,626290,0,0,0,'false','','2018-09-19 22:22:50');
INSERT INTO `Items_mercaderias` VALUES ('c934340e1ed7bcfa9e686880a71b3fe0','4e9688c1ffd569abed726d7f0202ed50','RETROVISOR OPALA',1,350980,350980,0,0,0,'false','','2018-09-19 22:23:22');
INSERT INTO `Items_mercaderias` VALUES ('c7701d4c1216b100754dc660f5c8ab25','4e9688c1ffd569abed726d7f0202ed50','CANALETA OPALA',1,156170,156170,0,0,0,'false','','2018-09-19 22:23:53');
INSERT INTO `Items_mercaderias` VALUES ('97533bb5325218071ee8942fff72059c','4e9688c1ffd569abed726d7f0202ed50','LANTERNA PORTA COM EMBLEMA C OPALA',2,96600,193200,0,0,0,'false','','2018-09-20 10:00:32');
INSERT INTO `Items_mercaderias` VALUES ('3886694009ad06e35951510b2d50807b','4e9688c1ffd569abed726d7f0202ed50','LOGOTIPO COMODORO OPALA',2,127995,255990,0,0,0,'false','','2018-09-20 10:02:23');
INSERT INTO `Items_mercaderias` VALUES ('71daf1e4f92430bc93ae8afb2ea65b40','7c2ba8ca08807f5ed2ed22b643d7817b','GHOSTCOVER PREMIUM ULTRA THIN KEYBOARD',1,79513,79513,0,0,0.3,'false','','2018-09-20 10:54:16');
INSERT INTO `Items_mercaderias` VALUES ('c891ce957b779f7a067ca51e29eb95aa','34504c8f14608c2ea87bdf6783eeeda8','DHZ ULTRA THIN TRANSPARENT KEYBOARD COVER',1,48506,48506,0,0,0.3,'false','','2018-09-20 11:13:09');
INSERT INTO `Items_mercaderias` VALUES ('fa389d432ae662e6eddfbdb9f4c896f8','f84655ce8954d7801cee77ca00ecd77e','BATTERY CASE IPHONE IPHONE X (5.8") 3000MAH',1,259216,259216,0,0,0.4,'false','','2018-09-21 18:13:38');
INSERT INTO `Items_mercaderias` VALUES ('76382ecbb03cd5681a1f22ca62193061','ae46d3dd64dec8ed1ef657be527d747d','MIRRORED SUNGLASSES FOR WOMEN, CAT EYE  BLACK',1,79050,79050,0,0,0.4,'false','','2018-09-24 11:11:20');
INSERT INTO `Items_mercaderias` VALUES ('9344562ada000d303d6094c6d5741604','ae46d3dd64dec8ed1ef657be527d747d','SUNGAIT VINTAGE SUNGLASSES FOR WOMEN BROWN',1,79050,79050,0,0,0.4,'false','','2018-09-24 11:13:21');
INSERT INTO `Items_mercaderias` VALUES ('05aa9300ee8f0d5062b3a86102dc2ce3','e72842202084743c990547434a0372cd','KIT 20 SACOLAS SACO A VCUO 50X60',1,255000,255000,0,0,1,'false','','2018-09-24 11:23:32');
INSERT INTO `Items_mercaderias` VALUES ('60fd7bd9cc54147748caa977c830f4c6','edc03ac699ab0018b0bbf7467691d47f','LOGOTIPO COMODORO OPALA',2,127995,255990,0,0,0,'false','','2018-09-25 17:10:14');
INSERT INTO `Items_mercaderias` VALUES ('b7f899cee6a964749714b9648fc27907','edc03ac699ab0018b0bbf7467691d47f','CANALETA OPALA',1,156170,156170,0,0,0,'false','valor em real','2018-09-25 17:11:16');
INSERT INTO `Items_mercaderias` VALUES ('7b375e2a0fc4cc5f54907441efaca5f3','edc03ac699ab0018b0bbf7467691d47f','RETROVISOR OPALA',1,350980,350980,0,0,0,'false','valor real','2018-09-25 17:11:55');
INSERT INTO `Items_mercaderias` VALUES ('102dfc7ddf5838b2a240be00072e5ea4','edc03ac699ab0018b0bbf7467691d47f','BATEDOR PARACHOQUE OPALA',1,626290,626290,0,0,0,'false','valor em real','2018-09-25 17:12:31');
INSERT INTO `Items_mercaderias` VALUES ('c2fd5dd8bcff7af499ae5074b5a8051b','edc03ac699ab0018b0bbf7467691d47f','LANTERNA TETO OPALA',1,98210,98210,0,0,0,'false','valor em real','2018-09-25 17:13:40');
INSERT INTO `Items_mercaderias` VALUES ('b18345aba7be445e1b746014c01cd3c7','1438af59b946b82e437d05eb174c7b8e','ULTRA ACRYLIC POWDER SPARKING PERFECT PINK',20,85339,1706780,0,0,0.1,'false','','2018-09-29 11:34:36');
INSERT INTO `Items_mercaderias` VALUES ('cbfdb81a1bf606e6e4cabee126d03c41','1438af59b946b82e437d05eb174c7b8e','ULTRA ACRYLIC POWDER SPARKING BRIGTH WHITE',10,85339,853390,0,0,0.1,'false','','2018-09-29 11:35:00');
INSERT INTO `Items_mercaderias` VALUES ('ef40222705852b0986368912070e8462','1438af59b946b82e437d05eb174c7b8e','ULTRABOND PRIMER',20,42639,852780,0,0,0.1,'false','','2018-09-29 11:35:24');
INSERT INTO `Items_mercaderias` VALUES ('6e9a4d67c33261860655e075e0a9b1e7','1438af59b946b82e437d05eb174c7b8e','NAIL PREP DEHYDRTOR',20,36539,730780,0,0,0.1,'false','','2018-09-29 11:35:43');
INSERT INTO `Items_mercaderias` VALUES ('724509a1f1ad226271b2bd869fb65b3d','1992b4059fce8765d65ba5e221be286c','ULTRA ACRYLIC POWDER SPARKING PERFECT PINK',20,13.99,279.8,0,0,0.1,'false','','2018-09-29 11:53:58');
INSERT INTO `Items_mercaderias` VALUES ('6ed0a6800ba5ef8842b8d60c7c83cbfe','1992b4059fce8765d65ba5e221be286c','ULTRA ACRYLIC POWDER SPARKING BRIGTH WHITE',10,13.99,139.9,0,0,0.1,'false','','2018-09-29 11:54:29');
INSERT INTO `Items_mercaderias` VALUES ('55efa207a6a7902c5a234a51bac4133c','1992b4059fce8765d65ba5e221be286c','ULTRABOND PRIMER',20,6.99,139.8,0,0,0.1,'false','','2018-09-29 11:54:53');
INSERT INTO `Items_mercaderias` VALUES ('ffc0c894a0ad11dfc343976ebc33609f','1992b4059fce8765d65ba5e221be286c','NAIL PREP DEHYDRTOR',20,5.99,119.8,0,0,0.1,'false','','2018-09-29 11:55:18');
INSERT INTO `Items_mercaderias` VALUES ('8941b45947eb6677cc890359a970b989','64a5415996ef5a7bad914bf108e3b500','TAPETE FIAT CRONOS BORRACHA',1,219600,219600,0,0,1,'false','','2018-10-01 11:36:18');
INSERT INTO `Items_mercaderias` VALUES ('49ffa3643ffd39ee3e80cfe19dc104c4','41ddc97d33402cf52d67bdd286e77dd8','SMARTPHONE APPLE IPHONE 8 256GB TELA 4,7 CHIP A11',1,4620000,4620000,0,0,1.5,'false','sin ivA ESTE VALOR 
http://casabo.com.py/produto/comprar-smartphone-apple-iphone-8-256gb-tela-4-7-chip-a11-cam-12-mpx-7-mpx-ios-11-bz-cinza-no-paraguai-584814.html','2018-10-03 08:45:43');
INSERT INTO `Items_mercaderias` VALUES ('bc485932d51d57110c0110d1c9ce13f9','993604f1217ac0bc49f59df04ddc8996','ORGANIC INDIA TULSI LEMON GINGER TEA',1,50000,50000,0,0,0.25,'false','','2018-10-03 09:08:17');
INSERT INTO `Items_mercaderias` VALUES ('3c27daa65bd6a7cff1b55f411f6f3642','993604f1217ac0bc49f59df04ddc8996','TULSI SWEET ROSE TEA',1,50000,50000,0,0,0.25,'false','','2018-10-03 09:08:48');
INSERT INTO `Items_mercaderias` VALUES ('db958f0827b3e22ffcccba090ea0b5ee','993604f1217ac0bc49f59df04ddc8996','ORGANIC INDIA TULSI TEA CINNAMON ROSE',1,50000,50000,0,0,0.25,'false','','2018-10-03 09:09:40');
INSERT INTO `Items_mercaderias` VALUES ('4dbfbac4ecf1cfae8ee7531823f77589','993604f1217ac0bc49f59df04ddc8996','ORGANIC INDIA TULSI TEA, HONEY CHAMOMILE',1,50000,50000,0,0,0.25,'false','','2018-10-03 09:10:27');
INSERT INTO `Items_mercaderias` VALUES ('3f6dea4bd19764f0c9ae38cc8a290f4d','b5c046086dfc652e36c5c65f8aa3421e','LG G6 H870DS 32GB LTE DUAL SIM TELA 5.7 PRETO',1,362,362,0,0,1,'false','','2018-10-03 09:16:28');
INSERT INTO `Items_mercaderias` VALUES ('47908eb34019cb2154ad7394a54f6a57','fa5828d0687853316d9a3a01f465fdc9','HUAWEI P20 LITE ANE-LX3 DUAL CHIP 32GB',1,236,236,0,0,1,'false','','2018-10-03 09:18:49');
INSERT INTO `Items_mercaderias` VALUES ('0406c90029dd1e95de15da98b0105b4b','ef08305bb5fee973b9979db985f4c9f9','HUAWEI P20 5.8 DS 128GB 4G AZUL',1,0,520,0,0,1,'false','','2018-10-03 17:09:48');
INSERT INTO `Items_mercaderias` VALUES ('5e13bb42df7b04f026a6bf416418003f','ffed87834974d3119dd9e88cc517a337','BABYLISSPRO NANO TITANIUM  TAMNHO NORMAL',1,139.95,139.95,0,0,0.5,'false','','2018-10-03 17:12:35');
INSERT INTO `Items_mercaderias` VALUES ('bf490794aaa99ba3bd13b5ce03e7fe83','abe6ee8e5fe71cc4657daf67a255800c','BABYLISSPRO NANO TITANIUM  FINA',1,104.99,104.99,0,0,0.9,'false','','2018-10-03 17:19:27');
INSERT INTO `Items_mercaderias` VALUES ('38895689855f667dc0eadeb8bc088432','e83e7930be6b09edf9f407f1a158417e','HARNEY & SONS ASSORTED TEA BAG SAMPLER 42 COUNT',1,83940,83940,0,0,0.2,'false','','2018-10-09 15:38:15');
INSERT INTO `Items_mercaderias` VALUES ('74e5e966cf62d88f7b630f027e0793f9','4f37da024999dde27d0e9d3bff3cb292','BATEDOR PARACHOQUE OPALA',1,626290,626290,0,0,0,'false','valor em real','2018-10-12 11:29:11');
INSERT INTO `Items_mercaderias` VALUES ('dc1234f2d03cdf458977fd9e2dafa7d6','4f37da024999dde27d0e9d3bff3cb292','CANALETA OPALA',1,156170,156170,0,0,0,'false','valor em real','2018-10-12 11:30:16');
INSERT INTO `Items_mercaderias` VALUES ('a0740ab7fe16cb6b20cd8132a6e228cd','4f37da024999dde27d0e9d3bff3cb292','LANTERNA PORTA COM EMBLEMA C OPALA',1,70679,70679,0,0,0,'false','','2018-10-12 11:31:53');
INSERT INTO `Items_mercaderias` VALUES ('107356b06cb4222e8246e4ec416144d3','4f37da024999dde27d0e9d3bff3cb292','LANTERNA TETO OPALA',1,98210,98210,0,0,0,'false','valor em real','2018-10-12 11:33:10');
INSERT INTO `Items_mercaderias` VALUES ('4eaaab4368d8097eac9c1114008fee66','4f37da024999dde27d0e9d3bff3cb292','LOGOTIPO COMODORO OPALA',2,127995,255990,0,0,0,'false','','2018-10-12 11:34:45');
INSERT INTO `Items_mercaderias` VALUES ('8c38367087d1c459c66cad794950bbce','4f37da024999dde27d0e9d3bff3cb292','RETROVISOR OPALA',1,350980,350980,0,0,0,'false','valor real','2018-10-12 11:35:22');
INSERT INTO `Items_mercaderias` VALUES ('e78a6705e9fc4ace637915734ef20eea','bf55ba2e4c7a0ce3359c0a73bf38607c','MOSISO KEYBOARD COVER SILICONE SKIN',1,46806,46806,0,0,0.1,'false','https://www.amazon.com/dp/B07BTZ81F5/ref=sspa_dk_detail_0?pd_rd_i=B01GJO99DY&pf_rd_m=ATVPDKIKX0DER&pf_rd_p=f52e26da-1287-4616-824b-efc564ff75a4&pf_rd_r=JEZRYAXK2S5RP9E3RHSM&pd_rd_wg=KP3vQ&pf_rd_s=desktop-dp-sims&pf_rd_t=40701&pd_rd_w=9C92q&pf_rd_i=desktop-dp-sims&pd_rd_r=eeea8091-d2fb-11e8-887f-75e7a3fde4c5&th=1','2018-10-18 12:44:44');
INSERT INTO `Items_mercaderias` VALUES ('7dd970e676885259cbd4e203e222e91f','399f62c120ed7c58c489fc8647f99381','SAMSUNG GALAXY NOTE 8 CASE',1,82627,82627,0,0,0,'false','https://www.amazon.com/dp/B074PM9DYS/ref=cm_sw_r_wa_apa_AUlZBbJNK25Z2','2018-10-22 07:07:59');
INSERT INTO `Items_mercaderias` VALUES ('f7e78f837c27dd677175c84d554910c1','5abb372f3f0639b8f994f2e96630fc8e','GUTE CLASSIC MULTI FUNCTIONAL WATCH BLACK',1,248009,248009,0,0,0.5,'false','https://www.amazon.com/Functional-Automatic-Mechanical-Luminous-Tachymetre/dp/B0722QVV8Q/ref=cts_wa_3_vtp','2018-10-22 07:14:30');
INSERT INTO `Items_mercaderias` VALUES ('e74b599d1ac50f9eea0f27ab71d3de25','352a5f87d3aac66470dd86f30421a5ac','HUAWEI Y9 2018 FLA-LX3',1,1373696,1373696,0,0,0.7,'false','Huawei Y9 2018 FLA-LX3 5.93','2018-10-22 07:20:23');
INSERT INTO `Items_mercaderias` VALUES ('fcfe8b3a4056b3cb4f33152722dbdf26','9bb67f198d3cdbe2f143b6069312d0de','PANELA DAY BY DAY 24CM FLAVORSTONE',1,764626,764626,0,0,1,'false','449,78 x 1700','2018-10-23 08:32:23');
INSERT INTO `Items_mercaderias` VALUES ('4c57d8afb486de9e7dc997f44a96f3ff','c0694fe1a97aaae0ea9c4b62d6b3f7fa','KIT LENTE LANTERNA TRASEIRA + DIANTEIRA',1,306000,306000,0,0,1,'false','180 x 1700','2018-10-24 09:37:46');
INSERT INTO `Items_mercaderias` VALUES ('4eedba9841c5ef1836b3f07134742111','9bb67f198d3cdbe2f143b6069312d0de','PANELA SUAT GRAND FLAVORSTONE',1,457300,457300,0,0,0,'false','269 x 1700','2018-10-24 09:52:34');
INSERT INTO `Items_mercaderias` VALUES ('618a4822db2047e9538c2923f6cdc4a2','c051906542f44c0b5c2eaa6a491f4f3d','XIAOMI MI MIX 2 AMAZON',1,344,344,0,0,0.4,'false','https://www.amazon.com/Xiaomi-Black-Unlocked-Global-Warranty/dp/B079816Y5T/ref=sr_1_3?s=wireless&ie=UTF8&qid=1540230785&sr=1-3&keywords=xiaomi+mi+mix+2','2018-10-24 10:00:58');
INSERT INTO `Items_mercaderias` VALUES ('054ce17c7440db002e880b272e289fbd','35512a45a6d5d170e62e066b3664f2b1','XIAOMI REDMI NOTE 5 AMAZON',1,202,202,0,0,0.4,'false','https://www.amazon.com/Xiaomi-Unlocked-Global-Version-Warranty/dp/B07D82MTZL/ref=sr_1_1?s=wireless&ie=UTF8&qid=1540229787&sr=1-1&keywords=xiaomi+redmi+note+5+pro','2018-10-24 10:04:47');
INSERT INTO `Items_mercaderias` VALUES ('0da30878987edc2b6e4bd35268974fee','0afc10cc4c9cdb096a957d38dd1b47c8','COLETE MASSAGEADOR AQUECIMENTO SHIATSU',1,229330,229330,0,0,1,'false','134,90 x 1700','2018-10-25 13:41:22');
INSERT INTO `Items_mercaderias` VALUES ('290aaa82add7d69106073de39130a7be','9099a79893fdd7bb87fb09207d9931d3','BEBEDOURO MESA QUANTA QTBRE300 REFRIG ELET 220V',1,252000,252000,0,0,1,'false','http://www.casabo.com.py/produto/comprar-bebedouro-de-mesa-quanta-qtbre300-com-refrigeracao-eletronica-220v-no-paraguai-573799.html','2018-11-02 07:21:07');
INSERT INTO `Items_mercaderias` VALUES ('87b29d95acf2de740892a29afb60c58f','4898baa270e9b5afce5271f2fee90fe4','HARNEY & SONS ASSORTED TEA BAG SAMPLER 42 COUNT',1,88725,88725,0,0,0.2,'false','','2018-11-02 11:58:49');
INSERT INTO `Items_mercaderias` VALUES ('e36abbb52c15855332f8e325e2155249','2ba5d7c626617a6853c4be4bac158dd1','NIKE MERCURIAL SUPERFLY V AG CHUTEIRAS SUPERFLY',1,436760,436760,0,0,0.9,'false','https://pt.aliexpress.com/item/Nike-MERCURIAL-SUPERFLY-V-AG-Chuteiras-Superfly-Alta-Tornozelo-Botas-de-Futebol-Ao-Ar-Livre-para/32886800019.html?spm=a2g0s.13010108.99999999.9.76326f4eDaBKHc','2018-11-03 09:27:25');
INSERT INTO `Items_mercaderias` VALUES ('825c51ef51dc4199d40bdb0dfcda6f0d','40083e21178a44774594f713376f3d9e','LOL BOLLS BALLS',1,95221,95221,0,0,0.6,'false','https://pt.aliexpress.com/item/1-pcs-Grande-tamanho-Confetti-pop-LOL-Bonecas-Bolas-glitter-s-rie-Figuras-de-A-o/32950479958.html?spm=a2g0s.13010108.99999999.13.56cc6f4ezVuzhO','2018-11-03 13:39:58');
INSERT INTO `Items_mercaderias` VALUES ('7c3181e064c0f329ae84809999215e49','40083e21178a44774594f713376f3d9e','LOL BOLLS BALLS',1,95221,95221,0,0,0.6,'false','https://pt.aliexpress.com/item/1-pcs-Grande-tamanho-Confetti-pop-LOL-Bonecas-Bolas-glitter-s-rie-Figuras-de-A-o/32950479958.html?spm=a2g0s.13010108.99999999.13.56cc6f4ezVuzhO','2018-11-03 13:55:35');
INSERT INTO `Items_mercaderias` VALUES ('b81c0cbce03ce432ac2e73155884a804','40083e21178a44774594f713376f3d9e','LOL BOLLS BALLS',1,95221,95221,0,0,0.6,'false','https://pt.aliexpress.com/item/1-pcs-Grande-tamanho-Confetti-pop-LOL-Bonecas-Bolas-glitter-s-rie-Figuras-de-A-o/32950479958.html?spm=a2g0s.13010108.99999999.13.56cc6f4ezVuzhO','2018-11-03 13:55:44');
INSERT INTO `Items_mercaderias` VALUES ('8e0670127522e151a0a330ecc8d507a7','9501c60461dd6ae848ee47e3b05e61ca','IPHONE 7 DOURADO 32GB',1,500,500,0,0,1,'false','cde','2018-11-03 16:27:10');
INSERT INTO `Items_mercaderias` VALUES ('40663886a6a2068e638b8e9f6ae81a8c','b89f3ee0d1c7162f4cca998af742b2a3','SAMSUNG GALAXY A8 64GB',1,2203842,2203842,0,0,0.6,'false','https://www.amazon.com/gp/product/B0797YQBRK/ref=oh_aui_detailpage_o03_s00?ie=UTF8&psc=1','2018-11-03 17:27:31');
INSERT INTO `Items_mercaderias` VALUES ('f60701ec0c3f7a54e944a104e555f9ab','91d5b397d6860978571f3d3468d023a9','IPHONE XR 64GB - CDE',1,5455840,5455840,0,0,1,'false','https://www.comprasparaguai.com.br/celular-apple-iphone-xr-64gb_20695/','2018-11-03 17:37:11');
INSERT INTO `Items_mercaderias` VALUES ('0040968ed60875bdf0d273506fc24f6b','35b02cec5f75812e8f6181c96265a6b8','SAMSUNG GALAXY S9 128GB',1,5226758,5226758,0,0,0.6,'false','https://www.amazon.com/gp/product/B07DFMJ6NF/ref=ox_sc_saved_title_2?smid=ATVPDKIKX0DER&psc=1','2018-11-03 17:45:48');
INSERT INTO `Items_mercaderias` VALUES ('7b6123bb5694006908253f63754984cb','52bec8a8df1e68af6927ba2cfd8c8748','SAMSUNG GALAXY S9 256GB',1,5701924,5701924,0,0,0.6,'false','https://www.amazon.com/gp/product/B07DFLNCKH/ref=ox_sc_saved_title_1?smid=ATVPDKIKX0DER&psc=1','2018-11-03 17:51:44');
INSERT INTO `Items_mercaderias` VALUES ('62c66e140cbd1fcfb91dec1dec4a510a','7751886e0ca52172f37dbfca0e9c6a61','IPHONE X 64GB',1,6597760,6597760,0,0,0.6,'false','https://www.amazon.com/gp/product/B075QMZH2L/ref=ox_sc_act_title_1?smid=A3NXM4WXV0WKDB&psc=1','2018-11-03 17:53:59');
INSERT INTO `Items_mercaderias` VALUES ('b3a28c1662855b3571b14ed2ff6e8c60','c9ab57af0ec4d953b183f4c0303dfbbc','IPHONE X 256GB',1,7606456,7606456,0,0,0.6,'false','https://www.amazon.com/gp/product/B075QMZH2L/ref=ox_sc_act_title_1?smid=A3NXM4WXV0WKDB&psc=1','2018-11-03 17:56:43');
INSERT INTO `Items_mercaderias` VALUES ('b963a7c09efd02f228a744f86e6240a6','7a3e4d2e1dc5953efe47b5e1ad0de349','IPHONE XR 128GB - CDE',1,5709600,5709600,0,0,1,'false','https://www.comprasparaguai.com.br/celular-apple-iphone-xr-128gb_20691/','2018-11-03 18:23:01');
INSERT INTO `Items_mercaderias` VALUES ('92e7805d468b436db950d269295036a2','bd89346b23a3618135dbf3765f2c11ca','IPHONE XR 128GB - CDE',1,5709600,5709600,0,0,1,'false','https://www.comprasparaguai.com.br/celular-apple-iphone-xr-128gb_20691/','2018-11-03 18:25:49');
INSERT INTO `Items_mercaderias` VALUES ('46a8890aca6f348a5260fbd88a2ba4ca','c958f2e19ae15cdde055606c348c3a65','IPHONE XR 256GB -CDE',1,6800768,6800768,0,0,1,'false','https://www.comprasparaguai.com.br/celular-apple-iphone-xr-256gb_20686/','2018-11-03 18:27:33');
INSERT INTO `Items_mercaderias` VALUES ('d2dc88eeffe400ef7dfcb3a3a193b55b','85fde4a74af77205a9705632d34ddccb','BLACKVIEW BV9500 ALIEXPRESS',1,2109459,2109459,0,0,0.9,'false','https://shoppingcart.aliexpress.com/order/confirm_order.htm?objectId=32921384066&from=aliexpress&countryCode=US&shippingCompany=CAINIAO_STANDARD&provinceCode=&cityCode=&promiseId=&itemCondition=&aeOrderFrom=main_detail_bra&skuAttr=200000828:200003983#Blackview BV9500;14:193#Black&skucustomAttr=&quantity=1','2018-11-06 06:10:01');
INSERT INTO `Items_mercaderias` VALUES ('547d4d74f654c49cdc9bc617d414dc14','fc468e20fe2de7f4436056837a084b27','BLACKVIEW BV9500 ALIEXPRESS',1,332.46,332.46,0,0,0.9,'false','https://shoppingcart.aliexpress.com/order/confirm_order.htm?objectId=32921384066&from=aliexpress&countryCode=US&shippingCompany=CAINIAO_STANDARD&provinceCode=&cityCode=&promiseId=&itemCondition=&aeOrderFrom=main_detail_bra&skuAttr=200000828:200003983#Blackview BV9500;14:193#Black&skucustomAttr=&quantity=1','2018-11-06 06:14:37');
INSERT INTO `Items_mercaderias` VALUES ('77e1f792a5e4629f0212ad90a89e7c4e','67f41aab1038e8b157fbe24676ff090c','IPAD PRO 2018 64GB 11''''',1,854.93,854.93,0,0,1,'false','preco nos eua','2018-11-12 07:28:16');
INSERT INTO `Items_mercaderias` VALUES ('0da87264258960ebb8bc1544ad2f00b9','67f41aab1038e8b157fbe24676ff090c','APPLE PENCIL 2 GER BLANCA',1,138.03,138.03,0,0,0.4,'false','precio de los EUA','2018-11-12 07:28:28');
INSERT INTO `Items_mercaderias` VALUES ('ffce017997dae762e20333ecfdccedf0','775a297bb676c9a526a32a98ce63e895','SHAMPOO ARGAN E LINHAA BONI 500ML',1,70240,70240,0,0,0,'false','br - 43,90','2018-11-15 13:20:33');
INSERT INTO `Items_mercaderias` VALUES ('f91d357d483c71677eada9f3c5f8313c','775a297bb676c9a526a32a98ce63e895','CONDICIONADOR ARGAN E LINHAA BONI 500ML',1,70240,70240,0,0,0,'false','br - 43,90','2018-11-15 13:20:51');
INSERT INTO `Items_mercaderias` VALUES ('dd5b5499fa8daeab3aaef9961a0862cc','775a297bb676c9a526a32a98ce63e895','MASCARA CAPILAR NATURAL E VEGANA ARGAN E LINHAA',1,63840,63840,0,0,0,'false','br - 39,90','2018-11-15 13:21:04');
INSERT INTO `Items_mercaderias` VALUES ('f3ca2f3f8793f7ebefe29d51d5c96bf6','775a297bb676c9a526a32a98ce63e895','SABONETE NATURAL E VEGANO GLICERINADO',1,30400,30400,0,0,0,'false','br - 19,00','2018-11-15 13:21:18');
INSERT INTO `Items_mercaderias` VALUES ('068f43f562e047ab9800cf2760625b5e','775a297bb676c9a526a32a98ce63e895','SABONETE LIQUIDO NATURAL E VEGANO',1,60640,60640,0,0,0,'false','br - 37,90','2018-11-15 13:21:26');
INSERT INTO `Items_mercaderias` VALUES ('ac6cccbc80a49228ab18445eea56d015','775a297bb676c9a526a32a98ce63e895','PASTA DE DENTE NATURAL',1,31840,31840,0,0,0,'false','br - 19,90','2018-11-15 13:21:37');
INSERT INTO `Items_mercaderias` VALUES ('de2eb07ab2ae4d618befad45f12aeefb','775a297bb676c9a526a32a98ce63e895','ENXAGUANTE BUCAL NATURAL',1,31840,31840,0,0,0,'false','br - 19,90','2018-11-15 13:22:02');
INSERT INTO `Items_mercaderias` VALUES ('c76d694c14003c26871b5b934f1dcd70','775a297bb676c9a526a32a98ce63e895','TOALHA COSMETICA',1,60640,60640,0,0,0,'false','br - 37,90','2018-11-15 13:22:13');
INSERT INTO `Items_mercaderias` VALUES ('19dc388f077f9b4a3379552f7c6dac46','775a297bb676c9a526a32a98ce63e895','ESMALTE NATURAL GOLDEN SANDS',1,14240,14240,0,0,0,'false','br - 8,90','2018-11-15 13:22:26');
INSERT INTO `Items_mercaderias` VALUES ('216f0f315afd5d3702472608788e6e85','775a297bb676c9a526a32a98ce63e895','ESMALTE NATURAL PEACH PERFAIT',1,14240,14240,0,0,0,'false','br- 8,90','2018-11-15 13:22:38');
INSERT INTO `Items_mercaderias` VALUES ('e5a5dd46dfd24a66d70f3667c3e43658','775a297bb676c9a526a32a98ce63e895','ESMALTE NATURAL BLACK ONYX',1,14240,14240,0,0,0,'false','br - 8,90','2018-11-15 13:22:50');
INSERT INTO `Items_mercaderias` VALUES ('f9dc24d54e5c5cfcc1c0150923f8e65b','775a297bb676c9a526a32a98ce63e895','GLOSS NUDE BIORT',1,78240,78240,0,0,0,'false','br - 48,90','2018-11-15 13:24:10');
INSERT INTO `Items_mercaderias` VALUES ('331f7fbd9b52b3855a25c823affe18b9','775a297bb676c9a526a32a98ce63e895','HIDRATANTE LABIAL UNEVIE',1,47840,47840,0,0,0,'false','br - 29,90','2018-11-15 13:24:25');
INSERT INTO `Items_mercaderias` VALUES ('cbcc4e7efeeed8668fb26f75de7fb413','775a297bb676c9a526a32a98ce63e895','FRETE',1,36640,36640,0,0,1,'false','da loja 22,90','2018-11-15 13:28:14');
INSERT INTO `Items_mercaderias` VALUES ('bf055216da70343b168343b100f6b7ab','f2e5409df5198fb47872b83e9237cab8','DATSUN 1200 (FOR NISSAN B110 A12 A15)',1,3103000,3103000,0,0,3.5,'false','https://www.ebay.com/itm/DATSUN-1200-Bprojects-Chromoly-Lightweight-Flywheel-For-NISSAN-B110-A12-A15/222148013983?hash=item33b90daf9f:g:tAQAAOSwvg9XWktl','2018-11-22 05:57:45');
INSERT INTO `Items_mercaderias` VALUES ('124f097c2cc424ac64d8140c9b46ea67','f2e5409df5198fb47872b83e9237cab8','DATSUN B110 LB120 GB122 1200 FRONT LOWER VALANCE',1,1302000,1302000,0,0,1.5,'false','https://www.ebay.com/itm/Datsun-B110-LB120-GB122-1200-front-lower-valance-panel/323217304696?hash=item4b4140ac78:g:Y7sAAOSwcvdXOzaA','2018-11-22 06:00:57');
INSERT INTO `Items_mercaderias` VALUES ('89a5eb11104f4667084692a0cd0b6486','fe6a8df29169152ffdd4572725ca6f16','AURICULAR JBL T110 BLACK',1,48000,48000,0,0,0,'false','cde','2018-11-22 13:41:21');
INSERT INTO `Items_mercaderias` VALUES ('3d291970636d6cd286a3594ad94f10c4','fff085162b850dab9a4269a544aed03b','LIVROS LUCIANO',1,79200,79200,0,0,1,'false','amazon brasil 1.600 cotacao  49,50','2018-11-24 08:53:22');
INSERT INTO `Items_mercaderias` VALUES ('90b3b2dd984b15319ea65b922cc60674','46c36f1a067100e7fa60b2b79c8a9f20','DATSUN B110 GB122 LB120 P/U UTE TAIL GATE',1,330,330,0,0,5,'false','','2018-11-26 07:02:41');
INSERT INTO `Items_mercaderias` VALUES ('0ac256d9c6e3e7620edba4558298abaa','46c36f1a067100e7fa60b2b79c8a9f20','DATSUN B110 LB120 GB122 1200 FRONT LOWER VALANCE',1,210,210,0,0,2.5,'false','','2018-11-26 07:07:13');
INSERT INTO `Items_mercaderias` VALUES ('ec1c6d86d896630a1ba1b882028e350e','8b6727a43287a8bb771d9c0a5ede44c8','CAFETEIRA POLISHOP',1,319840,319840,0,0,1,'false','199.90 reais x 1600 cotacao','2018-11-26 17:24:08');
INSERT INTO `Items_mercaderias` VALUES ('8b684b4737057836ea60c648b0d06500','15ca54b60ff85ef945f4947a5eda075a','HEALCTIY DUAL USER IONIC DETOX FOOT BATH SPA',1,1560305,1560305,0,0,8,'false','','2018-12-05 04:35:39');
INSERT INTO `Items_mercaderias` VALUES ('4aa2c27be3ec6bec243c6dece58eb472','a75b628dcbe6fcd232c2af065de45404','HEALCTIY DUAL USER IONIC DETOX FOOT BATH SPA',1,249,249,0,0,8,'false','','2018-12-05 05:27:09');
INSERT INTO `Items_mercaderias` VALUES ('576d4fe8f18df1fb4904b03e3a297002','a75b628dcbe6fcd232c2af065de45404','IMPUESTO ADUANERO 21%',1,52.29,52.29,0,0,0,'false','','2018-12-05 05:28:48');
INSERT INTO `Items_mercaderias` VALUES ('b93408d32dd734d9528c2fed7f4c2919','ccc57c9e9837157d4992a00ea86c9638','HEALCTIY DUAL USER IONIC DETOX FOOT BATH SPA',1,1560305,1560305,0,0,8,'false','','2018-12-05 05:35:41');
INSERT INTO `Items_mercaderias` VALUES ('cb8d288d3652191ba10450123cc57201','ccc57c9e9837157d4992a00ea86c9638','IMPUESTO ADUANERO',1,327702,327702,0,0,0,'false','','2018-12-05 05:43:13');
INSERT INTO `Items_mercaderias` VALUES ('56443da900dcbeb6c05dcfde82e94a4e','c4272f1a4503d4a85f8086abda192df2','CELULAR APPLE IPHONE X 64GB LTE -CDE',1,900,900,0,0,1,'false','http://casabo.com.py/produto/comprar-iphone-x-apple-64gb-bz-gy-pr-no-paraguai-580090.html

Cor Prata
Marca Apple
Modelo iPhone X
Memria Interna 64 Gb','2018-12-10 08:18:40');
INSERT INTO `Items_mercaderias` VALUES ('e193fd91579ccd5c0417ef28b956f7ad','e97ec924ac402d4709137efa14830f70','IPHONE X 256GB CINZA ESPACIAL - CDE',1,1070,1070,0,0,1,'false','https://www.casanissei.com/br/catalog/product/view/id/47750/s/celular-apple-iphone-x-a1901-gris-espacial-256gb-3gb-mqaf2bz-a/','2018-12-10 08:19:51');
INSERT INTO `Items_mercaderias` VALUES ('9b85ca8ed8459a6d49df4ae1d07c7ad4','3eddb9433acbdce1e02b641977a80bc1','IPHONE X 256GB',1,1250,1250,0,0,1,'false','https://www.amazon.com/Apple-iPhone-GSM-Unlocked-5-8/dp/B075QMZH2L/ref=sr_1_1?s=wireless&ie=UTF8&qid=1544452004&sr=1-1&keywords=iphone+x+256&refinements=p_n_feature_twelve_browse-bin:17352550011,p_72:2491149011,p_n_condition-type:6503240011','2018-12-10 08:28:55');
INSERT INTO `Items_mercaderias` VALUES ('a34729589a7d82b2e81541072c8fb39c','3eddb9433acbdce1e02b641977a80bc1','IMPUESTO ADUANERO - 21%',1,265.65,265.65,0,0,0,'false','','2018-12-10 08:30:17');
INSERT INTO `Items_mercaderias` VALUES ('ce60b5771641c91954b223e53ae35c63','610b2ea1167540afa715eaab65bd665a','IPHONE X 64GB SPACE GRAY - EUA',1,1060,1060,0,0,1,'false','','2018-12-10 08:31:36');
INSERT INTO `Items_mercaderias` VALUES ('562997c1a42d3112c53cd64838f6268b','610b2ea1167540afa715eaab65bd665a','IMPUESTO ADUANERO - 21%',1,225.35,225.35,0,0,0,'false','','2018-12-10 08:32:19');
INSERT INTO `Items_mercaderias` VALUES ('3cab719113125c0488770daaeb74156a','008a16cc78e32dbd1f2480eea90b96f5','J6 SM-J600G/DS DUAL - 32GB/2G PRETO',1,924000,924000,0,0,1,'false','https://www.casanissei.com/br/catalog/product/view/id/6848/s/celular-samsung-galaxy-j6-sm-j600g-ds-dual-1gta-arg-py-uru-negro-32gb-2g/','2018-12-11 07:32:46');
INSERT INTO `Items_mercaderias` VALUES ('b74a1360940c731a5461ce7d0650492b','56929221a93bd2968caa1b7d60c30a7a','IPHONE 7 128GB NEGRO - EUA',1,587.43,587.43,0,0,1,'false','','2019-01-04 12:02:31');
INSERT INTO `Items_mercaderias` VALUES ('3ccbc0ef9079ecd188cc88e9b7092fb4','f76408acb8d3ef9fd8cc9dbb7186284a','IPHONE 8 256GB SPACE GRAY - EUA',1,801.43,801.43,0,0,1.5,'false','','2019-01-04 12:03:54');
INSERT INTO `Items_mercaderias` VALUES ('85b61bc0e8f9b8f97b1c59600aa80fba','f728d176884af090290bf558f1c9cc3c','SHIMANO DURA ACE ST-R9120 HYDRAULIC DISC BRAKE DUA',1,565,565,0,0,1,'false','https://www.ebay.com/itm/163148903600?ul_noapp=true','2019-01-04 12:13:04');
INSERT INTO `Items_mercaderias` VALUES ('645afba457f6ca13c171d65b2aec88da','da5ab03d107e7c834571fd2e0d9897a5','SHIMANO ULTEGRA HYDRAULIC/MECHANICAL ST-R8020 SHIF',1,355,355,0,0,1,'false','https://www.ebay.com/itm/223291224933?ul_noapp=true','2019-01-04 12:23:07');
INSERT INTO `Items_mercaderias` VALUES ('23b439b419dc7779088179ef289da4b8','eb7e5b117dee65e1c7343b884b498d52','XIAOMI MI 8 128GB WHITE CDE',1,2430000,2430000,0,0,1,'false','http://www.melodymegastore.com.py/br/celular-xiaomi/38881-celular-xiaomi-mi-8-128gb-white.html','2019-01-04 17:50:39');
INSERT INTO `Items_mercaderias` VALUES ('f92ac413a8ee89a9da22cd939b97ca76','5cabe26fc1ca1c1187bd6aa05338f8fe','SHIMANO ULTEGRA BR-R8070 + ST-R8020 2X11-SPEED MEC',1,500,500,0,0,1.1,'false','https://rover.ebay.com/rover/0/0/0?mpre=https://www.ebay.com/ulk/itm/202503864831','2019-01-05 06:47:12');
INSERT INTO `Items_mercaderias` VALUES ('8e57d810b92aefc7274820d6c33fbec1','55fb34f1b3db0bff8244c4843182b02d','IPHONE 8 PLUS 256GB SILVER - EUA',1,5632266,5632266,0,0,1.5,'false','','2019-01-08 11:04:50');
INSERT INTO `Items_mercaderias` VALUES ('4d72c48f22d0708791e06886e3aa563d','191f62848b2e45465a376f481a0ef85d','IPHONE XS 256GB',1,7622466,7622466,0,0,1,'false','256GB','2019-01-08 11:14:06');
INSERT INTO `Items_mercaderias` VALUES ('1e148c45022673b8f08c859ab69c7c91','6bda134d7babcf5b1e3c287e428c966b','OTTO STICKS',1,182466,182466,0,0,0.3,'false','','2019-01-08 11:35:29');
INSERT INTO `Items_mercaderias` VALUES ('9da90fda19597d26aa4e342b90e5411f','407a2276277b2690f1a423fedb53296f','NEW SHIMANO DURA ACE SM-RT900 SS 140MM  CENTE',2,77,154,0,0,2,'false','https://rover.ebay.com/rover/0/0/0?mpre=https://www.ebay.com/ulk/itm/332701570250','2019-01-08 18:06:57');
INSERT INTO `Items_mercaderias` VALUES ('64561d549df7d2b8982cb890e6a91589','26664088bff94205edc17b29e4e1c5c7','DOUBLE PAN JUMBO GRILL COOKWARE',1,536960,0,536960,0,2.4,'false','https://www.amazon.com/Happycall-Nonstick-Omelette-Dishwasher-PFOA-free/dp/B006WHT5LK/ref=mp_s_a_1_1?ie=UTF8&qid=1547043229&sr=8-1&pi=AC_SX236_SY340_QL65&keywords=double+pan+jumbo+grill+happycall','2019-01-09 11:28:35');
INSERT INTO `Items_mercaderias` VALUES ('aef4eecdb3f1864261d0fbc3680831ee','8005b8c11121d50c3a92fbe691b17c0a','SHURE SM35-XLR PERFORMANCE HEADSET CONDENSER MICRO',1,1067078,1067078,0,0,0.5,'false','https://www.amazon.com/gp/product/B00IVPG0SW/ref=ox_sc_act_title_1?smid=ATVPDKIKX0DER&psc=1','2019-01-14 06:09:17');
INSERT INTO `Items_mercaderias` VALUES ('e35e725c0f9ac880e454c0eb00a3481c','4f540b6e05b08d0682fbfbffc11f02e4','S8 64GB GSM UNLOCKED PHONE - INTERNATIONAL VERSION',1,2880000,2880000,0,0,1,'false','https://www.amazon.com/gp/product/B06XZPNYL7/ref=ox_sc_act_title_1?smid=A3IWU819C03265&psc=1','2019-01-14 14:57:58');
INSERT INTO `Items_mercaderias` VALUES ('f712e6287de80e0d66e9955b3052d9c6','e4f0f2ab82f28b5a9880fb97bbf90d62','S9 SM-G9600 64GB DUAL SIM 5.8',1,3510000,3510000,0,0,1,'false','http://compras.cellshop.com.py/smartphones/1568127-smartphone-samsung-galaxy-s9-sm-g9600-64gb-dual-sim-5-8--c-m-12mp-8mp---roxo.html?search_query=s9&results=121','2019-01-15 06:14:58');
INSERT INTO `Items_mercaderias` VALUES ('4d07368feb0fb2d6f03ce6ddb8678356','9e2df186232b3ca8ea816046702041cb','HUAWEI P20 LITE 4GB/32GB LTE DUAL SIM 5.84',1,1543163,0,0,1543163,1,'false','http://compras.cellshop.com.py/smartphones/1612745-smartphone-huawei-p20-lite-4gb-32gb-lte-dual-sim-tela-5-84--c-m-16mp-2mp-16mp--rosa.html?search_query=p20&results=14','2019-01-15 06:44:20');
INSERT INTO `Items_mercaderias` VALUES ('791b3228ef1aae9122aa032035bfde73','b30da8a268c9e421d2cf9743c4ea1ae5','OSPW ALLOY SHIMANO 9100/9150 AND R8000 BLACK CERAM',1,627,627,0,0,1,'false','https://www.ceramicspeed.com/en/sport/shop/oversized-pulley-wheel-systems/ospw-system-for-shimano-9100-series/#sku=106317','2019-01-15 08:11:10');
INSERT INTO `Items_mercaderias` VALUES ('7575232d74c67708ea021f90b099127d','adb494d0dcc2d8186137afeb28d2f647','HUAWEI P20 LITE 4GB/32GB LTE DUAL SIM 5.84',1,1543163,0,0,1543163,1,'false','http://compras.cellshop.com.py/smartphones/1612745-smartphone-huawei-p20-lite-4gb-32gb-lte-dual-sim-tela-5-84--c-m-16mp-2mp-16mp--rosa.html?search_query=p20&results=14','2019-01-15 08:38:07');
INSERT INTO `Items_mercaderias` VALUES ('ec5c1e8502a308a16052eb0cca7c6156','50580f9dc48e7933a91756c123344b2e','REDMI NOTE PRO 6 3GB/32GB DS 6.26',1,1153475,0,0,1153475,1,'false','http://compras.cellshop.com.py/smartphones/1798630-smartphone-xiaomi-redmi-note-pro-6-3gb-32gb-lte-dual-sim-6-26--c-m-12-5mp--20-2mp---azul.html?search_query=redmi+note+6+&results=4','2019-01-15 09:07:21');
INSERT INTO `Items_mercaderias` VALUES ('638943416626dea36b83ca608816ea1b','2536e3e6350473989350324acdbb9251','REDMI NOTE 6 PRO DUAL GLOBAL NEGRO - 64GB/4GB',1,1420650,0,0,1420650,1,'false','https://www.casanissei.com/py/catalog/product/view/id/47465/s/celular-xiaomi-redmi-note-6-pro-dual-global-negro-64gb-4gb/','2019-01-15 09:07:57');
INSERT INTO `Items_mercaderias` VALUES ('21f3e50a52a5d3ddd5922db8c4f0a241','90dfd20c01943eac40ffba7f56ff4a10','REDMI S2 DUAL GLOBAL ROSA DORADO - 64GB/4GB',1,1066527,1066527,0,0,1,'false','https://www.casanissei.com/py/catalog/product/view/id/47834/s/celular-xiaomi-redmi-s2-dual-global-rosa-dorado-64gb-4gb/','2019-01-15 19:43:48');
INSERT INTO `Items_mercaderias` VALUES ('9b9e25df22a893c3feaa5f5752792def','dc93589b08fb80dcffaf1ed6128b45e2','REDMI S2 DUAL GLOBAL PLATA - 64GB/4GB',1,1101870,1101870,0,0,1,'false','https://www.casanissei.com/py/catalog/product/view/id/47832/s/celular-xiaomi-redmi-s2-dual-global-plata-64gb-4gb/','2019-01-15 19:46:26');
INSERT INTO `Items_mercaderias` VALUES ('fae337382bc113522420adcace48f485','579f59ac50b2e679af101d459dbdfe35','REDMI 6 3GB/64GB LTE DS DORADO',1,874418,874418,0,0,1,'false','http://compras.cellshop.com.py/smartphones/1784275-smartphone-xiaomi-redmi-6-3gb-64gb-lte-dual-sim-5-45-c-m-12mp-5mp-5mp-dourado.html?search_query=Xiaomi+64gb&results=29','2019-01-15 19:56:51');
INSERT INTO `Items_mercaderias` VALUES ('e55d7d54b0ed11921168c3637e63f672','e09cec4a010561a46fea07caf756459f','REDMI 6 3GB/64GB LTE DUAL SIM AZUL',1,823020,823020,0,0,1,'false','http://compras.cellshop.com.py/smartphones/1784268-smartphone-xiaomi-redmi-6-3gb-64gb-lte-dual-sim-5-45-c-m-12mp-5mp-5mp-azul.html?search_query=Redmi+6&results=11','2019-01-16 03:43:26');
INSERT INTO `Items_mercaderias` VALUES ('49dff38fc8c8e7de1e4fc9d4342fcafa','91adba186e77e9912c0c4e438b369fc2','TECLADO SATELLITE AK-910 USB COM FIO - ESPANHOL',6,40528,0,0,243168,1,'false','','2019-01-17 06:30:30');
INSERT INTO `Items_mercaderias` VALUES ('4c0136b67f9639e515fdd974b5f37e3f','91adba186e77e9912c0c4e438b369fc2','MOUSE SATELLITE 1200 CPI SENSOR A-33 PRETO',2,24940,0,0,49880,0,'false','','2019-01-17 06:32:20');
INSERT INTO `Items_mercaderias` VALUES ('2dbae2a6cf68b4dcd75279e1fabd41f5','91adba186e77e9912c0c4e438b369fc2','MONITOR AOC LED 16" E1670SWU USB NEGRO',1,445803,0,0,445803,1,'false','','2019-01-17 06:40:01');
INSERT INTO `Items_mercaderias` VALUES ('4fc3d1940cafd8066e15f66160da4d78','c26ffaf671e481c4bc1edb14fe424cfc','CASE FOR P20 LITE FULL BODY HEAVY DUTY ROSE',1,57973,57973,0,0,0.3,'false','Orzero TPU + PC Hybrid Dual Layer Case For Huawei P20 Lite Full Body Heavy Duty Protection 360 Rotating Metal Ring [Adsorbed iron Plate] (Huawei P20 Lite Not Included)-Rose Gold','2019-01-18 05:18:08');
INSERT INTO `Items_mercaderias` VALUES ('1899943dc69580eaf161ff405bb18774','ada127a97ed3f51df148fb72ba9c2ce6','REDMI S2 DUAL GLOBAL ROSA DORADO - 64GB/4GB',1,1112265,1112265,0,0,1,'false','https://www.casanissei.com/py/catalog/product/view/id/47834/s/celular-xiaomi-redmi-s2-dual-global-rosa-dorado-64gb-4gb/','2019-01-18 06:56:57');
INSERT INTO `Items_mercaderias` VALUES ('b9df5c96626f3930f7e5d9bf54914231','1386e3f5aa1c129885326f8d53eb6870','SSD KINGSTON A400 240GB',1,217800,217800,0,0,1,'false','','2019-01-21 08:37:35');
INSERT INTO `Items_mercaderias` VALUES ('ef3b0a2ad978ce0c86d27d9a1101f1be','1386e3f5aa1c129885326f8d53eb6870','FORMATACION Y COPIA DE SEGURIDAD',1,250000,250000,0,0,0,'false','','2019-01-21 08:38:26');
INSERT INTO `Items_mercaderias` VALUES ('8ea9d5e2b79e78c5c94c2a0f86fed214','b74f4a94cf51a7da98b86ba01460663f','SSD KINGSTON A400 480GB',1,423500,423500,0,0,1,'false','','2019-01-21 08:40:25');
INSERT INTO `Items_mercaderias` VALUES ('c47b5a6a98202935b387839819325357','b74f4a94cf51a7da98b86ba01460663f','FORMATACION Y COPIA DE SEGURIDAD',1,250000,250000,0,0,0,'false','','2019-01-21 08:41:09');
INSERT INTO `Items_mercaderias` VALUES ('f081ed1195346d2900deee35c46703ac','927dd29e2eaa5dc40097acf46b886f71','OAKLEY ZERO PATH SUNGLASSES WHITE/PRIZM ROAD',1,889912,889912,0,0,0.3,'false','','2019-01-28 18:41:11');
INSERT INTO `Items_mercaderias` VALUES ('85db81f01740c88fc6734b1383c8c69e','40426f6dc301c74afc432b3f24f2590a','SAMSUNG GALAXY S9+ LILAC 128GB',1,5555437,5555437,0,0,0.6,'false','eua','2019-01-28 19:02:56');
INSERT INTO `Items_mercaderias` VALUES ('b2015d59b35e75beaaba3c16e07d43d2','ae3ab411b905939bf5234add937d9db8','TOYONA XENECO D4S 42402 6000K OEM HID LIGHT BULBS',2,27,54,0,0,0.6,'false','','2019-01-29 06:19:51');
INSERT INTO `Items_mercaderias` VALUES ('b8644bd87633d6147e91458c64cc94ab','8f7422c4ca5efb4fe3c09b83f4c679ff','SAMSUNG GALAXY S9 128GB DOURADA PY',1,4040100,4040100,0,0,1,'false','https://www.mobilezone.com.py/produto/comprar-smartphone-samsung-s9-g960fd-5-8-ds-lte-oc2-7-6-128gb-12-8mp-a8-sunrise-gold-no-paraguai-142984.html','2019-01-29 08:54:22');
INSERT INTO `Items_mercaderias` VALUES ('0653b0ef833e3393ada5782f4b3f8526','68151c806f3613331565f0b1c81e9766','XIAOMI MI A2 4GB/32GB DOURADO (RAFA MOREIRA)',1,1278115,1278115,0,0,1,'false','','2019-01-29 15:06:39');
INSERT INTO `Items_mercaderias` VALUES ('9ad39f3b7f819ae307b39be251ed99c4','53558c6c7c912d0e21c062c80f3c4771','XIAOMI REDMI S2 DS 64GB CINZA ( RAFA MOREIRA)',1,1136576,1136576,0,0,1,'false','','2019-01-29 15:24:43');
INSERT INTO `Items_mercaderias` VALUES ('1298e18fe2254da2518d254b677bef5b','2a8ca9e244e3ec89678c958e067bceca','AURICULAR SONY WH-CH700N BLUETOOTH NEGRO',1,783000,783000,0,0,1,'false','','2019-02-05 13:46:39');
INSERT INTO `Items_mercaderias` VALUES ('cf485191f664ad52a2918cc3d1b5c3ef','71523875bfc13ae57817cf0337934638','NOTEBOOK DELL I5577-7152BLK',1,7029963,7029963,0,0,1,'false','','2019-02-05 17:00:46');
DROP TABLE IF EXISTS `Frecuencia`;
CREATE TABLE IF NOT EXISTS `Frecuencia` (
	`n_id`	INTEGER NOT NULL,
	`c_descripcion`	character ( 30 ),
	`n_cantidad_dias`	INTEGER,
	`b_activo`	BOOLEAN DEFAULT true,
	`ts_insert`	timestamp DEFAULT (datetime('now','localtime')),
	PRIMARY KEY(`n_id`)
);
INSERT INTO `Frecuencia` VALUES (1,'SEMANAL',7,'true','2018-07-18 10:54:08');
INSERT INTO `Frecuencia` VALUES (2,'MENSUAL',30,'true','2018-07-18 10:54:09');
INSERT INTO `Frecuencia` VALUES (3,'ANUAL',365,'true','2018-07-18 10:54:09');
INSERT INTO `Frecuencia` VALUES (4,'QUINCENAL',15,'true','2018-07-18 10:54:09');
DROP TABLE IF EXISTS `Fletes`;
CREATE TABLE IF NOT EXISTS `Fletes` (
	`c_id`	character ( 32 ) NOT NULL,
	`n_id_moneda`	integer DEFAULT 1,
	`c_tipo`	character ( 2 ) DEFAULT 'KG',
	`n_valor`	numeric ( 15 , 5 ) NOT NULL,
	`ts_insert`	timestamp DEFAULT (datetime('now','localtime')),
	PRIMARY KEY(`c_id`)
);
INSERT INTO `Fletes` VALUES ('8daecfa0b0904b26d6af5236ba33fdf7',2,'KG',28,'2018-07-12 17:23:47');
INSERT INTO `Fletes` VALUES ('214f9853ab0a8a448e20f65f02ebff38',2,'KM',1,'2018-07-14 09:16:47');
INSERT INTO `Fletes` VALUES ('db103911efe52809f646fa89eb869d57',1,'CJ',40000,'2018-07-21 02:06:56');
INSERT INTO `Fletes` VALUES ('83d7c48749e235d7cf3717ebf2b7e238',1,'BR',200000,'2018-09-20 09:28:09');
INSERT INTO `Fletes` VALUES ('dcf7e31bdfcd1bdc159b1efd65b04859',2,'PB',17.5,'2018-12-05 05:23:17');
DROP TABLE IF EXISTS `Configuraciones`;
CREATE TABLE IF NOT EXISTS `Configuraciones` (
	`c_id`	character ( 32 ) NOT NULL,
	`b_flete`	boolean DEFAULT false,
	`b_comision`	boolean DEFAULT false,
	`b_seguro`	boolean DEFAULT false,
	`c_obs_presup_1`	character ( 120 ),
	`c_obs_presup_2`	character ( 120 ),
	`t_logo_b64`	TEXT,
	`c_ruc`	character ( 50 ),
	`c_tel`	character ( 120 ),
	`c_direccion`	character ( 200 ),
	`c_email`	character ( 100 ),
	`c_razon_social`	character ( 100 ),
	`c_nombre_fantasia`	character ( 100 ),
	`c_slogan`	character ( 100 ),
	`ts_insert`	timestamp DEFAULT (datetime('now','localtime')),
	PRIMARY KEY(`c_id`)
);
INSERT INTO `Configuraciones` VALUES ('1','true','true','true','ESTE PRESUPUESTO ES VLIDO POR 24HS DESDE LA FECHA DE EMISIN','ESTOY TOTALMENTE DE ACUERDO CON ESTE PRESUPUESTO Y ME COMPROMENTO EN PAGAR EN EL VENCIMIENTO','data:image/jpeg;base64,/9j/4AAQSkZJRgABAQEAYABgAAD/4QBoRXhpZgAATU0AKgAAAAgABAEaAAUAAAABAAAAPgEbAAUAAAABAAAARgEoAAMAAAABAAIAAAExAAIAAAARAAAATgAAAAAAAABgAAAAAQAAAGAAAAABcGFpbnQubmV0IDQuMC4yMQAA/9sAQwABAQEBAQEBAQEBAQEBAQECAQEBAQECAQEBAgICAgICAgICAwMEAwMDAwMCAgMEAwMEBAQEBAIDBQUEBAUEBAQE/9sAQwEBAQEBAQECAQECBAMCAwQEBAQEBAQEBAQEBAQEBAQEBAQEBAQEBAQEBAQEBAQEBAQEBAQEBAQEBAQEBAQEBAQE/8AAEQgBNgE2AwEiAAIRAQMRAf/EAB8AAAEFAQEBAQEBAAAAAAAAAAABAgMEBQYHCAkKC//EALUQAAIBAwMCBAMFBQQEAAABfQECAwAEEQUSITFBBhNRYQcicRQygZGhCCNCscEVUtHwJDNicoIJChYXGBkaJSYnKCkqNDU2Nzg5OkNERUZHSElKU1RVVldYWVpjZGVmZ2hpanN0dXZ3eHl6g4SFhoeIiYqSk5SVlpeYmZqio6Slpqeoqaqys7S1tre4ubrCw8TFxsfIycrS09TV1tfY2drh4uPk5ebn6Onq8fLz9PX29/j5+v/EAB8BAAMBAQEBAQEBAQEAAAAAAAABAgMEBQYHCAkKC//EALURAAIBAgQEAwQHBQQEAAECdwABAgMRBAUhMQYSQVEHYXETIjKBCBRCkaGxwQkjM1LwFWJy0QoWJDThJfEXGBkaJicoKSo1Njc4OTpDREVGR0hJSlNUVVZXWFlaY2RlZmdoaWpzdHV2d3h5eoKDhIWGh4iJipKTlJWWl5iZmqKjpKWmp6ipqrKztLW2t7i5usLDxMXGx8jJytLT1NXW19jZ2uLj5OXm5+jp6vLz9PX29/j5+v/aAAwDAQACEQMRAD8A/v4ooooAKKKKACiiigAooooAKKKKACiiigAoorg/iF8Ufhx8JtBm8T/E3xz4V8B6BBw2qeKdbt9GtpG7RxeYwMjn+GOMMzdga0o0a2Iqxo4eLlN6JRV2/RIyrV6OHpSr4iSjCOrlJ2SXm3ojvKK/Gn4zf8FsP2avAst/pfwr8P8Ai340atbIVg1C0j/4QzwbNJ02/bblGuWAP8cdqytxtYjmvzG+Jv8AwWc/ay8ceba+CIvA/wAJNOdmMb+HtDHiHXtp/hkvL8yx8f3ooI29+1fqOReDHH+eKNT6r7Cm/tVpcn/knvVP/JD8l4h8c/Dnh9ypPGPEVF9mhH2n/k940/8Ayc/rOLBQWYhQOSScAVwHij4s/CzwQu7xn8SfAPhJe3/CS+MNP0Mn6edKufwr+I7xx+1B+0V8UZJH8ffGz4meJIZm3tp134vvIdFQ/wDTOwjdbZP+ARivJhJJKzSSu8sjnc8kjF3c+pY8k1+nZd9GutKMZ5rmqT6xp0+b/wAmlKP/AKSfj2b/AErqNJyhk2TuXaVWqo/+SxhL/wBLP7ZdS/bc/ZH0lmS8/aH+FjMvVbHxTBqp/DyC+fwrkp/+CiP7F9uxR/j14acjgm20jV7xP++o7RhX8blv0H1rXh+7X01H6N3C3/L7HYh+ns4/nCR8PivpZ8Zxl/s2W4VL+97WX5VIn9jNl/wUC/Y4vyBb/Hnwmuehu7PUtPX85bZRXd6T+11+y9rZVdO+PvwodnOFW58a2OnN9MTSJz7Gv4xIfufjWvD92nW+jXwxJfuMwxC/xezl+UInHD6X3GVKX+05XhZL+77WP5zmf3G6H4u8KeJ7dLvw14m8P+IbWTmO50TWbfVYH+jxOwNdDX8OmnX99p06XOn3l3YXKL8txZXD2s6/RlINfTngH9rr9pf4fiKPw18aPHaWsWBFp+s6w3ijTIlXoqW96Jo0Hsiivlsx+jPmEE3lGaQm+1SnKH/k0ZVP/ST6rKfpnZVJxjxBkdSnHrKjVjU/8lnGl/6Wf130V/Pv8Nv+Cs3xg0b7Ja/EfwT4S8eWkZWO4v8ASnk8Ia7MvRpGZRLbFu+FhRT0+XrX6KfCv/go3+zb8SDFZ6tr1/8ADTWJCqCz8dWy2enSMf7moxM9uFB4zM0Z9sV+WZ/4PeIHD0ZVcRgXVpL7dF+0X/gMffS85QR+38K/SG8JuLJxoYXNI0K8v+XeIXsZX7c0v3cn5RqSZ96UVS07U9O1iyt9S0jULLVNOu4xNa3+nXUd9ZXKtyrRyoSrAjnINXa/MpRlCXLJWaP2mE41IKdN3i9mtmFFFFIoKKKKACiiigAooooAKKKKACiiigAooooAKKKKACiiigAooooAKKKo6nqmm6Jp19rGs6hZaTpOl2kl/qWp6ldJZafp8ESl5JppnIRERVZmZiAACTTScnyx1bE2ormkXq8J+PP7S/wQ/Zo8MN4r+M/xA0XwfZSAjTdNnm+2eJNecZ/d6fpse64uG45MaFV6syjmvxP/AG2v+C3+h+GJ9W+HH7H8Nh4q1yBpLHU/jLrdj9p8Lac43Rt/Ydk+PtjqcFbq4H2f5fljnVg1fzeeO/iP49+K/ijUvG/xJ8Xa9428WavJv1DXvEWoyalfzY+6isxwkaDhY0CoowFUDiv3jgjwNzfPIRzHiWTw2Geqhb99Jej0przknL+71PwXjrx0yjIXPL+GorFYpaOd/wBzF+q1qPyjaP8Af6H7q/tNf8Fy/iP4wa/8OfsxeFE+GegtugHj3xjbW+u+Orxc8SW1j+8srPj++bpvmyGQivxe8cfEv4hfFbxDc+LPiV408TeOvEd4377WPFGsT6xeBc8RxtIxEca9Fjj2oo4CgV5bB0b61swMBsBIBeRY0Hd2ZtqqvqSTgAda/qfhzg3hrhOh7LI8LGnK2s/iqS/xTl73yvy9kj+SuKeNOKOLsTz53ipVI392G1OP+GnH3b+duZ9WzXh6fhWxD0/CvtX4Ff8ABNf9sX48x2Oo+HvhVdeCfC984VPGPxZuH8BaMIz83nR2skb6lMhBG2SC0kjbPD9SP1v+E3/BCbwbYwrd/HH45eKPEd421v7C+F2jWvhDSbf/AJ6RyX14t3POD0Dxx2rD09PHz3xV4G4clKljMdGdVfYpfvJej5fdi/KUkd+Q+DniDxOo1sJgXSov7dZ+zj8lL33/ANuxZ/OlEwVdzEKAMkk4Aq9ZajY3k32SxuodQvMDFlpzf2hfN/uwx7nP4Cv7Lfh5/wAEzv2HPhva28Gnfs+eD/FNzAyyNqnxNa6+KOoTyDrJnVJbiNCTzthSNPRQK+zPD3hHwp4R0630fwp4Y8PeGNJtF2Wul+HtFttF062X0jhhRUUewFfluY/SSyym+XKcsqTXepUjT/CKqfmfqOXfRSxtaKlnWbxg+saVNz/8mlKH/pJ/CxoXw2+L3iBFfw18DPj74ojc/JJ4Z+BfizXYpP8AdeHT2U/ga9Gtf2dP2n5Yw6fsrftObSM/vfgR4ltX/wC+ZLRW/Sv7gqK+cqfSTz7mvRy2il5ym/8A5E+lh9E3g9x/2jMsRJ+Xs4/+2s/h4vfg1+0LoqFtV/Zf/ajsol5a4b9nXxhcWqf70kenso/OuF1HUpvDjPF4q8O+N/B7x/63/hMPAOteFUh/66NdWsar/wACIr+8GmPHHICskaSKequgcH863ofSXziL/wBpyunJf3ako/nGRwYz6IPCVaP+zZriIPzjTl/7bE/hO0jxV4Y1nb/ZHiPQtUJG0DT9Wt7xs+mEc8+1dxbdv8+tf1/fEf8AZU/Zn+L8s1x8T/gF8IfHF9Ou2XVPEXw/0u/1hh/1+GHzx+D18K+Pv+CM/wCyV4glmvfhtqHxa+BGoMGeGH4e/EC41nw1HIejf2RrK31sqDp5MAiTHQL1r7PKfpJcNYiSjm+Bq0fOLjUj/wC2S/8AJWfmWf8A0NuIqVOU+Hs2pVu0akJU3/4FFzR+AVv0H1rWh6fhX3X8UP8AglD+198N459R+GHiz4Z/tGaJBuYaLeRyfB34juo+75Ile40u4bGc757Xnp1wPz/8UXmtfDHxHH4M+M3grxn8FfF8sjQW2i/E3Qn8PW+qsjYb+ztTy1her3D2lxIGBBFfsvD3HnCPFKtkmOhUn/Jfln/4BK0vwP5r418GvEjgmMque5XU9iv+XlP95T/8Che3/b1j6G+FPxy+LHwcvvt3w58ca34bDyK9zpsNx9r0O+wf+XixlDQSHtuZNwycEV+uXwN/4Kf6Fq5tND+Ofh7/AIRy8b91/wAJp4WhkvNCf0a6sCWnh92hMwyfuIOn4a2xBVSCCDggjkGtmLp+Arn4q8NuEOM4S/tjCpVntVh7lVbfaXxek1KPkeZwN40+IvhpXj/q3mEvqy3w9W9ShLy9nJ+5frKm4S/vH9f/AIa8U+HPGWjWfiHwnrml+ItD1CMS2eqaPex39lOCM/fQkBhnlT8ynggGt6v5Uvg/8bviX8E9bXW/h94kutKMkqtqOkSn7XoGtKuf3d3Zsdj8FgHGJF3Eq6nmv3H/AGb/ANuTwB8avsPhnxSLfwJ8RZQsEemXdx/xIvEUuAP+Jfct0dj0t5cPyArS4Jr+QvEDwP4j4PjPMst/2vALVyiv3lNf9PIa6L+eN11kon+hnhD9KXgzxGqU8kzxLL82lZKE5Xo1Zf8ATqq7e8+lOfLL7MXUPuaiiivxI/qIKKKKACiiigAooooAKKKKACiiigAooooAKKKKACiivln9rr9rz4S/safCq/8Aib8UNS3zy77Hwd4M0+aMeJfHWobdyWdjGx4Vcq007fu4Y8s3JVW6sFgsXmWLp4DAU3UrVHyxjHVtv+vluzmxmMwuX4WpjcbUUKMFeUpaJI734+/tB/Cf9mX4cat8U/jF4ptfDHhfS/3EAYfaNW126ZWaGw021Hz3FzLtbbGnRVZmKorMv8aP7eH/AAU8+MH7Z2r3nhnTZb74c/Ai1vCdG+HOnXpW68QrG26G88QXCHFzMdqutuP9HhIXaruvnN8t/tb/ALYvxg/bN+Jtz8Q/ijqpisLVpLXwZ4G02eRfC3gaxZsrb2cJPzSMApmuXHmTMoLEKqInzTB0T6V/Zvht4R5fwpTp5tnUY1sxeq6wo+UO8u8//Abby/j7xI8Vcw4mdTKsnk6WX7PpOr5y7R7Q/wDAr7Lah6fhW5aRyTNHDDG8s00ixRRRoXklZm2qqqOSSTgAV71+y5+yV8bv2t/G0fgz4P8AhWbUYrWWP/hJvF+o7rHwb4MhkLYn1K+2lUJCSFIEDzS7GEcbYOP68v2LP+CXvwF/ZHtNN8S3tnb/ABV+M8SLNc/EfxPpkfkaHNw23QdPYulkqkcTlpLlst++VW8tfouOPE7h/gim6FeXtsY17tGD18nOW0I+t5P7MWfI8F+F3EHHFVV6K9jgl8VaS081TjvOX3RXWSZ+En7Jn/BHL9ob46Raf4r+LBk+Anw5vE+0wt4h043XxH1qPcAPs2isym1VhvxLfNGwwrLbyqwNf0c/s3/8E/8A9lz9l2KzvPh58O7PVfGVqFZviR448vxV47eQLsaSC6kQR2e4Z3JYx26HJypr7RrivH/xI8AfCrw3e+MPiV4y8N+BvDGngG61zxRq8Oj6ejNwsavIw3Ox4WNMsxIABNfyZxR4lcY8bV/qtatKNGTtGhRuou+ydveqP/E3rskf1jwt4acGcD0PrVCjGVaKvKvWs5K27Tfu01/hUdN2ztaM1+DX7Q//AAXM+F/hWe/8P/s5+B7z4o6pBI9unjbxaZvDHglWXgS29ntF9dJns/2XjkMwNfjb8Tv28f2zf2ndci8OX3xG8aznXbhrbSvhn8I7O60S1vzL0tYtP08G6vOOFWdp2465ya93h7wQ4xzimsXmajg8PvzVvit39mtV/wBvuB83xJ47cG5LW+pZVz47FXso0V7t+3tHo/8AuGpn9e3xP/as/Zw+DRvYfiV8Z/APhjUNPXdd6HLrseo+JY+N20aXb+ZdsxHIVYyT6V8KeMv+CzX7JmgefF4WsfiZ8QbhCUgl0fwxFommzN2LSX08MqqfXySf9mvwy+E//BLz9t/4r4vk+EZ+Hekz/vU134wa/D4M+0MzfN/xLVFxqqt82czWaKecMTX3x4J/4IU+P7iCGf4h/tI+FtBuH5uNK8C/De68RiH/AK56leX1uG/4FZivqlwV4KcOPk4hzyWJrLeNL4b9rUo1GvnUPjqnG3j7xN73DWQ08JRe0q3xf+VZU0//AAUd9q//AAXFmld18N/s7xIgciOTW/iKzuy9iyRWAwfYMfrXGXH/AAWt+Lk5LWHwZ+HNrGeVS71bU75x/wACV48/lXu+if8ABC74GW8K/wDCR/tA/tDatdf8tG0SXwn4bsj/ALsTaLcOPxkNdef+CIn7Lgi2D4p/tMI23Hnr468PiQe+P7C2f+O11Qzv6OuFfJDLqk/Nqs//AEqr+h5Vbhf6UmNXPPO6FPyXs1/6Th/1Pm3Tf+C0PxWLKdR+DXw9uUPVLLWdSsH/AO+mMn8q9T8Pf8FnUlkiTxL8BXjiJHnT6F4982RF/iZYpbIBj7F1+taur/8ABDv4NvEx8LftIftF6PcDiM61J4R8TWaf70Y0WBz/AN/BXjPib/gif8WtLhmm+Hv7UnhHxHMg/wBH0v4j/CGbRzP7PqWn6kwTtyLN/p2rvpZh9G3MXyVsNKjfusRH8YSkvv0PExORfS4ypOrg8zp17dP9nl/6cox/M++PBn/BVT9lzxM0EWtzeOvAksh2yN4h8LnULWFv+uljJcMVz32j3Ar7a8A/Gr4SfFJFb4efEbwh4ukMP2hrPRtcguNThT+9JabhMmOh3oMdDX8wPjz/AIJ4ft3/AAuje8m+C3h34taVAWefUfgr8Q7TVNRiVf4v7J1RLC5fPZbbz2/2a+U7/wAT3nw28QWekfEDSfG3wX8YxyLLZ6V8TPDWo/DfWQ24qslrNdRxxygnhZLaR1J6NXV/xBzwv4qp83BudctX+XnhVS9YPkqL5yPJqeO3jxwLU/4z/hlVsOrXnCE6b9faQdWl/wCSI/t4rkfHHgDwN8TPDl94Q+Ivg/wz468K6mnl6h4d8W6HbeIdFux28y3nRkJHY4yOor+a74Q/t8ftIfDNLKCDxw3jzQIcbdH8ehvEsMkf91L0ut2ox93bNtHHy44r9WfgB/wUi+HfxS1bSvCXxA0OT4beJ9VmWysNQa/Gp+EdQuJCqxx/aCqSW7OzYUSqU6Ay5IFfmnEvgjx5wvGWYYWmsRRp+9z0Ze9FLq4O09N/d5rdz9U4K+k/4Wca1qeVYytLBYuo1FU8TFKEpPTljVjzU9XovaOm5bcp8y/HT/gjnoFot74n/Y58e3Pwp1VVe5/4U74/urrxh8GtXcfMsNnM7NqOkFiWG6CSeFfkxbKF5/JTxlZfED4LeMLb4a/tD/D7WPg746vXaLRDrEiaj4F8bbdv7zw/4gi/0S8yHjJh3JcIX2vCrAiv7K81558UvhL8NPjb4M1X4efFrwR4d8f+C9aj2X+geJdNj1GzZtrKs0W4bopk3ExzxFZI25VlPNd3BHjvxTw1OGEzmTxmDWlpP97Ff3an2vSd7/zIz8T/AKMfAHiBTqY3L6awOYu9qlKKUJP/AKeU/hfrG0j+T236D61q27MjKykqytuVlO1lPqK+oP2mf+Ccfxh/ZgXUPHf7PH/CU/H34E28rXeq/Cy9kOsfGr4Y227czaLcH5tbsogxH2WT/TY0RArXGGNfHvhLxV4f8ZaRb674a1O31TTbhmTzYcpLbyL8skM8TAPFKh+VopFVlIwQK/sbhnjPh/jTLP7QyKsprTmi9JwfaUd167Po2j/M3xI8JeMvCvN/qPEuH/cyf7utHWlUX92XSXeL1R+tH7LP7eWreEf7O8C/Gm8u9c8KjbZ6X40cPea74fH3VW96tcwDj5+ZYxn/AFgwq/s5pmp6drOn2WraRfWmp6ZqNst5YahYzrdWd5FIu5JI5FJVlYcgiv5MIfufjX23+yp+1p4i+Buow+HPED3evfDG/nzeaVuM154caRvmutPyen8UkH3X5I2ty34H4p+DOFzJVM+4SpqGK3nRWkandwW0Z+Xwy8pfF/UPgD9J7HZHOjwh4jVpVcBpGliZXlUo9o1XvOl/e1nT/vRso/0BUVi+HfEeh+LdE03xH4a1O01nQ9XtVvNO1Kxl823uY27juCOhU4ZSCCAQRW1X8i1KdSlOVKrFqSdmno010a7n+j9GtRxFGOIw8lKnJKUZRd4yT1TTWjTWqaCiiioNAooooAKKKKACiiigAooooAKKK5Px5468KfDLwX4o+IXjrWrPw74O8GaHceIvEmt377LXTbS1jaWaRscscLhUUFmYqqgkgVdOE6s40qUbybskt23skTOcKcHUqO0Vq2+iPIP2pv2n/hh+yL8HvEXxi+KWpeRpmlJ9j0LQbWWMa74y1ORHa10vT42I3zSlGJP3Y445JHIRGNfwT/tYftZfFX9sb4u6v8V/ihqRLSs1h4S8KWcrHw/4G0tXZoNPsYz2G7dJMw3zSFnY8gL6f/wUQ/bu8Yftz/Gy88VTPqGjfCfwjJPo/wAJPA9xLhNIsWdRJqF1Gp2m+vfLjkmbnYqxRKzLEGb4Sh6/jX9reFfhvR4QwCzTM4p5lVj73X2UX/y7j/e/nl391aK7/kPxN4+q8UYyWW5fK2ApvT/p5Jfbl5fyLtq9Xpsxfw1+rH/BOz/gmf8AEX9tPXIPFmvvqPgL4A6Jf+Rr/jhrXbqPiiSP/WaboKONksuflkuWzDb7jkSOBC13/gl9/wAE2Nf/AGz/ABivjzx9BqGhfs6eDNU8jxHqkLvY6h49vIwsn9i6XKBkKAyG5uVP7pGCofMcFP7YfCPhHwx4C8M6H4M8GaFpvhnwr4a02LR9B0HR7VbPTdLtoVCRwxRrwAAOvUnJJJJNeX4qeLUeG1Lh7h2SljmvfnuqN+i6Op+Eet3odHhn4VviOUc+4hi1gU/chs61ur6qn+Mullq+N+DXwU+GH7P/AIC0f4afCTwlpng/wjoseIbGwj3XN9K3+sury4bMtxcSHl5pWZm9cAAemXd5aafa3N/f3VvY2NnA11eXl3Mtta2kcalpJJJGIVVUAksxwACTXiv7Qv7Rvwi/Ze+HGqfFD4x+KrTw34esAYbG1ytxrviW6Klo7DS7PIe4uHxwicKoZ3ZEVnX+OD9ur/gqT8af2ydQ1Dwro8998MPgOl3jTfh3pV7t1DxHGpXy7jxDeJj7S5K7xbLi3iOMLIy+c34FwZ4fcSeIWOli1Jxw/N+8xFS8ry68t9ak/np9qSur/uXGHHvD3AGBjheVSrqP7uhTtG0dlfpTh8v8MXrb9rv2yv8Agtv8NPhhNqngL9mCy0z4ueN7dmtLz4g3sjN8MNCkG5W+yFGWTU3UgcxNHb/MCJpcFK/n8v8AxH+1x+338Vba1u7n4gfHb4g3YzZaTZx7tH8OW+7lo7dPLsNNtQT80h8mLc3zNubn6/8A2B/+CRXxR/aYi0f4l/GB9V+E3wRuSl7YNJa+R488fw7m50y2lUi2tn28XtwpDKymKKVW3r/Uj4Q8B/sz/sPfCG8TQbHwZ8GPhn4egF5ruu6hcraz6nMqBPPv76Um4vbqTaqrvaSRztRF+6tfreI4i4F8K3/Y3BmFWNzj4ZVH71pbcrlHW9/+XVK3aUlI/IaPDXHPin/wsca4p4LJ170aa928VrzKMtErf8vKvM+sY8p+Mv7MH/BC2ytl07xR+1b45kvrjfHdN8K/hteNbaeF2hmh1PXmUSvknY8dgkW3yyUunDfL+x2i+E/2Sf2JfAzz6Zpnwn+AvhOJP9J1a6e10XVNdkA/5eL6Ym91C4IGBveaVtoAzgCvxW/au/4LgX93NqXg39krQBp9qkklnJ8XPGumrPeXA+6JtH0d8pGM/Ms18GJGN1spr8nPCfw5/a+/bh8Y3mvaL4f+KHxz8QykpqHi/Vrh38OaXhsfZ5NYu3j0+2AO7bbLKhwrbY8A1nPgrjnjKj/bXibmv1LA7+zlJRsunuXjTh6zcqn80TJcd8C8FVv7B8Kso+vZg/d9pGMpXf8A18tKpUXlHlp/yyP6E/i//wAFr/2ePB819pvwo8JeL/i/qNsfLg1R9vgfwjcN6rcTpJdsFP8A06gN2bHzV+enjj/gs9+1P4q8+38HaP8ADj4bWsjYhuNO0KTxLrUC/wDXa8keAnHf7P8ATFehfB3/AIIYfFDVjp2o/HL4x+GPA1i6rNqHhj4caVJ4x8Qsrc+T/al0ILW3kXOGZbe7TKkDcPmr7k0P/gjH+xN4Stzf+ONW+LHjG2gXN1ceLPipJ4R00e7HSUsNv/ff41FHHfR/4VmqNDDzx9ZbycZVbv0m6dJ/9uxsYYnKfpIcXxdfEYynltF/ZjJU2l601Uqr/t6dz8RNf/b+/bI8XiVdU/aB8e2aSnkeGbyHwcVz/dawjhZfwNeQan8Zvi34gPn+I/iv8RtbmPzGbW/HWp6lKf8AgUs7Gv6EtT/Zk/4I2/DDzIfEFv8ABFri3X97p/iH406t491Ne3zWs2q3Mx/75rl7TU/+CIehSk23gD9nq7cNnzLn4N33iFG9901hIDX2WX+JOS04c3DvCOJce8MNCK/8kUj84zbwjzavU5OKuPMNGp1VTEyk/wDypUiz8HtE+Nvj3wxcR32k/Fzxf4evIzlbzTvH15pNynP/AD0SdWH51+wv/BNv9vP40/Ev4x6V8GPFPiiT4z+HNX064luNWa5g1bxL4I+yxM63lxex/PLAz+XFILkswMqMrAhlf6z8JfF//gkZplzC3hfwz+zV4eugwEN1F8A7fQ5U5/5+DpK7fqWr7s8AfGX9nfxDbxWnw1+JPwkvotixx6b4X8TaVHNGP4UNrG4dcf3Sor5Hj3xA/tjJq2BzDhCpTlOLUataEoum+kov2Sd47/Gk9npdH13hr4WYXIOIMPmeUceQqqE4ylRoVISjVjfWE4+3knGS01g2t42kkz2e5ubezt57u7nhtbW2iae5ubmVYLe3jUbmeR2OFUAEkngV8ZeKf2rP2IPiHb3/AIF8c+P/AIX+MtFvC1hqOj+L9B/t3wrfK3yOkhubZrV0PIySVI74r6v8X+FdD8feEPE/gnxJbfb/AA34y8O3nhjXLRZDH9sstQt5LW4jVxyN0czgMOmciv5QvjX+wh+0/wDsjzX1q/gjxD8ePghozMnhr4pfDPTm8Q+LtF0tGZbeHxL4diH2xZreNVEt3YxzwMuHPlncq/mHhjw3wdxLjq2D4mzGeErrl9jyuMFJ6396Sa5lpaPut9G+n7J4w8U+I3CeVUMy4Dymnjqd5fWIzU5SjHTlcYwlFtfFzfF093v+lPxO/wCCUX7PvxL0q48d/sTfFGx+D2ryK13F4f0HVv8AhZPwF8QzFiwjn0szvJp+/wD1fmaZNEsYwfs8hXafmv4X/wDBOP8AbF1HxrD4b+JnhPwD4L0DT7yMaj8TNB+IUPiPQNUtxIokm0nTxEuo+ft3MsN5DAgK4M/Qn4M+Enxpv9H1IeI/hR8Qb/RdasXMF1L4e1aXS9Ws2VgHt721ysi4K4aG4Ttytfsn+z3/AMFPNWtnsvDnx/0sarasY7dPiB4cslt9Rt/4TJqGnoBHKO7PbBGABxC5Nf0RmOQ+MXBmVVI8J5lHMcNy6KpG+IprvT5pNVLdnKX92mfx/g+Nfo9+JWfU6XijkTynMVJc06cpQoVH/LWcIwlTu/5o2X2qqP2g060bT9PsLBrq4vWsrOK0a9uypursxxqnmybQF3vt3NgAZY4ApYtQsJ55bWC9tJrmBis1tFcpJPCR1DIDkEe9YvhHxj4X8e6BYeKPB2u6b4j0DU4vNs9T0u5W5t5PVWxyjr0aNwGU5BANfycXVx8R/gr8cPiB8GviL4h8V6b8XvAni7UNS0PxLrGs3Q8QfEPw/cXk02h+JLPUGfzLoS2zwxzSI7PHcQypJtYba/nPgDw+XHWZ4zKsVjPquKpR5lGVO8pPmtJcvNBx5dObdq+x/XPi34sVfC7hrA8T5Xlv9oYGpNRnKnV5VTpuN4VFJQqKalsndL+9qf12V+Qn7bf/AATWg+IWq638f/2Wf7H8A/HuRW1Hxh4LnH9n/Dj49LGv+p1KNfks9UIDeTqkS/M7bbgMrGWNn7Kv7eWpRX2m/D/456mL2xvHSz0T4hXO2O6092+VI9WYYDxH5VFz95Osm4EyJ+vcciSxpLE6SRSIJI5I23xyK3KsrDggjnIrHG4DjLwi4lhUjL2dVaxnHWnWh1XTmX80ZJSjo9PdZ0cO8TeHH0guCqsKdNV8NL3a1GokqtGb25ld8r6wqRbjK2j0kl/Hz4U8U/23Lrmhavour+DvHXg7VH0Hx58P/E9qdP8AFXg2/j+9b3duedrffimXMcqMGRiDXf2/f/dr9mf29/2CLX9ou0h+MXwcl0rwV+1F4K0xoNA8QXANtoHxP0+P943hnxIq/wCsglK4t7sgyWkjBlOzep/DfwV4qfxCutabq2i6l4S8a+ENXl8L+PvAuvR+Rr/g3VbZttxZ3Kdxn5o5l+SWNlZTg1/XHAniFl3HuV+2p+5jKdva0+396PeEuj6bPz/zq8avA3NfCbN/rGF5q2UVpP2VXrF/8+6naS6P7XqfoN+yV+1BqXwQ16Pw/wCIp7m++GWu3e7VbMbp5fDsz4X+0LVOuOF82JfvqMgblG7959O1Gx1ewstV0u7t7/TdRtY76wvrWQTW13DKoeOSNhwVZWBBHrX8qkPT8K/TT9hr9pVvDOpWvwb8bX7nw9rN1s8FaldSfJod5KxzYsx6Q3DN8n9yVsdJPl/KPGDw7hmFOpxTktO2IhrViv8Al5FfbS/nit/5o/3l737R9GPxurZLiKPh7xXWvgaj5cPUk/4M3tSk3/y7m/h/km/5ZPl/YOiiiv5XP9DwooooAKKKKACiiigAooooAK/kN/4Lrf8ABQJ/iL4zm/Y3+FOuM3gTwBqKXPxn1PTp/wBx4p8QW774dF3KcPb6Yyq8qnhrzggG1Ut+6/8AwVD/AG0rX9ir9l/xJ4v0a9tV+LPjov4G+EWnSSRm4XUriNvP1UwsG3RabCWuWypRpfs8TFfOBr/P2udQv9WvbzVdUvLrUdT1O6k1DUdQvp2ur2/nmkaSaaaRiWd3dmZmYksWJPNf0T4GcDxx+KlxhmUL0qT5aKfWovin6Q2j/eu94n4h4v8AFssHhVwzgJWqVFeq10h0j/29vL+75SLsPT8K+/P+CfX7E/jD9t/442HgLTGu9G+H/hsRa/8AFbxpDErr4c0vzNqwwbvla8u2VobeM55EkhUpDJXxb4B8E+KPiT4x8L+APBOj3ev+LvGWuW3hvw5o1inmXOo3l5MsMMa9gCzDLH5VXJJABNf6D37B37HvhP8AYr/Z/wDDfwt0ZbS/8XXqL4h+J/iyCPEvijXJo1+0MrEbvs9uMW9uhxtiiDEb3kLfrvipx7HgzJfZYKX+317xp/3V9qo1/d2j3l3Skfk/hzwS+Ls49pjI/wCxUbOp/ef2aaf977XaPZtH0r8M/hr4J+D3gLwt8Mvhz4fsvDHgrwbpMei6BotghENrDH1ZmOWkkkZmkklcl5JJHdmZmJrwH9sr9sv4T/sVfCi8+I/xIvReatfCSw8BeA7C4VPEPjrUVTctvbqc7IU3I09ywKQowJ3M0cb+v/HT40+BP2d/hN44+M3xK1L+y/B3gLRJNY1ORNrXl625Y7aztY2IElxczSQwQx5G6SZBkda/gB/ah/ae+MX7dvx+u/H3ieDVNT1TxBqi+HPhp8ONE87VrfwxYyzhLDR9Nt1GZJXLr5kiIHuJnZivKqv84eGvAOI47zSpmOayksDSlerNv3qkn73IpPq/inL7KfeSP33xA41o8GZZTwOWRTxlRctOKWkIr3eZx7LaMer8ky9+0t+1P8cP23Pi83jb4i3t5rGqaheDRvAfgHQIpptE8LQ3Eyx2+maRZAsxeRvLDP8ANNPJgsWO0D+h3/gmj/wRy03wPa+Hvjr+1voVrrHjVxHq/g34M6giXmjeEv44brX4+UuLz7rLZ8xQceZ5knyw+w/8Er/+CUmj/sz6Vo/x0+Pek6frv7QOqWa3mgeHruOO/wBM+DsUi52RHLJJqjKwEtyvEOTHEf8AWSSeg/8ABS7/AIKleGf2SdNvfhP8Jp9J8W/tE6rZhZ4Zf9O0P4WQXEe6O91JR8sl2ysrwWRPRlkmxHsSb9G4k40x/EWKp+HHhZT5aCXJKpT91cq0lyyXw0l9qpvN6R39/wDOch4QwHD+GqeIPibU5qzfNGnP3nzP4eaL+Ko/sw2hvLb3PpD9tv8A4KEfBn9irw2LfXpk8X/FXVrDz/CPwr0W7WPU7lTlY7rUpcMLKzBB/eupeTawijkKtt/l91jxL+25/wAFWfjAILSw1Pxj/Zs2+z0HSt2gfCP4WWsm7bJLI7GGAsqtmaZpLqfaVXzCFQey/sQf8E4fjT+3v4vuv2hf2ifEfizR/hbr+rtq+reMtZmafx38W5lkVZItLabPl2wVTGb5lMaBBHDHJtbyv6Y/EHib9ln/AIJ7fA63+0p4a+Efwz0Ffs2k6JpVt5ut+Kb7y1G23hGbm/vphGpklcu52l5JFVSw4KWM4c8Lascm4YorMeI5+7KpZyjTk/sQitb9HGPvPXnkvgLxGB4i8Uacs44prPLuG4e9GnzKMqsVrz1JPRR6qUvdX2Iv4z4I/ZU/4Is/A74URaX4o/aAu4/jj49h23T6A6yWPwq0abavyLYnbNqGxt433pEMg2k2iMM19MfH3/gor+yR+yXYv4HttWsfE3ijw9af2bp/wt+E9nbXKaH5A8qO0upYyllYLGVVTEzeairxC3AP4D/th/8ABWz42/tF3Gp+D/hdPqXwY+EcsjWosdF1BofHXiqHeQrapqURBiSRdubS1KoNzK8k45rC/Zc/4JWftOftFx6d4l1rS4/g18Ob/bcDxd8QbKZdc1WFl3eZpuhgrczBsqVkuGtoWVtySvjFepW4FxGLpx4p8a83cKe8aCkv/AVy3SfeFGLl15rngU+P6eGqS4S8C8mVSW0q7g7f4nzWb8p1pJdOVo9p+M//AAWa/aa+Ikt9p/wws/DfwW8Oz5jt5dKs08U+MfLPDeZqF0hhVj/egt42XPD5+avz7n8Y/Hb9ovW52udU+L3x316ym2T22nRa18Tr/Tmk/h+zwLMYd3ptUV/S38N/+CYP7C/7MPh+Dxt8Ym0z4g3mjQhtT8ZfHTXLW18EwzN97y9FJj00KW4iS5W5lXgCRm+Y9Dr/APwVE/YR+DtgnhTwDqtx4gsNHVre00D4SeAmsPD1pj+C3klW1syp/vQsyn1r0Mq47yXBN4Xwp4XnX5fd9tyNf+BS5Zzf/b84vU8PPPDrNseo4zxl4ujQUtfYqov/ACWLcIL/ALh0pLzPwA8JfsCftu+LbWO+0b9mH4iw2cp+WXxRf6D4DnXI/itNT1C3uh/36r0+H/gmN+3z5YZfgRpSZHCXPxb8NRS/kt0wz/wKv0U8S/8ABcLw2tzLF4I+AOuahZg4hvfFXja30W5f/etbe2uFX8Jmrif+H2vjaRt0XwC8LRx5+7J44u5HP/AhagfpX0Cz76QOL/eYfJ8NTj0UpRv874j9EfG1Mg+i1gf3WLzjE1pLdqNW3y5cOl+LPg/UP+CfP7eWgRSS3X7L3iPVYoF3u3hj4i+DdYkI6nbC+rRSMf8AZRWY9hXgHi3wZ8U/hglxcfFH4KfG34b2dorG61XxZ8KtatdBtgp+Z31KKCS0CD/np5uz/ar9mdI/4LV6o7J/bH7Ptg6H7x034iSRMP8AvuwavojwX/wV++AWuCGHxh4K+Ingu5dQZ5YrWz8T6VDng4ljlSZgOv8AqBWseLvHPLP3macP0q0F/wA+pLm/8lq1H/5KebV4J+i/nn7nLOJK2GqPrUUoxXzq0YR/8nPwx+C/7WHxT8FrBP8ACH43a5Bp9m4kTTdI8TLrvh+PP/PTT5GktsH0ePmv1I+EX/BWf4gaXJbWHxj8EaP4w08MqTa94SH/AAj3iGNf45GtXZrWZu4VPs49/T6g1/wB/wAEtP212DXmj/B+98aanPvtte0iJ/g78XFuGz/q76IWeoSsSSShaSNzyVbFfE/xq/4I+fFvwJHe+IP2W/ixF8UdFh/fQfCX43zRaf4m8vDMYtN8XW8axyPnhE1C2+79+5yNx8rE8YeF/FVf+zfEPJZYHGS+1VpuEv8AwbFQqLX+dKPc9XCeGvjFwdhf7Y8G+KI5jgY6qlCrGcX5KnKVSi21/K4y7H3H4h+E/wDwT3/4KOWsusSaLpCfFGG3EyeLfDUjfDP48eG2VAqyfbIdst1HGDtxL9qtT0Ktjj8wv2g/+CfH7Tf7MQvfE/go3/7UnwWsg09zc6Jpcdl8evBlsv8AHe6TEFt9YjjTbum08R3B2uxtcDNfGEHiDxd8MfiDD4M8deH/ABr8DvjFokv2y18MeK4ZPDmvlo2Zftej30beTew5STbc2MsikKTkV+0H7L3/AAUm1GybTvBf7QjvqVgdtpY/Em0t92o2f3VX+1rdB+9X1uIh5g43I+Wcdc+FeN+AqMc88MswePyu3M8NUl7T3f8Ap246S8uTllt7szx5eIfh34l4l8GfSAyWOWZx8McXGLpLm6c7l71PXrJ1KT1blBH52/sx/tU+J/hreQeNvhF4rh1PQb+bytc8P3DyTaHq3l/ft76zO14biPpuwk0Z46Eqf2W1rw7+yx/wU++F8Gh+NdJuNF+IXhVDf6XqOk3y6N8VvhVetsB1DQ9UVdzQOyxhsq0Mo2rNDnCjzf8Aa+/4Jy+Cv2gFuP2h/wBljWvDnw9+Omp2Y1ie805lf4U/HaHa0iwa/bwfItzKWxHq8A85Nx8wTLjZ+QHww+JnjvwD4/vrK4sPEPwg+OXwu1ZbPxf4J1Zlh13w3cbQQ3GYrywuUO6K4j329xDICMg4ptcK+MmE/tjIZvAcSYfW9+WalHS07WdSn9nntzR2at7j45Q8QPoxY5YDM1/a/A+KdnF2lGMZ63je8ac2nfl/hVf7snGceg+LHwv+Lv7JPxE0/wCFXx+8jV9D8SXz2Pwg+O+l2f2Hwn8TVUMyWGoRgldP1lUGXtGPlzYZoGccV+m37HH7YVx4Mm0v4V/FHUnm8GzFLHwv4lvH3y+FGY7Y7W6kJybMkgKx/wBR/wBc/wDV/SngHx58F/8AgoJ8FvEvwb+M3hnSNQ1S+0hYPF/hG4Plu5UBYdc0SY/vIZIpNskcsZ822l2/MQVZ/wARviR8KPiH+yJ8W4PgJ8WNRu/EnhzXkmu/gF8YryIRR/EnTbfaZNL1Jh8ia1YI0azJx9oj2zKPmauPBZrR45w1fw78RaHss2pbPRc9lpVpPbmtq0vdlG7Xu80Y655wzU8OK+G8dvAfE+1yWtrVoq7jCLfvU6kN/Z392UXaVGSTVmos/q+R1kRZI2V0dQ6Oh3I6nkEEdQfWvyG/4KTfsW6x41B/av8A2f8AQ2ufjv4F0dbTx74K0/8Adx/HfwzbfNJYPHkKdVsU3y2Nx99wpt23q0QTqP2G/wBp+SY6d8FPH2obmCfZ/h/rd5MS7bfu6TMx64GfIYnovl/88xX6p1/PeIocQ+FnF0ZU5Wq03eMvs1ab7r+WS0lHeMut0mf19kWdcHeO/h5Kc6anhq8eStSlZzo1UtY3/mi3zQkrc0WpdbH8kngvxZofjjw3pPirw5di90fWLT7Tay7fLlj52yQzJ1SWNlZHRuVZGB5FdzAzJKrozI6sGV1O1lIPBB7EV7R+3x+zov7KvxtT43eC7AWn7Pn7Q/ilbLx9ptsm3TvhZ47vGPk6jGgOIrHXSuyTC7Ir1QxZROq14rF98V/YWR8Q4HinJaOdYD4Km8esZL4oy84v71aWzR/mR4h+H+ZeGnFlfhzHXcE+alPpUpt+7L16S7NH7x/sefHv/hb/AIDXQ/EF2snjzwZBHZasZHAuNbtfuW+oY7sdvlykf8tFDHHmKK+wa/nB+CvxP1X4Q/EPw9410xpXhsrn7PrVgj7F1awlYLdW7dslfmUnO2SNG/hr+inQtb0zxLouleINFu477SdasItT068iOY7iGZFkjb24bkHkHIPNfyb4o8Ix4bzv63go2wmIvKPaMvtQ9PtR8nZfCf6F/R38TZ8ecI/2ZmtTmzLBKMJt/FUp/wDLup5vTlm/5lzP40atFFFfmJ/QgUUUUAFFFFABRRX50/8ABVL9qOT9k79i74o+OtG1FdP8feLbZfhh8NJFn8i7j1fWkliN1B38yytI7+9XH8VmoOM16GVZbic4zPD5Vg1erVnGEfWTtr5Ld+Rx5hjqGW4GtmGJ0p04uT9Er/f2P5Lf+Cwn7YMv7V37XXiiz8P6m938KvgnJcfDL4fRRSh7HUJbaZl1rVo8Eq32y7jZUkB+a3s7Xocivy3g+6v+7WTASVySSTySeSa9t+Afwh8TfH34w/DT4MeD0VvEXxI8W2fhawmkVngsFuJVFxeTbQT5VtCJriQgEiOFziv9Dsqy/L+GMho4Cj7uHw9PVvtFXlKXm9ZS87n8T5rjMbn+bzxdT3q1ee3nJ2jFemkV5WP6Qf8AggH+xWtzJrn7aHj/AEjdHayXXgr4I29/a/K0nzQ61r0O7rty2nwyL/Eb4dVXH9TFebfB74VeEfgf8LfAfwj8CWEem+E/h94YtfDGjW6LiSVLaNVe4mbq007+ZNI5yXkmdiSTVr4n/FT4dfBfwTrXxG+KvjLQfAfgjw9B5+reIvEV8thYW+75Y41z80ksjYSOGMNJIzBUVmIFfwjxjxHjONeKK2ZqMpc8uSlBK7UFpCKS+092lvKTP684VyLC8JcPUsvulyrmqS6Ob1nJvstl2ikfkh/wXS+Ffx5+Mn7MHwy8E/AzwV4y+IE978edNm8Y+GfBGlTavqM1muk60tpPdRRgkWkV29sXkfEaSNAzEBdwpf8ABLP/AIJOaJ+yXp+n/Gj44WmleJv2itTsg+maehj1LRPhBDNGVkt7OQZSbUHVik12uVQbo4WKmSSb9VPgJ+0F8Jv2m/h1ZfFb4K+KB4v8C6hql5o9rrP9l3mjM9xYzNBcRtb3MUcy7WGQWQBlZWGQQa8a/bt/bE8H/sUfATX/AIp68LbVPFd8T4e+GXg+ScRz+LNamjYwxsuQwtrcBri5kX7sULAfO8at6uC4i4teTw8NMtounKdWUZxScas5Sa/dzv8ADFW97b3VaT5U0edjMj4ZWaS4/wAwqKpGFOLjJtSpxjFX542+Jv7O+r91c1j5P/4Kn/8ABSfS/wBjvwZ/wrT4aXdjqv7RXjvSJH0iPel1B8M9PlDRjW76EhlaZjuFpbPw7RtI4MceyX8gf+CXf/BOHxD+174qn/ai/aa/trVvhQ3iCbV7K18Q3M02sfG/VhOzXM9xcOfMawjmDiaXdm4kVolOFlI+Wf2Hf2aPih/wU+/az8R+Ofi3rGr6v4Stdbj8d/HfxvM0kT3kc0rfZdDsZANsUt0ITbwxIVW3tbeRkGIkRv6uv2uP2pvhB/wT2/Z6sNTTRtLt5rHS08F/Bf4U6Ns0yPWLi1t1jt7aONR+5srVBG08wU7E2qN0kkat+mZjfw+y6j4e8GL2ufYvl9vVj8UebaEX9nTZ6csL1HaUk1+aYKMePMfV484wfs8jwnN7GlL4Zcu85L7Wu615pWpq6i06/wC2d+218HP2EvhjZPqFtp2o+NL7TTp/wv8AhFoUkenXGoCGPy4pJI0XFnp0BVVebbjgJGrv8tfyYat4g/au/wCCl/7QUKmLVfiF451h2XS9FsQ1l4K+HWl+cu7aCTFY2MO9d80hLyNgs0srjdk+AvB37Sv/AAU5/agvDPqNx4m8deLrn+1fFXinUlkXwr8O9HicR7yi5W3s7ZWWKC2j5kdlVdzuzH+uL4XfCr9l3/gmL+zxqF9danp3hjQNMhhuvHnxH1uFZPFvxA1IrtjXagaWV3YsttYQbljDNtXJkkb0YQybwawVPCYOmsZxNiV0Tlyc2ySXvct9EladV78sbcvgVv7Z8ZcdUxWNqvB8MYZ3d2o8/Lq22/d5rbt3hSW3NK9/E/2Jv+CUvwa/Zkg0nxt8Q4NN+L3xqiWO8Guavp6zeEvBdxtyyaJYyAgyRsSBfTgzHaGRbfJSv1I13WLbw9oes6/erI1noelXGr3awrvmaO1heaQKvc7Y2wK/n10f/gtL4/8AjD+0Z8MPhd8E/g7oum+BPGXxJ0jwfNf+NJbjWPGuqWd7qNvb3V0kNrKlvZssEkjhCbkJ5e4uw+Uf0PEAgggEEYIIyDX45x9l/GmFzGjmHHMm8RXjzRi5RbjFP4eWN4012ivzufsPh9mXBOMy2tl3AcUsNh5KEpKEoqUmr83NK0qj7yflrax/DD8bv2q/jH+3j8T/APhILmPxF4mkvLhk8DfCPwTZ3viiLwjbNny7W3062R5JLgKVE1wY/MkfJO1QqL718I/+CY37a/xTxdQfCI/DnRmAaLW/i9rkPguOfplV01Fn1RSA2cy2aKcEBs1/VL8Xvjz+z7+zHoja/wDE3xb4S8AxXu5rXTYII28R66wyx+y6dbq1zPg9WVCq5G5lzX47fGH/AILfxtLcaZ8AvhIZY1cpF4s+J97sEnXmPR7R84PUM91nsYxX7nw/x74gZ/l1LLfDvIKeHwsFyxnNt04pfyyl7OLffScr6tXZ/PXFPh74W8OZrWzbxN4gqYnGVG5Spx0qSv8AzRh7SaXSPvU420T0MLwP/wAENPF09nDN8Sf2kdG0m8lXNzpXw8+HEmppaN/0z1S+vVEn1ayT6V7XZf8ABDX4JpCq6n+0P+0VdTgfNJp0vhHSoCfaM6JIQPYsa/LHxh/wU9/bM8XTXNxdfGNvCNhK5KWHhHQdN8O2lop/hjuPJa5wPV5mb3rwe/8A22fjnezNJq37VnxLE7HJjf40ajZop9FiW7VV+gAr6BcHeNuPftcw4ip0W/s046Ly0pw/U+Q/4iD4BZb+5yfhGpiIr7VRRbfn71Sq/wAvQ/bTV/8Aghv8PPL/AOKU/ag+OOkzAfIfEeieFfFEH/Akj061JH0YV82fED/gjl+1T4RD3Pww+Kvwd+MVnFEzjTvFWj6l8H/EcuORGkscmpWjscY3t5K5I+VRzXwj4U/bW/aGsZYptC/ac+JV6wOFhl+KF54gtTz/AM8Zp5Iz+K19c/D3/gqD+1p4RnjGseLNC+IWnqq7rHxh4Ztd5HGdt1aC3m3H1dmHtW0OF/HTKX7bLs8o4lL7FSPxfN03/wClxPLxPH/0b85f1XP+Fq2Ev9ukoq3m+SpCX/kkj4p+I/gf4u/AG8+y/tCfBz4g/BuL7UtpF4m8QaYutfDq8mOcRweJbF59OJIUlVkljYgH5eCB9P8AwL/bO+PHwfXT5fBXxEu9e8KArPH4Y8R3beKfCd3F/dhV3LQqw/itZIyeDmv1W+FP/BVP4LfEq0HhT46eBbjwR/akJsdRu3hXxv4Cv1YYZbiIxieNH/uNDMq/xSY5rzj48/8ABKj4K/FXw9P8XP2FfFPhf4TeLtRDaxb+HNEvjrH7PXxDZvmaCfToWddLkbO0XOmKgj6PbydoreItWhy8P+MmRqlTm+VVeVVKDff7XL6xlKS3fKY0fB/K80U+Kfo68USliqa5nQdSVOsl2+xOz2tUhyy2uz0nw/8AHn9kr/goX4Stvgx+0x8O9B0vxVeMq6Hba3PsRb5sKl14Z15fLubG8yE2orRyNu2BphuB/MX9qP8AYv8AjH+xFLceKRf698cP2YxNgfEYWH2z4lfCSI7Qq+K7eBMXdkoyP7Wt0XbtPnxR5Vm+Ubq58TeAvG+ofC74t+FdW+E/xb8Puv8AaHg3xKywSXqgjbfaPeg+TqFo/wB6O4tWYdNwU8V/SV/wTy+Ouu/HH4SeIfCXj4y+INW+Hs8Hh+51rU4vtieI9NvoZfs8d275WaaNYZopd2S0bQl8lyzcWfZfi/CnCx438PsT7XJZyj7bDSnz07TaUZ0patJtpbuSbTfNHSPTwtnWG8b8fU8IfG7L/ZZ9CM/q+LjTVOtzU4uUozSXLzKKck4/u5xi1yxlZy/Lf9kn9sjxR8DrmwS1vj40+EuuMt3eeH475bmCGOYhjfaTNkqkm35tgPly8hsHEi/o1+1h+yn8N/29vhv4d+NvwN8RaJ4d+PHhTTWl+GfxNSHbBqsa7pLjwp4qhT95JYzOzKyODLaSsJYv40l/Pr9uf9gy+/ZTu9a/aC/Zz0G91L9na5uH1X4t/BbRLWS+u/hA0jM1x4k8MwjLHSwSZLzT14tRuliHlb0hrfsaftSS/BjxZpmqR6o2s/CjxqIT4htbKX7XaGGVV8jVbTGf3kQYMdn+sj3KedhXTN8qyrxAy2Pid4Z1PY51R96cFZOpJL3qdSO3tLfDL4ai92V01KPm5DnnEPgbn3/EGvGOP1zhPGXhRrT96NKMnZSi3tTWntKe9P46f2oy+cPhH8UfG/g/xhcTPYav8MPjV8J/EH9i+OfBuonZq3hXUoR+8hkX7txZ3KZeKYbobmCUEFgTX7ra1oXwl/4KVfsxav4K8WRLoniWDyblb/TCreJvhR4mtVaTTdd0mZvnTbIGeNgR5sLTQucGRa8G/wCCkX7I03xR8P6d+19+z3psGqfGX4feGlufEWiaGodPj54OVftU2mnYp87ULaMtcadNyzNugO5ZE2fBn7Kf7Rz+AfEXhL4reDbyTVPCev2cSa7pkbiP+2NPlZfPt5FP3LiBgxAPzRywlTxuB87Gzw3i1wxT4jyf9xn2CfTSUZx15O/JPem38Mrp/bT9DC08b9Gnj+WRZlJ4ng3Nf5vejFS05v8AHTVlO38Sl3lGLXkHhmbx/wCA/Gniz4OfFaJND+N/wa1ePTfEr6eWtrPxDAf3uk+JtJbhjaahEsc8bAAxyeZGQrJiv6Lv2Ufjunxq+HsQ1e4i/wCE58LLHpniiAEK998v+j6gqj+GdVbdjhZEkHTbXxN/wUh+AsXxg+FvhL9sr4E2MevfE34P+Hm127t9Hj3XnxY8BzL9q1rQmUEF7i2UNf2asGdJ7WWJV3TEV8gfsufHiDwF4v8ABnxO8PX7aj4O8Q2MP9rLbFvL1bSb0RuzbOu+P5JlU8h4QDjmvFzWNHxU4J+tez5c0w11KNrONSPxRtuo1EvdXSWn2WerglU+jv4sU62Fqc3DOZ2d07xUJP3ZJrRyouV018VKUrbo/fD4y/CTwT8ePhb45+D/AMRdMXVvBnxA8PXHh3W7XCi4hWZf3dzbswIjuLeRY54ZcZjlhjYcrX8unhvR/GPw48V+P/gF8TZXn+JHwO8QDwlq2pyJ5Y8Y6VInneH/ABFF8zZTUbLypW5ysyzqQpXFf1nWV7aalZ2moWFxFd2N9bR3lndW7iWC5ikUPHIjDgqysCCPWvxa/wCCsnwgPhi++GP7ZXh60VF8E3EHwj+Opgi2m88KazeKuk6pcMOT/ZGq3EZzgkQatcElVWvgfB7imeTZ88gxcrYfEvlV/s1l8P8A4F8D83G/wn7Z9Izw9pcbcDyznAR5sdgk6kGt5U96kfP3feXmvM+HYv4a/Xf9gD4svrHhzV/hNq1wXvfDCtrnhppZNzy2E0mLiBQecQTSKw9rrAwFr8h4SCEIIIIyCOQa9h+C/wAQbr4XfErwl41t2byNL1JE1WEZ/wBKsZv3N5Hx3MTyFfRlU9q/cePchjxFw9WwCjeqlzU/8cdv/AtY+kj+H/B3jWpwHxzgs6lK2Hk/Z1l3pVLKV/8AA7VF5xR/RhRUNvcQXdvBd2ssdxbXUK3FvPE3mRTRuoZGVhwQQQQR61NX8WNNOzP9Z1JSXNHVMKKKKQwooooAK/jZ/wCDjD9oabxf+0F8Mf2ctKu430T4P+D/APhMPEsEMu5m1zxCA8Ucyg4Bg0+3s5EzzjVJOxFf2QXNzBZ2893dSpBbWsLXFxPK22OGONSzsx7AAEk1/mX/ALWnxnn/AGhv2nPjj8aZZrme3+IPxJ1TWdGN4SbiHTFna30mFs9PKsobSLaOFEYA4FfuXgLkix/FNXOKsbxw0NP8dS8Y/wDkvOflPi3mrwmQU8tpu0q8tf8ADC0n/wCTcp4db/cH0r+mD/g3X/Zuh8TfEr4pftQa9YJNZfDXTF+HPgOae38xV1jVoTNqlxC5+7Jb2Pkw8clNYboPvfzP2/3B9K/0NP8AglN8CI/2ff2E/gV4ZntIrXxD4x8Nr8VvFpWLy55b7xGq6giTdzJBaSWNqc/8+YA4Ar9k8bM/eT8FSwVGVquKkqf/AG58VT70uV/4j8s8LMmWacVRxdWN6eHj7T/t74Yfi+Zf4T9EWZUVndlREXczMdqqB1JPoK/gk/4K3ft+a9+2L+0Jr3hLwrr0zfs+/CLW7jw78PNJsrg/2V4nvLcvb33iSYDiV7lxItuzcR2oj2hWklL/ANXP/BWf9pCX9mT9hn4w+LNJ1E6b4z8b6cvwm8BzxOY7yPUNfWS2muLdgcrJa2S6hdo/8LWq9TgH+L//AIJr/ssSftgftcfDP4UX0FxJ4KtL1vHHxNuII9/keH9JaOa8iZuifa5GtrFXP3X1BDhsbT+Y+CuS5fl+Bx3iBnMf3eHUo02+nLHmqSX96zUY+skfoPilmeMxuKwvB+WP36zi52680uWEX5XvKX/brP7JP+CQPwj1L4Ff8E+PgzZ+LSum6p4tsdQ+LWrpdv5EOmW+uXMl7Y+YzY2Y08WLybvusz9hX8tX/BRr9rTxT+33+1q1j4CXUdc8A+Hdc/4Vb8CPDGn5uTrgmvFt21KGID5p9WuPLkU/eEK2sZ/1ea/pM/4LVftMJ+zh+xfqfgXwnfR6P40+O10PhP4bt7JVin03RfI8zX7iFRwiLZqtjuXlG1SIrgjI/Fv/AIIIfssw/Ff9oXX/ANoHxPYR3XhP4A2Mf/CPxXUPmwX3ibVI5o7N1BG1vsVst1cf3kmktGHPI7eBKlHA4HOfGPO6a9pKVT2MX/NKWvL/AIpSjST6JTPK41p1sdi8q8LMom+RRp+1l/ditL/4YxdRrq3E/ow/ZL+A3w1/4JyfsdQ2HinUNM0r/hEfC9x8S/jj418vI1PVBaifUZAw+eSOBY1tLaMfMyQRgLvc5/kQ/ad/aC+LP/BRX9qdNX0rSdW1C48VeIIfAnwW+HNs32lvD+myXHl2NqAPl86Usbm6nPy+ZJIcrGihf2U/4L7/ALWs2laT4K/ZB8Haq0Vx4hhh+IvxdNldlHFjFMy6HpM6qeRNPFNeyRvggWdm2CJM1H/wQb/Y1httJ1f9sbx3pSveag114O+C8F7AGFrBGzQazrUeejyOrWMLjBVY7zqJFxvwfUhwlwvjvFriT95mGKclRUuvM9Ldudpt22pR93R2PN4vpT4p4jwfhXw9+7wGGUXWceiile/fkTSV96sve2ufqv8AsjfszfCX/gnJ+zLqdx4j1XR7PVLDQm8b/HP4nXI2pqNxbwtJJHFIVEn2S1DPDawY3MWZtvmTNn+Wj9tf9sr4lft4fGu2k0+y1uPwLYat/wAI/wDB34YWEb3d2i3EywxXE1tFu87Ur0+Xv2btu5IkJVct+j//AAXJ/bLm1fxDpv7HngPVcaR4eNr4s+Mt1Y3P/H9qEifaNK0OXH8FvG0V9KhyGkntOhhNezf8EXv2DrTw34csP2u/ipopfxT4ihlj+DOjalBgaDpkimKTXmjb/lveDzEtyR8tvmRSfPUrXC8qPCGQV/FvjL99mWKb9hGXxe98Nv5eda3XwUUlH4uV+fxZGvxhn+H8IuDf3OW4VL6xKPwrlavf+bkb2b9+s/e+HmPoP/gmZ/wTQsf2ZLCx+NfxmtrLU/jtqums2k6QWW6034U2txDtlhjk+7JqEkbtHPOuVjVnijZgZJJPNf27/wDgrxpXw7vNa+En7LtzpfiXxraNJpviP4pyxx6p4Y8LzDdHJDpMZzHeXUbdZnDW8bLgLMd2zxL/AIKs/wDBSu7utQ8Q/stfs/6+1vp9m0mifGPx9pM224vZlbZceH9NuFOVjTBS7nTl23QKQqy+Z8hf8E8P+CbPin9q29tviN8QzqXhD4C6Ze+W+owr9m1z4hTQuolstLLD5IFKsk16QQpBSMM+4xaZVw7QxlGfip4wVL05WdKg9uXeEeTdp/YpdV79Ru8jz864lxOCrU/CPwXpWqRuq2IW/Nopy5+jX/Lyr0fuU0rRPmb4bfCX9pr9tf4j6pd+GdL8W/FfxjqFwtx4o8aeINQY6Vpe7Cq+patcN5MKquNkIbeVTEUTbdtft38Dv+CIHgvTrS11P9on4n634q1RpEmn8H/DCQ+F/DESgfvLebVZY2v7gMf+WlutiwHA5+avvf4v/tB/sr/8E6/hdo3hG30/S/D4ttOb/hCfhL4It45PEuvMqlftMwLZVZHT99qF42Xbcd0snyn+ev8AaK/4Kg/tKfHu41DT9N8Rv8IPh88jeT4X8B30mm380ODj+0NYBW5mOM7ljMMJ7xcA16+FzvxN8S/c4RgssyePuxqPSUorT3WlfTtTUYx+F1GfO47JfCXwn/e8ZyebZ5L3pUvijGT196Mnyr/FV5py+JU1c/dnU/gf/wAEtP2ZvLTxX4G/Zs8O6tpaARL8QIrP4g+N029GVdRa71B3HXI3NUEf7f3/AATr0WEaVpfiDwxFp6r5a2+j/CHUINNC9MCMaeq49sV/NB8Of2b/ANpH4wCDUfhx8DPir45s9VH2u28RW3huTS/DWoLINwkTWr9rexfdnO4TnNfRek/8E2f28b90hP7OepaSH4+0658S/Btvap/veRq00gH0Q/Q1hX8NfD6hNx4v4qnUxK+K+IpRd/8ADP2kv/Ji6Xiz4u4uEZcEcGwpYR/D/s9aSt096PsYW9I2P388D+FP+Ccv7atv4iufDnwh+BfxMutAaFPEEmqfCCz0jxJYC68zyZGmms4rnZIYZgHjYjdGckGvDfin/wAEX/2XfFC3F98Hdc+JH7PGumJmtYfBviaXxb4F8452tNoOqm4jEYOMw2clquB8pU/NXoH/AATt/YZ8T/ssadr3jX4ma9pt38TPGelx6ReeHPCmozaj4U8N2azC4ETXMkMTXVyzqhaQRrHHtZE8wEyN9v8Ax4+NPg79nf4ReOPjR4/e/Twl4D0pdT1YaZaNfX0vm3ENpbxxxjpvmuIULthEDFmZVViPxnMs5xnD/Fcsv8OM2xFXD80Y03zP35PlTjy2jGa59IvkSem+7/esmyePE/BVPG+LGT4aninGcq0OSMoxinJqV7zlF8lnJKcrO+q+Ffy4/H39hf8Aa0/ZZivfEHijwjafG/4V2A+0XPxO+C+nXNzrGhQDrLrXhVy95EqAb5JrJrqFF5YoAcc7+zd+1J49+Ed7aeM/g542jn0XUJFl1HRzN/afhPxCq/ejvLTON4DFd67Jo8nDKa/YT4a/8Fe/h94h15NN+JHw01nwPol1Jsg8R6LrK+LobMH7rXVqIIZdmOrQ+Y3TEZHI5r9q/wD4Jw/Db9ojSLr9pj9izWfC3hH4sa5atrt5pujzpF8Ivjn955IdUt4/ks9SdtyrqMIV1k3LcI+S0f8AQOE8QM/yiEOG/GrK0sLX91V+WMqUvKoo81O/VuLTjvype8fyfmPhTwXxZOpxd9HPOuTMsN7/ANXUp05q3WnzqNWF9lzJ05fDfWx9OfC/4lfstf8ABQ7wdaeHfix8LfAXifxf4aQahf8AgD4g6FZ+Ip9McqqyX2jXEyb2hY/KzxbZEyFkUAqzfafw3+Ffw1+DvhmHwb8KvAnhT4eeFYLhrtNB8H6Hb6DprTSbRJNJHEqh5WCqGkfLEKoJ4Ffx+fDfx/4x8E+NZ5re38Q/DD4wfCvxENO8T+GNUj+w+JvBWqQ/ehmT7skMq7ikg3Q3EMmRuViK/qL/AGRP2odH/aS8ArdXX2TTfiJ4bijtfG2gQHy4t7ZWO/tEJLG3n2k4OfLfchJwrN+ZeLPhliOGMFHO+Ga0quRzalyc0pRoyl8L3alTlf3Z7ptRk3dN/rPgT43f64ZnU4L49w8cPxNQTjzOKg8RGHxK1ly1YrWUF7so3nBJJxj9T3F1pcsx0i7uLCS4vIGB0u4mjea6iYFX/ck5ZSMg8Y61/MX+2V+ywP2J/i9Ya34J0+SD9lj43eJHh8O28Q3WPwT8W3bSTyaHwuItL1IrJJZDOIZllh+UNGW4X4yeIviFov7Wf7SHh7xnruur468FfGK81rw/qNzqM39oxeH9Wb+1/C89lNuysEVpcR20flHbGbFk+UqRX7H/AAc1/wAIft//ALLXxB+BPxrjTVNVk0b/AIRXxfPCixalLHJ+80jxBaMQVju4JoFkWRfu3FmHwodVr2cp4bzvwky/L/ETLcX9Zy7ERp/WqcY8vLCok4yXvSUuVu0Ze6+aytabt87n3G/C/jxxBnfgXxRl7wWZYeVX6nVlNT550b+8vdi6cpQXO4e/GVPm973fewv+Cdnx/fWdKuPgb4nvTJqOhWz6p4EnnbMlzYr811YbieTblvMjH/PN3HSMV+dX7ZfwDj/ZR/adOoeHLP7D8Cv2o9TvPEnhe3hj2aX4D8cRqbrW9Hjx8sUGqxbtRt0+VfOjvUQYAFeD/CjXfiZ8CfiXq3gzxZci2+NH7OPjv/hGNfvNjRQeJI7cLLpesIu7LWur2EkM+N3IuJkOCpA/e/8AaS+Gehft2fsaa1p/haS2tvEuv+HYPH/wp1ibm58H+LtHb7ZpjeYBujaO8haznZOWhmuF+ZWwfS4klR4D46wnHOUyvlOZWVbl+FOVpc/z0qx63VRbM+b8P6FfxR8M828EeMVbPsnuqEpfFywdqbV9WoS/dS6ezlS6niH/AAT0+NLSjVPgh4huVkhMM2u+CjcvuAG4tqGnqD1B3faEQf8ATwa/NH4pfCBP2Wv2nfiV8BLG3a0+HPiqKT44fApRGYrKx0fVbxk1vQbcY2AaVqbSeXGhO221G1yF4zyH7P3xa1aOD4efFbSoJ9H8R6TeR32o6VPmKbTNRsZ2t9U02YdcJPDdWzgjlQ2Rziv09/4Kf+E9P+IP7NPw1/a18HW813qvwA1qz+JbSW8Pm3F54P1yOHT/ABXayKOghtZ4b9jzsbR/TdXRm1KPB/iNRzKhpgsz/d1EvhVb7Mu3vSa1/vVGeTwbKv4m+C+ZcBZrG+b5I+ejzfF7KPN7nf3eWdN9o+yR9L/sK/FGTxl8MbjwXqdy02s/D24WytzK26SbTLjc1n7/ALplmhx2SOKvqX4pfDrw18Xvhv47+FnjKzF/4W+IXhO/8H69bHhnttQtpLaRkbqrqJN6MOVZVI5Ffin+yH8RU8C/GfwleNc/8STxb/xSupPHIDDLHfFPssmehC3C2r5/u7sV+9FfifiTk8sg4slisJ7sKv72DX2ZX963mpLm8uZH9IfR94t/1v8ADejgsfLnr4T/AGepfXmgor2bfk6bUPNwkfyWfDO28S+HdN1v4ZeOZfN+IHwX8Waj8IvGsjKVa9u9Dma2gvufvJe2n2O9Rxwy3gI9B6rF2/3a9j/bt8AJ8LP24ZfEdlbG18O/tO/C6PxW7M37iXxP4Ne20jVPKXoGm0zUNBdl/iNozDq9eORdv92v6cybN459kOEziP8Ay9ppy8pbTXympL5H8EeJfC3+pvH2ZZDBWpxqOVP/AK9z96P4O3yP3Z/Y68eP44+B3h2O6ffqXhCWTwffMWyXW1VGtW9f+Pea3Uk9WjavqWvyb/4J7eMTY+MfGXgeeUrD4g0OPXbFGb5TcWMnlyKo/vNFdM30t/av1kr+TOPMrWU8VYqhBWhKXtI+k/e/CV18j/RnwU4klxP4a5bja0r1qcPYz781H3E35ygoyf8AiCiiivjz9VCiiigD4t/4KLfF1vgZ+w/+0z8RreVoNUsPhTqWgaBMjbZLfUtcjGi6fMvr5VxqEMpA7RGv83GL+Gv7hv8Ag4b+IMnhL9gyx8J28m2b4ofGjQ/DN1GDhmtLG31HXJG/CbTLJf8AtpX8PMX8Nf194BZfHD8K18wa96tWf/gMIxS/8mcj+cfF3Guvn9PBp+7Spr/wKTbf4cp79+zd8MT8afjx8GfhJmdYviP8TNE8HXclsM3ENvf6hBb3Mie6RPI3/Aa/017CxtNLsbPTdPt4rSw060jsbG0gTy4LWGFFjjjRRwFVVUADsK/gy/4Ib+AYPHH/AAUQ+El5d263Np4A0DxB49kjki82ISW+k3NjaufQx3GoW8ins0a96/vYr4H6QeZSrcQYHKl8NKjz/wDb1STX5U4n1XgzgVSybFZi171Spy/KEU/zmz+TX/g5T+NNxN4g/Zx/Z6sLnbZ6fpmp/F7xNbK+ftE1zJ/ZGjlh28tLfWTz1+0D0r1H/g24+BSab4E+PX7R+owqbvxR4gtfhL4XZosSQWumRR6nqsiv3Wea905MDo2ntnORj8bf+C1nxLufiR/wUc+Ocb3hutO+Hy6R8NdGj3B0sY9N0u2kuoVx/wBP11qDkdmlYV/Xh/wSU+Ftv8Jf+Ce37NeiJai3vvE/gtviVq8hTZNdz+JLqfWI3k9Stvd2sSk/wQIO1enxTP8A1Y8E8uyilpUxXs3Lvad68r/Pli/LTY5cgh/bvihjMyqaxoc/L6xtRj+HNL11P5xv+C//AMaZ/Hv7ZmjfCm0vxNofwM+HNjpk1ijbo7bWNeA1m+kP+01nJoaY7eT6k1/Qj/wS++Eug/sk/wDBPP4f6x4vmstCl1zwjeftB/EzVp0+yx2K6laLqKtdMRnNppdvYwuT0Nq2OK/kS+JsEv7X3/BS/wAaaP8Aa7i/tPjP+1nL4Ptb23l8yX+ypvEA0m3eF+yx2MMew9FWNewr+rb/AILRfFpPgb+wD4q8KeGWh0W7+KusaT8E9DgtMQLaafPvu9SghQfwNpul3ltgfdW49hW3GeXVYZDwr4a4T3ZV+SVTyenNL05p1JP/AAnn8L46m854i4+xSvGipxp/i0v/AAGEI/8Abx/KJ4s8ReO/2/P20tR1W3Vx4p/aH+L8OlaDbTgmPw9Y3l1HY6bDJjJEWn2Edurt/dtWY85r+4b4geKPht+wZ+yFqms2VlDZeBvgH8MItK8NaOo8uXW7q3hjs9Lsyw6z395Jbo8jdZLp3ZvvNX8vX/BA34O2vj39rrXviVqenG8sPgr8O7rWNNuZI99tZavrEn9lWbN23m1k1ZkB7xlhyor7i/4OBv2hmtNK+D37MGiX0yS6xcSfFzx/BBMY0a1t2l0/QbaZR99JJzqlwUbhX0+3bBO0r18eYKPE/H2T+G+BXLg8PGMpxXSPLd/+A0oxUX3n5nkcFYyXDXA+b+IeN97GV5SUG+sr2X/gVWTcvKPkfkt+xj8EPF/7fn7ZFlY+Or6+1i38SeIrz4r/ABs8Rhdsjaet19q1AArgRm7nuIbOILgR/alKrtTFf0sf8FTP2vbX9kD9nzS/hx8MJ4PD/wAUPidp0nhDwDb6PH9jHgbRLSOO31DVLdYyohaCKSG1tduNs1wjqrLA4r52/wCCCHwStfC37P8A8QPjnqGnPHrvxT8Zv4c0bUJ0wH0XQV8v9wSM7Xvp9QWQjhjZoOqV+F//AAUG/aMuP2nv2svid49t7v7T4Q0LVW+Hnw6SK5+1Wq6Jos01vDcQt023s5vL/jp/aG3LBQT6dfBU/EHxX/smpH/hKymKXJ9mVTT3beclytbclJrS58/DHT8PfCmWdU5f8K2bS0n9qMHf3r+UW5J/z1E+h33/AATv/Y41b9sj44Q6Rq/263+F3gxovEnxT1+NnWaa3aQ+RpkM3a5v3jdA2dyRpPIMmMK39MH7bP7Yfw7/AGBvg5oPhLwLouhN8QNR0P8AsL4SfDmziW30fQrS1QQLqV5DGQUsrb5VVBta4kGxWA82SPP/AGJvhX4M/YN/YYt/F3j5V0XUf+EPm+Nfxi1NrUjU1uJrNbpdP2ffZ7W3W3so4R96ZXKrulOf5bfid8R/ir+25+0leeJZ7S61fxx8V/FsHh/wd4Xt5Glt9Dtpplt9L0q3ycJFbxsgeThS3nTNgs5rnhRXi7xzXxeYztw/lrsle0aklu2+0uVyk+lNRjo5XMa1d+DfAGHw2WwvxFmave3NKnF2sku8OZRivtVZSl7yjY6n4dfDz9oj9vD44ahHpsmqeP8A4heJ7r+1/Fni3XrlotH8PWpbabq+uMFLa2iG2OKGNeirHDGTtWv6Y/2X/wDgmJ+zr+zdpdr4m8b2Gl/Fv4jWUP27UPGXjnT4X8MaAybZGbS9KlLW9uI/L3C5n824HzkSxq3lr6t+z38FPg3/AME9/wBm6Vde1jRtGg0XS18SfFr4j36fZ5fEWo7AJGGcyNGrMLe0tUyxBQKrSSMW/n2/bI/4KGfFX9rrxNL8P/h9F4g8KfCCbUl03QvAuj75fEnjyQvshl1byMvM8rMpjsI90SHbxK4ElYYjNuKfFvMqmQ8IVPqXD+H9yVRLlUor05W7r4aScYqNnUtpbPD5Vwh4K5XS4k40p/XuJMT78KTfPKMnro5cyTUnaVZqUnK6pp63/Z748/8ABWX9nD4S3d54f8B/b/jV4msh5Tr4QuY7HwZayL/yzk1h1ZHwP4rSOdeg3A52/B+s/wDBaz4wXcrP4a+Dnw20m33ZSPXNS1TxBNt7ZeKW1Gf+A15J8Bv+CPf7Q3xJsbHX/if4g0L4F6Dex/aY9M1TTX8Y/ECVDjaJNNimht7XeDnM1y0sfR7cHIH3loP/AARE/Z+tbYDxN8Z/2gNfviPnk0zVvDvhjTV/65wJpEkg/wCBzP2rlVL6PvCf+xYtyx2Ij8UlzzV/LlcKNv8ADzebZpL/AImd43/4UMJOnlmGlrGm+SErdL80ala/fm5fKKPF/Bn/AAWj8brcW6+PPgp4V1K0ZwLmbwj4ivNCuI13YZo47hbgMQOdpZc9Nw61+lXwp/ax/Ze/bO8L698M5bi1km8YaFdaB4l+E/xDtI7HUdcsbq3eO6hjXe0F2jRtIGFvIzqBuKpwa/P74j/8EPPDRsbm7+CH7SfxL8O67FE0tlpXxX0bR/iB4VvZBysMz2drYXcMbHCmRJJGXJba+Np/HX4k/Db42fsu/FCx+HPxw8MTeAvGkjNqPgPxp4c1Ga88C/EBLVlY3Xh/VgqOJof3byWsojuYdykrgqx78Jwt4M+Il8NwfWlgswXvRV5p3XXknJqSX/TuUZLe542Y8WfSH8Jo/wBp8Z06eZ5TtUtytxj19+EIyi/OpCcfI+m/2xv2CviH+w3Nc+OPCc+sfE/9lB70L/b8ytfePPgWs0m2G21xVGbzSk3LHHqSDfFws6j5Hfpf2Of2vfFH7OXiizuba8uPEfwq8STxzeKPC8Nz9otZo5AMalpvOxLlE2kMPlmVQj/wMn6c/sEftswfHvS5vgF8dWsNY8bS6TNZaRqusW8dxZfErT/KZbmyvoWXy3uki3bgRi4iDkruVy/5PftpfskyfsRfGbTbPwpDdP8As0/GfU7iX4WyzF5ovhdr2JLi68IyzEEfZpk8y404u27ZHND8xi3N9Zw5n2Kx+Lr+EfitSjPESj+7qfZrw+y1LT39OaE1aV00+WcXf4HjXhfARyyh9IHwJrSoqnLmr0Y/FRlpzqUNVbW1Wm7wlCXNG8Za/p3/AMFD/wBkzRv2k/hvo37Y37NENnq3xj8GeFv7bNtocSqnx58Lxr511oV5tG5r+2RZJLF2Bkjmja3K4k/d/lv+yv8AtC3nw28YeCfjF4JuprvSLiNDq+mb2thremzFVvbC4T+GRdrcOP3c0KEjK4r9Gf8Agln+0FPYazqn7PviS/eTTdajm8Q/D8XM2Vs7uJDLqFhED/DNGrXKqCAGt5jgmQ18Q/tp/AqH9mf9r7xVouhWIsPhb+0NY3fxo+HttDB9m03Q9ajnih8YaPbD7u3z7mz1NI0CiNdUdQuFzWfA7q8OZ/jvBnil+2wdSEpYWUvt0ZXvT+7m2+GUZ205Tk8U3R4/4Dy36RvA8fq+bYOcI4tU94VKco+958snGSv8VKcebW590/8ABUT4H2Xj74deC/28vgzbNreufDbwtG3xEstIgaSf4g/D27YXVxM0YG5rnRXka/jBXcIvtqH+ED5d/Yw+M1t8MfjN4K8UpqUbeD/Fqp4e125juALG40/UvL8m6LfdKRS/Z7jd/djbkZr9FP8Agmv8RbXx/wDCHxl8FvFKx6tF4SlkS20/UFW4tr3RdYEwmtWQ/eRJvtQYNxtukXpxX4kN8Or74GfEj4vfs8aiJwPgp8RLrw54Xa7l8+6vPDF9HHq3he4Z/wCP/iXX1vAW/v2cgPzK1HAVGVJ574L8QS56dFS9i38ToVNreceaE1/LKVvso4/GDFxzLKeE/pPcIU1TxUpU1iVH4VWpu1pf3eeFSk7/ABQ5b7n6Pf8ABV74SxeBvix8F/2otFtYbbS/HLr+z58XWt08s3M8vn33g7VJlA2s0c66hpzSt8wXULZclVAX3z/gm58WWWXxP8HNVuSY5I28XeE1ll4Rl2x6hbxqfUeTOFX+7Oxru/HmgT/tj/8ABNjxh4cihbUPG1/8LbhdDfzc3kfizwqwvNHuUk6pI9/pdlNn0mIOQTn8jP2Yfi+2ia38HfjJYllhePTfEV7DG2xmtryGMX9v7ExTXERB6HrXynDmX1+JvDnNuAMy1xmAqTpw7pxblT+XNGUP8Gh9p4i55hOC/FrhfxsyT3cvzWlTda20qc4xU+bvL2c4z/x00dh+0j8Ph8FP21fjv4Et4UtvDPxUSz/aQ8EQxJshiOuNJY+JrdR0BXVrGa7IX/oLKTzkn9Yf2M77R/i/+zf41+Dni4LqmmWkeo+CtW06c+Y0ui65ay/Ic/wsZtQjX0EYHQCvnH/grH4Xtba6/ZS+OthGM6f4/wBQ+DWuX8KcT6Z4w0tr6xEzD+BdS0DTljJ6PeED/WGtD/gnZ4l/s/4n+K/DEkgSLxH4P+2wqT/rbjT7iIqo9/Kubhv+2deRmNefE/g7Rx0v94wqjr1UqMuS/q6b5vVns4fDQ4B+lP7Ghpg80i7r7L9vHmt/4PpxPzG+DVvrfhjwzL8P9fuZH8W/BjxZq3wf1+8QtFNNd+F9Qn0uO6HOVM8NvbXA5488V/UV8MPFS+OPh34L8WiRZZNe8N2t/dsnRbhoVW5X6rKsikeqmvwB/aX8Kf8ACv8A9uT9ozRIIVttL+Imj+Ffjlp0CLsj87VNPufDupSKAP8Alpc+Fmkb1eRyeWr9cv2GfEY1r4Hw6Wz5m8K+Jb7RypOWEcpjvo2x2H+lsv8A2zNeV4nOOd8I5bxHFe8+ST8vawvJfKaSPW8FYvg/xl4i4IvajU55RXnTmpU//KdSX3Hzd/wVs8GvcfBf4T/GC1WNLj4I/HbQ9T1e6K/vYtF8StJ4T1MBuoRX1ixnk/h22hJ+6K/NmLt/u1+7H7cHw/m+KP7H/wC0n4Is4ftGqat8G9euNBi7tqVjYTahpmPcXdrbHNfgN4M1yHxN4U8MeJLZt1v4g8O2WtQN1yt1bxTr+kle94O494nhatgpPWjVdvKM1GS/8mUz5D6WWSxw3FWW57Tj/HoyhL/FTlp/5LNH1P8AsxeJT4U+OXw51Jm2wXOurod1k7VMeoRyWRLf7pnV/wDgAr9+K/mj0LUbjR9U0zVrU4utLvodRtj0xJDIsifqor+lKxu4dQsrO/t23wXtrHdwOOjJIqup/EMK+J8ZMIoZjg8cvtQlH/wFpr/0s+/+ibmsquRZrksn/CqU6qX/AF9jKL/9NItUUUV+Mn9bBRRRQB/Lx/wcz+JzbeAP2TvBoY41nxj4p8TSIDwP7NstHtUYj/uKSY/Gv5Jov4a/p3/4OadTeXx/+yRoxP7ux8IeLNTVf9q6vNEiP6Wa1/MRF/DX9y+DtFUfD3L+8vaS++tP9LH8q+JNR1OMMZ5ezX/lOB/Rz/wbe+EDqX7T3xs8bvFvh8KfA3+wo3I4hn1jXNNkjb6mPSrlfoxr+yZmCqWPAUbia/lE/wCDaC2X+2f2ub3b840nwZahsc487xI1f1U61MbfR9WnXgwaZcTA4zjbEzf0r+cPGetKv4h4qm/sRoxX/guMvzkz9n8LqUaXBeHmvtSqSf8A4HKP5RP8yP8AaM8W33xY/ae+OvjVy8t78Qfjh4k16JXbzCp1LXLyaKMf7KiVUUDoFAFf6Run2en/AAc/Z/sdP0yMQaX8LPg7HZ6fER5Yht9D0VUhX2wlqor/ADR/BONa+NXhfz/mGq/FGyE2T97z9Wj3f+hV/pGftfaqfDv7JH7TmtxsYzon7PHjLU42XjZ9n8OajKv/AKBX6J430v3nD+T09KfvK3/gmK+5XPj/AAsqNU84zGXxWi//AE5Jn8Wv/BFXwnH46/4KL/BW8v4lvIvDUPiDx1cLOu8NNb6FqC28h/2kuLmCQH+9GK/bn/g4R8CfFPxx8NP2ZIfAXg/xb4y0S0+Jur2+vaf4R0C88SXUOoXenW8WjtJb28byfOq6lGjbfvSberAH8vf+DefSor/9uXxJeSIGbQ/2fNe1G3YjJjeTVvDlnu/74upB/wACr+2GuDxR4mq8OeKmDzelTVT6rRjaLdk+b2nXW3x3+RXh/wAP0s98OsVldWo4LEVZXktWuX2f/wAj+J+L3/BFT9jn4lfstfA3x34l+MHh3/hEvHfxm8Q2Orp4XvAy+ItB0nTLeeKxh1OMgCGd5by+l8jLMiSpv2uWjT+cT/gpd8Vrn42/t3ftB65b3U+oWHh/x6/wq8NwbjJHb2/hkLobx24/uS3drfXAxwWu2P8AFX97TsVR2HVVLCv84nw1eSeIfj7p+oakxnl1343fbdReQ5aZrrxCZJmb1JMjE16vg5mOI4l4vzrjLMYr6x7OKstkpdFe70jSjE+d8X8vocPcIZRwnl7fsfaPV7vl6vbeVRyP7TvE9jcfsP8A/BLLXtO0+SCw8SfCb9mi4tI7mxO2FPEuoWLI08bDBIbVdRaTfwTuz1r+Tj9hX4SQ/Gf9q/4BfDOa0ivNJ1Px5Z32t2dwu+3n0vSQ2q6jHIDwQ1rYzrg/e3Ad6/q8/wCCw1y9n/wTo/aDSJihuYvDNhleDtk8XaCrD8V3D8a/Af8A4ImaLHqv7c3h69dAx8O/DjxFrUZIzsZreKx3e3F8w/Gjw0x9bDeHfEvFcn/tU5Vm5f3lS5ov/wADqNnH4oZfRxPiBwvwql/ssFSjy/3faqMl/wCAU0j9X/8Agul8b5/B/wADfhx8DdJvpra/+M3i6TWfEUNu20XGh+Gvst08MjDkCTUbzR3A/jFpKDxkH4x/4Id/Ay18Z/Gnx18bdasYrmw+EWgQ6T4aa4QsE1nW1mj+0Rdi0Fnb3inP3ft0ZAzgjzn/AILj+NZ9f/bM8M+D1m36f8P/AIGaQiwf8+97q2q61eXTf8Dgh0v/AL9iv1X/AOCIngxfD/7IereKHiC3Pj34q6pqSTY5ltrG3sdNiX/gMtteH/gZpVG+E/o/xeG92tjX7z7+1lr99GHL6HM4f63fSL5MT71HARvFdvZwTX3VqnN6n5qf8Fcf2utY+Lfxs1T4AeGdQmg+GPwW1X+z9XggbbD4q8TLCv264mIOWjsPNayjQ42zR3jfMGjK/Wf/AARl/ZR0z+xtU/ao8aaVFd6jdX9x4Y+E8V7BvTTorfMOqavEGG0ySSF7ONxygt7nH3+PzvP7Bf7R/wAbf24vj/8ADk+C/FGh6K3x+8UeJtc+K/iDQLu08EW+iavrl1rFpf2+oOghuppbXUIfLtIHaRpMghEV5E/oH/a48d2P7Cv7C+pWvwpgOm3vhrQtJ+Enw1d3H2ixvNTmi09dSdgMPPBHJd6g3H7ySA5wGNb8UZvl+XcFZP4acFVovFYxUo1HCXSpyuXO1s6s3r/07Uk1ytHDwxw/mWZeIudeKXHdGUcHgHVdLnju6d1H2cXvGlTjdNae0cWnzKR5r+2n/wAFOvBn7O2q6j8M/hjpun/EX4s2a+VrEk90T4P8ESHB8m+aM757kDraxMmzP7yRT8h/E7xf/wAFMP2wPFWpXN5N8Z9X0P5vOj0HwLoNrp8FhG3RVht7drhlH96ZpG9WNc7+wR+z/pv7Uv7Smi+DvHFxqN/4VtLK+8dePHW+lXVNat7UpmFrrPmg3N1dWySShvM2ySEMHww/qB8V/FP9lH9jTRfCngvXNS8D/B3R9YLReHfDejaGwknVf9bdSWtpDJL5e7iS7mXa0jfNIWbnTMKPB3hbiMNwtlmSf2pnE4Kc5TjzPW/wx5ajXwyfJGKtGzlKTPIyyrxx4y4bF8ZZ1xBLJ8hpVHThGnP2e1vjnz007c0U5zlLmndRjFH86nwb/wCCr/7S/h3V/Lm+Juj/ABTs7R9uq+FfGmm2st/CN3O6WJIb6F8cAuxX1Q1+ytxqX7P/APwVl/Zm8V+AdVsn8M+LdNEd/Ba3Esd14u+EfiCOOT+yte0u4UKZIlk3gSqEE0fnQyKu5lrR/bs/ZZ+Cf7Y/7NPi/wCIvg/SfC2tfFHw54A1Dxx8DPi94SMKa2NQ0+1nvLOzGpQ8z2V3JC1rNbTF4wLh2CLIqsv4v/8ABLf4oXWj/tN/CHULC9ltdH+JmkTeHdWtt22K8iv9Pa5tYpF9VuobUj0ZfrUPD8M8f8MY7inhzA/2bnWW/vGqdo6wTnZqMYp83LJJuKkpKzvG6dyxfF3hNxjlPDHEGayzbh3NpKivbe/KPtHGCcZSlJ2XPGVlJwlC+ilZr5S8H3nxE+GHjTU9D8QtN4X+MPwV8ezeFvEkunsY/sOs6POpS+tWIGYbhRb3cLFcNHcJxiv6ZfE2g+Fv+ClX7CWr6FdGx0zxR4r8PMthqG1lb4f+ONGKzWN9CykyRrFeRwTDadz2tyVIIkZT+V//AAVt+FcHw9/a58CfFfTokh0v9oj4cSaLrqRxbS3iHwc0McdxI3Qm40vULaIdx/ZA7EY94/4JJ/FebSfHXjr4O307f2d4t0geL9DjeT5IdQ08rDdKi/3praVWYjtYL+H0HGrfHHhfl/iPlvu5jg+WrzR3XLJRrR9Iyj7RX6Rf8zPjOAXHwq8eMy8K8d72T5lenGEvh9+LlQdvNOVF9+ZX+FH5YfAX4keJfB+veCPHz2sukeNvAPilU8Q6VKNj2GraLfNaarYyAfw+dbXMRHdG96/b/wD4Kz+GdL8f/slfDz9oTQpEn/4U78QfDvxPtb6GPzXuvD3iDZoWrIrdk+zazDdseh/s9RX5c/tnfDn/AIVL+3F+0N4dtbOKw0H4iS6P8e/DsEQ2xyf8JHbzWetSKOxfVtF1SVh/euC38Vfs58B/Dth+09/wTm1X4R6tMJm8S/DHxH8HbyRvnk0yby7y006Vc8B4I5dPmQ/wlU9KXiNmlOvlnCvirhdJQqU+e38lSPNKL/wuM4/9vMz8Hcj/ALL40478CMZrh69KpKmn/dtCLXnKnWpt/wDXtdj8/P8AgnV4zfwt+0loGmtcCKy8b6Hf+FrlHbEcreV9ut/bd5tnGqn/AKaED71Xv+Cn3glfBn7Y3w2+IFuoi0/45fBW68N6iipgSax4L1JZoZWbu0th4iZPZdNHrXwl+zF48v7G9+DHj69JtNW0TWtI1LWAPlMF1p93Gl8pHYCSCZSp9wa/Zb/gr54Yt7n4VfAH4kxxKbzwB+0Lp+mzXWMsun+J9I1jQ5o/YNd3GkOc/wDPuK9fjO2R+M3D+f0nanjaUqEv7zV0v/TlP/wE+P8ACuhV4i+jnxtwDjY3r5dVdaK/ldublXb38PUf/bzOk/4JieLHu/CvxN8CXEu+LStYs/EtnbyNnC38D2txtB/hzYw5A4Bk/wBqvxy0jwx/wr3xd8ZPhb5TQx/C747+MPBlhC4xs09dcur7SCB2DaffWDgejCvvz/gnHr50r4+z6SZdkfibwPfaeIycLNJbyW96vHqFt5D9M188ftdeGPEHw6/ba/aCju/Bfj+40D4p6n4b+Ifg3WPD3w91rxVourvceH9N0fUIxdWVrNGksd3pMgdJGUhZEbo2a4cLKjkXjFm2GqTUKeLw9OsrvlXNFxi/m37SX3jr4bH8cfRYyWeCozr4rLsZOjaEZTlytza92KbtGFSmvRI++P2qLS/+J/8AwSh13xGM3OufDz4eaN8ULe5b55kk8B6tZ6pPPu6l/I0e4JPfcQepr5e/ZN8UR+Hfjz8MNUL4tdT1ddEkYMArLqcL2cZJ6YD3Ebf8Br9aPCnwcvl/ZAufgp4ls1Go+Ivg/rHhTXNMdhOsUutWN6s9sxUkEobxo22kjKnBI5r+eX9nDxVcDwJ8GPF0kjPe2Ph/Q9UuJCfmee1jtzI34vC1fG8CTw2b5ZxJkeFadF1qvJbblrKUY28rU9D9A8aKeP4dqcA8X4+LjjKNGgqvMveVSj7GpJS81JyTTPvT/go9pqab+2B8GNbRNjeMP2c/EGiXcg/5bNoHiTR7m1U/7o8Q3x/7aGvqD/gnfq2YPidoTP8Ack0zVoYyeu77ZDIw+m2EH6ivDP8AgqLaMPi9+xx4khANpeaf4/8ADMs46M1xY+H9St0/4ENOnb/tnXT/ALAN88HxW8R2WT5d94HnLL2LQ3lmyn8AzD/gVeBKP17wcpqXxRhL/wAp15forH0uZ1f7I+lRh68Phrci9faYaVP8z9bNTsYtU03UNNuF3QajYzWM6kZDJNG0bD8mNfyZ/AOKe0+EngrSrrIufD2myeFZ0PBibSbqbTSn/Afsu3/gNf1tV/K54ZtU0/UvifpsSeXDpfx++JGlQRgYEcdt4+8RwxqPYLGorDwSrNSzLD91Sl9zqL/249L6W+GUuHsnxnWNecf/AAKF/wD207i36j6V/RT8JL06l8LPhxfk7jdeB9KmY5ySTYw5r+da36j6V/QR+z1cNc/A/wCFkjclfBdjb/8AfmIRD9Ero8ZIXwGDq9ptffH/AIB8l9E2s48QZph/5qEJf+A1Lf8Atx7HRRRX4Af3MFFFFAH8gP8AwcyW8i/Fr9li6IPlTfDvxBboexaPUrJm/SZa/mdi/hr+qf8A4ObtCct+x14mSI+Wv/CcaHcTAcBj/wAIvcQqx9x55H+61fysRfw1/dPhDVVXw9y1roqi+6tUR/KXiNFw4wxyfeD++nA/qp/4NoJ1/tL9rm2z839neDJwO+PM8SLX9T3iJS/h/XUHV9GulH4wyV/IX/wbaeLlsf2gf2g/ArOFPib4OWfihEJwZG0XWoLXj3A1xj+df2C3cIubW5tz0nt3hP8AwJSv9a/mvxlpSo+IuLqS2kqMl/4Kgvziz9r8MKiq8E4aEfsuov8AypJ/kz/LW8G3n9jfE3w3qEh2DSvHdneuTxt8jUI5D/6DX+jh+3xc7/2D/wBr25hY7Z/2XvGzIw4ysnhnUB+oav8AOH8dafLofxC8baUVaGbSPGOpaeVxteJre8njx7EFa/0LPjZ4uX4uf8Eqvir47gAZviF+wZrXixEXkLJqHgK4vNvHdXk2/wDAa/V/Gelz5jw7j18PtXF/OVGS/JnwPhnU5cBnWEfxezT+6NRP80fzb/8ABu/eR237b3jW3cgNqH7OWuW0QPVmXXvC02B/wGJj/wABNfod/wAFof8Ago78e/2dfjF8PfgL+z34xb4e3lt4It/iV428U2Ol2eqatfyaheajZWOmL9qiliSGOOxkuJB5e52uIPmARlb8jf8Aghf4oTw7/wAFD/hjYPJ5Y8YeEvE3hdRu2iVv7FudSVffnTs4/wBkV9Gf8HB3gu80P9s74e+MzEw0vx58A9Pt7e4P3ZLzR9a1iG7jH+5Deaa3/bavQzbJ8tx/jjQpZtSjUpzwvPGM0pRlKPPHWL0dkpP1R4mDzTMMF4Q4irllSVOpHEcspRbjJRfJLRrVbpeh/RV/wTE/aG8fftQ/sbfDr4p/FLU7TWvH11qGseHPEur2emw6SmpyabqdzbQzvbwqsSSPAtuXEaqpYkhVziv4g9YtpfAnx38UWF0phn8FfG7VLG5Q8GFtN8RXEbr+BhI/Cv6qv+Dfnxb/AGz+xr408MSyhp/Bnxz1SGKIHmK1v9L0a8j/ADma8r+av9uTw3/wiP7a37WWhKNiR/tC+KNZhTGPLj1bVJtYhUewS/UD6Vn4Y4ahlniPxNkdGChTb5oxSslHndkl0SjUVkcXiXia+Y+HXD+c1ZOdRWUpN3blyatvq3KB/W9/wWJl+0/8E4PjZcJnbLL4RuOP7reLdBb+tfht/wAEOL2K1/bZ8iQgPqPwf1+ygB/iZZ9NuD/47bt+tfsV/wAFDPEUnxF/4I7eJfG2d83if4Q/DvxjIfRrrWPCt5L+I8x8/wC7X4Lf8Ei/FcXhX9vb4J/aJkgtvEg1rwpK8hwpa80TUPs6fV547dB7sK8TgDB1H4QcSYC3vwniNPONGm//AG07fEPG04+LPDGP+xNUPulWkv8A249M/wCCzemXOm/8FAvGE9wGEevfCPwjrllno0KrqWnkj283T5h9Qa/e/wD4I/y20n7B3wtSCWKSSDXvEkV2sbh2gkOvahJtkA+62x42wedrKehFfkv/AMF8fByaZ+0P+z18QEi2N4z+EGreDbmYcCZvDusQ30I+qjxJNz/tCvrH/ggv4yub/wCFfx48BSzO9v4Z8c6X4otIWbKQ/wBsWM1tJtHbJ0VSafE8HnH0f8txtJ6Yd0ub/t2U6H5yTObh2osm+kZmOEqrXEwqKP8A29CnW/Km0fvfX4+f8FuILh/2QPC15DnyNM/aB8Mz32OhjuLfV7BM/wDba8g/HFfCH7Z//BSH9qr4OftwfFfwP4H8ZaZp/gH4U65o2jaZ4Ll8P293o/iCC40HSdYuP7SaQNM0kkuozx+ZbyQlY1jAwy7j9z/8FBvGen/tM/8ABJ/xJ8ZfDli0MV5pHhP4qLpyzfaW0eTS/E2lNq0JkwN32QR6gjNgZFu3A6V8HkXBmc8IZ3wzxRmHI8Liq1FxcW/d53GSjO6VpcrvpdaPXQ+9zvjbI+NMq4o4My9TjjMLRrxlGSS51GMouVNpu6UrRd+V6rTU/PL/AIIxarDYftXa/ZS48zXPg7q2nW+eu6PUdFvD/wCO2r11n/BaRph+1R8K0dmNvJ+z+rQKfuh08Rap5xHuRJDn/dFfM3/BL3xKPDf7a3wfMkvlW2vSat4buDu2h/tei6gIF/4FOtuMeuK+rv8AgttbGH9or9nm924XUPgv4is93942uuaTIB+Au2/76r9xzGg8L9IPL6z2rYWT+6NaP/tv4n82ZLXWN+i5nGGW9HE/hz0J/wDtzP0H/wCCRevv4i/ZMvvD99L9qh8MfEfV9ChtpDuENrdQWd/5eP7rSXlyf+BGvwl/Zs8PP8H/ANr7wb8PhK//ABan9rOT4dxytw8lrpvjSSxtXb2ktBbvj0kr9ev+CK2tef8ADf42+Hi2f7L8Z6ZrAXqV+3WU8P8A7j6/Nf4vaX/wiH/BTn4zafH8og/aj8N+KYgBtCnWNO8K6wx/77vG/WvO4cj9V8UuMMj2jWoyqNesYy/9zP7zr4ul9e8CuB+Id54bE0YJ+UZzp2/8pR+4/WT/AILN+DrbVP2YvBHxD8kDUPhL8d/DutR3YX94lnrbXXha9hZuyN/bcEhHd7WL0r8mv2P/ABfceB/2lfgxr1vM0Abx1Z6HdMDgPb6ozaZcK3sY7yQV+8//AAU88Nr4n/YJ/aYt2DFtA8Ar4+hKDLB/DOoWXiBcfjpmPoTX80PhnUp9J1nRdXtHKXOm6pb6layKdrLJDMsqMD2wVBzXR4CtZ34b5nkFd3jz1adn/LVpR/XmPI+lbzcO+KPD/FuHVpqNOd1vzYeupL7lJH6g/wDBX/QU0z9oz9mzxciBW8X/AAl8XeEbqUDBkOiar4f1C3VvXA1i6K/7z19g/wDBKPWvtXwg+IegmQM2j/EBb9Ys5Ma3un2yhvxa0k/75NeLf8FlbCJ7T9kjxCI8zQ/E7xF4cSbusWoeF7u+df8AgTaPCcf9MxWv/wAEkdRK3Hxz0lmyJbfw7qMS/wB3y21iOQ/j5kX/AHzXy7vmX0aXKWssPUX4YpL8I1D6vGNZP9NLB8mkcXhpX/8ACWp+cqKPyY1HSI/DXxI+OnhWBFig8M/tEePtLtYUG1LeBvFmrXVtGuOgWG5hAHoBX7hf8FDJJPG3/BNrWfF7gyXlhp/w8+JLS9Xj+yeJvDV9eSfhD9q5+pr8cvjJZ/2b+1F+1tYAbRH+0TrF4o9Pt1npt/8Ar9qzX7N/tARNrv8AwSW+JpA3Sr+yBd6hEcbiJLLQ/tEbfUNbqc+1fR+JNe+TcD52/ijUoO/+KNGT+/kPlvBTCr/iJPifwytKdWFfT0q14r7vas/PX9jjWG0P9pX4S3YOBc67Lo7DOAwv7G6sv53AP4Cv6Qa/mE/ZzvPL+N/wau0yA/xB0UjHXEl5Av8A7NX7Hft/fH3xj8Cfhl4DXwBdW+n+Kfif8UrXwBFq0sYmuNHs10vVtZ1C4tlPHnGLSfJVmBCfaC3VRXynjnkeIzvjvKcBgre2r01TTe2lSTu/JczbPa+iRxPhuG/CfiLM8yu8Pg60q8lH4rewhdRvZXfs0ld2ufdtfye+A9Lj8Of8Jx4NhTyovAfxk8ceB7aD/n3t9L8Xaza2SfQWyW2PbFft7+wn8dfH/wAWbXx9onxB1pvEN74bOn3+lanNaw214Yrr7XHNFJ5SqrBWt42Uld37xskjGPx68TabJon7QX7WeiyLs+x/tNeIr6JAMBY9Uj0/Vo+PcX4b/gVcnhhk+N4X4rzbhvHyi6kKdOT5W3F6ppq6T2qdj0vH3ibKfEPwkyTjjJoyjRniJKKqJKcdKlOUZKLkvip9JO6sz9Cf2/tH1/xT+zf+yJ8SdA8N+JfFt74M+Jug6trlp4U8O33ivW003WvB+uaLeTLZ2kUtw6Rz6hZTPsRsCHJr1L9gj4TeKNObV/ix4n8P+IfCdtqelv4f8N6N4r0O58NeILyNpoZpr2bT7hEuII8wrHGs8aO/ztt27Gf7H/Z0uze/Ar4UTk7iPBFjbMc55hhWE/8AouvaK/L8w4sxuByjFcH0aaVNVai5+vLzt8qWy169nY/d8p8O8jz/ADzJ/E7G1JyxUMLQ5YaKHN7O6nLTmbXPorpXSvcK/lq00hvE3xilX7s/7R/xOuF/3ZPiF4lZf0YV/UozBVZm4CjcSeMV/KV8NtUOv+G38Tnk+MfE2u+Nt39/+2tc1DVN34/a8/jX2ngnTk8RmNXoo0197n/kflf0tq8Y8M5ThvtSxEpf+A02v/bkel2/UfSv6BP2doWg+BvwtRhy3g60m/CRPMH6NX8/dv1H0r+iL4N2baf8JfhnZOMNbeBNKiYemLGGu3xknbLsJT71G/uj/wAE+N+idScuIs0r9qEY/wDgVRP/ANtPSaKKK/n8/ucKKKKAP5z/APg5M8Hy6n+yt8EvG0UTSDwn8cxos7qu7yI9W0PUpNzeil9LjXPqyjuK/jPi/hr/AEEf+C0fw2m+JX/BOb4+wWlm17qHgq00v4kWipH5ksCaPqlrPfTL6BLJr5mP9zfX+fdF/DX9leBGOWJ4K+q/ao1px+UuWa/9KZ/NHixhXQ4n9v0qU4S+68f/AG1H7Vf8EGPG0fhP/goV4F0eabyU+IngDxJ4MQE7Vmkj09taRT9To/A9cV/dtX+aP+xv8Uovgn+1H+z98Vbu9bT9N8FfFjQ9X1u8UkeTp326KLUt2Oqm1kuAw7qxFf6W6srqroQysNyspyrA96/MPpA5dKhxLg8zS92rR5f+3qcnf/yWUT7fwaxqq5FiMC/ip1Ob/t2cVb8YyP8ANf8A+Cg/gB/hj+3N+1b4PMQgt7X45+IdY0yELtEVjq2oTatYr+FvfQDj0r+w39jjX2+J3/BErQ3kJlaT9lHxt4DfcfMLf2PD4i0Db+ViBjt0r8jf+Cz3/BNb9pz4hftiaz8c/gP8H/FnxU8HfFfw5pNzrMvg21j1O68Paxp9lHpNxBc2wYSokkNlaTrMV2Fp5F3ArX7Xfs8fBzxB+xp/wSUv/hx8VjZWPiT4dfs/eO/FPjWGG6W6tdMm1L/hIPEE1r5w+VmgW/WBiuQWjOCete3x1xBled8DcPTw2IjPGe1oNwjJOSapyjUvFaq0+Vann8K5Pj8r4qziNejKOG9nWSk01F3nFws9neN2fx6/8E3vEV54Y/bm/ZP1aylaGVvjdoOkysrbS0GpXUen3KfR4bqVD7Ma/oB/4OO/BSz+EP2V/iRGqK+k+L/EXgW6fH7yUanY2Oo24z6L/Y9yf+2lfz+f8E4tAvPEn7cv7J+k2UTTTL8cfD+qSqi7isOn3kd/cyfRIbWVz7Ka/o2/4OMtdsYfgZ+zh4YeQDUtU+Ml94htYf4mt9O0K6tbhvoH1a2H/Aq+y4unKn4xcOuj/EdOaf8AhaqfpzHxfD0VPwtz5Vvg5otf4v3f/wBqcX/wbj+I5J/DP7VPhJmHl6ZrfhPxHChPzbr6DXrWQj8NPj/Svyd/4Kv6Umjf8FF/2obZF2rdeJNB1jGMAte+EvD90zfiZG/Wv0p/4NxbO6bxL+1hqC5FnBoXg+zl7K0stx4jkj+uFhk/7696/PH/AIK+XcN5/wAFHf2j3gIZbe48K2UjA5Bki8GeHvM/Itj8Kjh6PsvHnOY0/heGi368uGPP4ik6ngdlcqm6xEkvTmxB+9/j6OXxt/wQgupP9bJafskafqbd8LoP2W5b/vldOP8A3zX82/7F2sS6D+1n+zXq0LtG9r8bPDXzKcHbJq1rEw+hWRgfqa/qJ+C3hafxb/wRYPhN0Lz+IP2OvFOn267cnNxpeseQR7jdGR9K/lo/Yo0y68U/tRfsy2FhG09xqPxi8L3Cqi7jtTVLO4kbjsqIzE9gpNYeG1Skss4swU37sMRiG/SUZr/205/E6nWljeEMdBe9KjRX/bylTl/7cfv7/wAHAOhQzeAv2WvFRRTc6X8TNe8MxyY+ZY9T0MXki/QtosJ/4CK53/ggOkm/9qSXJ8ryvBseO27/AIqc/wAq7n/gv3qES/Cb9mzRyR9ouvjDqOsxrn5jHZ+Hr63kP4NqEX/fQp//AAQS0TyPhr+0H4j2Ef2p420XRg+Pv/YbC6mx+H9of+PV8pQrSh9HKtCfWpyx/wDCqMv0Z9FjqKqfSWwk6f2aLlL/AMJ6kf1ifkt/wUi/5SB/tVf9jhoP/qF+Gq/af9nLRpfGX/BFT4keGrkeYt98FfijptpvG7A+0eIpIyue6yE49CoxX4r/APBSH/lIH+1X/wBjjoX/AKhfhqv6BP2S9JGj/wDBJRYbhdv2z4G+P9Wl3DAK3dx4kuFP4pIlfR8fV/Y+FPC0l8XtMG18qEmfLeHdGVbxw4qv8PssYn869M/ng/Yl1x7T9pT9m3W1baZvij4ddiOMrdXlvGw/ESkfjX6nf8FybcJ8Uv2Sr0Abrjwb4+s2buRHdeDZFH/kRq/Ir9jGKRvjb+zLCAfMHxI8IqRjPS/sc1+wn/Bc/H/Ce/se46jQviNnjt5ngevr+J0l4z8Mz+06VdP/AMAqf5n5xwcv+NE8Z0fsxqUmv/Aof5I7X/giVcMJ/wBo20z8jW/hS4x6FX8Rr/7NXyp+2Jp6WP8AwVJ8eTRgA6x4z+G+qy4H3m/sTQLPP/fNmn5V9Xf8ESrZt/7Rt5g7BF4UtgexJbxIx/LA/OvmH9rWddY/4Kp+LLGP5msfiB8NdCkC8kO2jeHbvH5XyfnXzuGdvHrPpR2WD1/8E4b/AIB7GLXN9Fzh+Mt3jo8v/hZiP+Cfvl+2bpi6z+yJ+0/pbrvW++AHi6Ar/ezoN9X8pnwZ0O6+IHiL4Z+HLYFrrxlq+j6TGQN21r+aCLdx2Hm5J9Aa/sg8b+E9N8e+C/F3gXWWnTR/Gfhi/wDCmqvasEuUt9QtZrOZo2IIDBJmIJBGccV+UP7G/wDwS31n9m74oad4x+Ifxc0H4s6D4EsY4vhpaWHgebwlrCXSI9vHeavuvLiGRoItpjEAXM2HO3YFP5x4ReIeS8E8P5zSzGo1iJpSoxUZPnkoyja6XLH3uW/M1prrY/VPpAeEnEHidnnD0sppxeHo1JRxEpSUeSnOVNykk9Ze7GWkb627md/wWVjU+A/2XnwAYv2g7kJx0DeCPFgNcj/wSZlI8c/FyH+GTwlp8pH+5eSL/wC1DXWf8FlZP+KK/Zbh/v8Ax+vZT/wDwR4qH83Fcj/wSZQnx38W5Oy+ENPQ/wDAryQ/+y19VkS/45tzHm/nl/6fpH57xo3/AMTlcOqP/PiP/pnFHwr+0nCLf9sf9ryADA/4XFZ3GB0/feDvC8x/WSv2P8ZRi/8A+CVPxBhb5g/7H3iCI7j18vw7fL/7LX48/tOskv7Zn7XNxEQ0UnxZ02IEdN0PgnwnDJ+Tow/Cv2M8UYt/+CV/j1myAP2QfEUn/fXh2/b/ANmr0vEZv/iG/Bjfxc2F/wDTKPK8GF/x0L4iKPw8mI/9SF/wT8g/2cpC/wAUPgbL/E/jfw3J+d9Zmv0a/wCCrtwstz+ytpRPzL8QfEfiRV/69PDdxYFvw/tgD/gVfnZ+zRAz/FX4FQAfMvjXw7/45d2rf+y193/8FVbrHxR/ZQsM8S+G/iLqAX3hk8DQ5/8AJrH/AAKva43pqt4ucOQ7QrS+6M3+h+e+EFWWH+j3x5Wj1lTj/wCBKMX+Ejsv+CaGf+Eg+K57f2Lpf/pRe18OfHe1Fh+2R+2LaKNqj4taFeqB0/0v4c+B7tvzaZq+6v8AgmchOr/FyTHC6Zo6f99Takf/AGWviL9oOZLr9sj9r28hO6GT4n+HbRXByGe1+G3gW2mH/AZIpF/4DXz2Bb/4jPnC6fVYf+6x9Jj0l9E3I3Ld4ydv/BuKP2+/ZOmM/wCzx8MHJzt0e4h/79393H/7LX0RXzl+yQpT9nX4ZA9Tpl23/fWpXrD+dfRtfzRxJpxFmCX/AD+q/wDpyR/c3ADb4EyRy3+qYb/0zA8x+NfjK2+HXwb+LPxAvXMdp4H+GuueLbhh94Lp2l3V4dvqT5OAPXFfzSeANGbw54J8H+H2be+ieFrDSpHxjzGt7WGJm/EqT+Nft/8A8FHPE9rov7K/i3w1LOI7r4p+INF+F1pah9kupQ6nqVu2rwr9NKttWkb/AGYWr8a4u3+7X7r4MYJ0sjxmPa/iVFH5U43/ADqM/kT6W+bxq55k+RQlrTp1Ksl/18kox/8ATbNvTbae9urWytkMlzdzx2tvGOrySNtVfxLAV/Slo+nRaRpGl6TBjyNL06DTocdNsMaxr+i1+Av7PPhx/Ffxo+G+jKm9G8UW+o3I7eTY5vZv/HLd/wBK/oLr5nxlxaljcFgV9mMpP/t5pL/0ln1n0TMrdPKc2zqUfjnSpJ/9e4ylL/05G/yCiiivxY/rwKKKKAOH+J3gjTvib8NviD8N9XSN9J+IPgjVvBGppKu6NrfVrC4sZgw7jZcNX+Xz4q8Laz4G8WeJvBXiKzk07xB4Q8Q3vhjXLCb/AFtleWFxLa3MLY4ykkTrx6V/qfV/Aj/wW0+AS/Az9vv4j3+nW7QeGvjVp9r8ZdCXZhI5tT8y31iPd0J/tKy1CXA+6lxGPc/0N9H3OVQzfGZHUf8AFjGpH/FTdmvnGV/+3T8a8YstdXLsLm0F/Dk4S9J6p/Jxt/28flNb/cH0r/Ry/wCCdfxwh/aG/Yt/Z8+JJuDcavN4AtfC3ipnk8yX+19DX+x9SZvTzZrN5gDztnWv8423+4PpX9WH/BuX+0Wn2b4z/ss63fv5gkj+MfgG2mk3IVZYNL1+GPPTBXR5lReDuuG45z+keOeQyzTg6OZ0Y3qYWan/ANuS92f48sn5RZ8F4T5xHLuJ/qFV2hiI8v8A2/H3o/8At0V5yP6l6/ne/wCC9/7b2jfDf4PD9kHwZqUdz8R/jBa22p/EJbZ2D+FPC8Vx50ccjDgTalParGIyT/o8NwWUCSIt/RDX8T37Tn/BMv8A4KE/tXft4fH7xQvwi1fT/DPi74u6o+i/E7xvrtnpXgy38PW9y1lotwkxmaeWJLC3swsFtFJKFUDy1wdv4D4T4DIa/Ev9p8RYiFKhhY+1SnKMVKakuXffl+Ky1bSXU/ZPEXF5vSyL+z8loSqVcQ/Zvli5csWve22v8N3pZtlX/ggJ8DdV+In7ZknxZeyY+F/gP4Jv9autSdcwDVtat5tF060X/beC51SfPYWZzgsufVP+DgX452Hjz9p74e/BfSJluLX4G+BZLjXpEfPk6z4lkt7ya3K/9M7Gz0d8+t2w/hr9qfDnhP4Bf8EVP2F9f1RrxPEuvwv9s1LVb1U0/XvjN4yvIDHZ2cMYyYrdRCQkSlvs9rbTSMXfzHf+QX4X+CPi5+3t+1bZaAlzJq/xK+OvxBuNd8Ua60Ly2WjR3Uz3mqajIuSUtrKATOse7hIUjXnaK/a+GcXR4v46xviRX9zK8FTlSoylpe0Xzz9FGU5PtzxW6Z+Q8S0K3DXB2F4Doe/mGLqKpVjHW13Hlj6uUYL/ALdl0aP6dv8Ag35+EeoeDP2YPiP8WtXtPsQ+LnxE8rQ5ZRta90vw/btaLcZ7J9sudUjGf+fdj0Ir+bb9rz4mx/HT9rL4/wDxL0jde6f41+LuqHwy8Ss0l/pttdf2bo7quM5ks7Szbb6tiv63v24fiT4H/wCCdH/BPCf4f/DWWTQ9UPg2P4GfByCBwuqvqF9ayRXWrs3/AD2gh+36jJKeGnCjrIor+Yj/AIJd/s8yftG/tifCfw1eWEl74R8E6mvxQ8dErutV0/Q5IbiOGbP8F1dmxtWXqVumxjBIz8PcwhXxnEXivmEeXDy5o077unTV7eto046faujj8QMBOlguH/C/AS5sQuWVS2ynN2v6XlUl/hsz+1P9nT4Tp8Nv2ZPhB8G9eghuH8NfCLSvB3iS3U77eeb+zY4dQQeqtI84z6GvzY/Yf/4I5eF/2RfjPZfGHXvi9d/FK68JWVxbfDrR18Hp4Vh0GS6huLOS4vpDdXH2qRbado49iwhXZnIb5Qv6X/tA/tM/BP8AZd8Hx+NfjX42sfCOk3c7Wej2n2ebU9d8Q3CruNvYWMKtNMwG0sVXZGGBdkX5q7n4WfFHwP8AGj4feFvih8ONct/EXgzxjpi6pomqW4KeYu5o5IpYz80c0MiSRSRNho5I3UjK1/O9HO+Lsvy3G43DSqU8Hj5ONWXJ7lSXvNxU3HR2lK6jJOzaZ+91sn4Sx+YYPL8VGnUxmBjGdKDl79Ne6ozcE9vdjZyVr2aP54v+DgDXjN4x/ZQ8LLIQtjoPjTxJPEPusbi48M2kLN9BBcAf7zV9p/8ABELw0+jfsf6zrksLI/i74watqUErDHnQWtlpenrt9QJbW5H1zX44/wDBZb4qn4i/tua94ZtbjzNI+DfgbSPh5DEkm+E30yy67qMw9GP9rWtuwHfTxnpX9Hf7CfgVP2f/ANiD4O6Z4mxp0mk/DmT4h+KBKPKbTm1T7Rr11HNno0CXXltnvCe1frvFSlkvgZkuTz/jYiop8vVxk6lX/wBup/efjfCzjnnj5nWb09aOFpOnzdOZKnTt/wCS1P8AwE/lo/4KFapaa3+3h+1Rqtgxe1f4i2mkBj3l0vw7oulXWPYT2Vwv/Aa/o2umPws/4JFarJPttbnTf2ML2eNZPkLXWp+HZnhj/wB+Sa9jUD+84FfypaXN4h/aG+N7XzQSSeKPjv8AF6bVTaRbi0d54q1yS48lc8gI9/sGegUV/Ut/wVw1G38EfsC+IvB+lbLG18ReKvBvw+sLeA+QotbfWrC+khjA7fZtJmXb/dDDpX1fiNg3TpcG8ES1nz0lLyUFTp3/APJpfcz4vwxx6rZnxx4gR/hxhVcfPmdWp+UI3/xI/n4/YQ0Ian+1l+zppMMZeO2+JmlXfljkiOwk+1N+SW7H8K/S3/guNdpL8U/2UtOBBlsvBHjzUXXuqz3ng+FT+Jhb8q+X/wDgkp8OtW8ZftfeFvE9vYTzaJ8M9E1TxPrd95RNpatcafc6XZxs/QO8t8GRepFu5HCtXsf/AAWg1601P9qP4Z+HoplkuvCHwKTULmNDuEB13XtRXa3o23Qo229dsinoRX0uc1o43x5yfC0nf6vhqkpf3XKNbR/Jxf8A28j8/wCHKUsu+jXxFmGIVvrOIhGN/tKMqCuu/vc6/wC3WfYX/BFjRvI+GHxo8QlSDqnjnT9HDEcMLGxkm/nqBr4F8a3n/CYf8FYvGd8Bvjuv2tfCegp/EHXRbXwpo8n/AI9p8g/4DX63/wDBJrwp/wAIx+yFpmuXGIz428baz4oLuNmyGGWPSlyfT/iWu2fR6/GP9kTWk+Mn7e/hPx1GJGtfHf7QPiD4pWAlXEkdpNqmra9Yq3+5Atuuf9kV8xk1ZYjxF424gXwUMPVp384xUf8A3C/uPo+IsPLBeD3h/wAL2/eYrGYaaX92c5VL/wDlaP3n9aNeZ6J8Zfhb4l8eav8ADLw/458P61480Cxk1HWvDmmXn2y802OGaOCbzmUGNXR5Y1aLd5i7uVAr5o/4KK/GHxL8F/2VvGeu+DL+TSvF3ijWdI+Hmg6rbu0V5pf9s6hDb391bspDLPDYf2hLE4PySRo38NfkD/wTHub4/tY+HWjklkF34X1salIzGR5YzaNJl2PJzKsJye9fkHCfhsuIOCM24zxVdwhhYz9nFW9+dOKnLmb+zZpK2rb3Vtf3Dj/xgnwj4jcP+H+Cw0alTH1KftZyb/d06lT2ceVLeTlzSbloox2fN7v1t/wWPu4JLL9ljRy4F0fiL4h8Sxxd2is/DsthK30VtYgH/bQVN/wSR04vf/HHVyuBb2Xh/To2x97zn1eR/wAvIj/76FeW/wDBXvVft/xw/Zz0BDlfDXwy8Wa9cqDkI2sap4btbfd6ZGj3WP8AdPpX1H/wSh0YWvwm+JOvtGFbV/HkWnCXoZEsdPhdR/wFryT/AL6Nfpqf9nfRokpfFXn+eKT/APSaZ+J4xf2x9NXCqOscJh3f/wAJKn/t1ZH49/FDUxr3x6/aP8QiQy/2v+0J4uh3dgNL1a40NV/4Culqv/Aa/bf4un+yP+CU3xKZ8p5H7GerOc9f3nhi4P8A7NX8/nh3WD4j/t/xOc7vFfjrxH4rfPJLapr+p37frcV/QV+1cYNG/wCCYvxA0ydhCNU/Zy03wZH2Hn61Z6fo8K/8Clvo1/4FX03i3hnh8j4PyeC19tRjb/DCnH/24+P+jxjVivEvxF4hqP3VCvK/lKvWl+UD8tv2TdMe9+PvwVsVQsYPF1jcMvTC2o+0P+Swsa+pf+Cp83nfHz9lm1H/AC4/C74i3bDPT7RqfgCMf+k5/WvK/wBgnSDqn7TPgi42hk0PTdW1iUEZAH9m3Nqp/B7qM123/BTO7e9/ap+Edig3ReHfgHqt3O3Xy21fxDZJGPbcNFkP/AK14lq+38cMow8f+XWGqSf/AG9Guv8AL7z5rw5oPB/RT4qzGpp7fFRivNR+q/8At0pfcfQv/BMuA/8AF5bkjgjQIFP/AIOWP/stfml4g1Bte+MH7RPidpWn/wCEg/aL8YiORuT5elaxN4fhX6KmkKo9lFfq9/wTW0sw+APiLrJQj+0fFtvpwcj74tLPzP0N41fjf4K1A6xYarrh5fxD448SeJJiP+emo+ItUvpP/Hrhq8nI1HEeJ3EWMj9mNGH/AJJG/wCNM9Ti2VTAfRr4Py6Wnta1ap8uevJf+nEf0f8A7MVt9k+APwrixjf4Viuv+/8AJJN/7Ur3evJvgPCbf4K/CmErtKfD/SQRjH/LnCa9YZlRWdyFVRuZmOFUDvX8t53N1c6xlTvVqP75s/v3hCl9X4Tyugvs4ejH7qcUfjz/AMFKfGq6x8Rvg58LLeNZrfwfo+ofFjXpGbBtLy+Emg6CFGeS0H/CUFs/dxF/er4Ii7f7tdR8VfiCvxd+MXxN+KcF1c3eleKvEzWfhF7hiY49B0mNdN0lrdTykN1HbyaiEPIfVpSQCSK5eLt/u1/XvCGTPIeFcHl842qcnNP/ABTfNJP/AA35fkf5keMnFUeL/EzMsyoS5qEJ+xp9uSl7l15SkpS/7ePv/wDYA8IHVviZr/i2aPda+EvDZggYj7t3qD+VH+UMV3/30K/X+vjr9h/wLJ4S+C9rrd5biHUfHWpyeIGLLif7IoW3s1b/AGSscky+1z719i1/MfiFmazTivFVIO8Kb9nH/tzR/wDk3Mf314FcOy4b8Msuo1Y2rV4uvP1q+9H5qnyL5BRRRXxR+vhRRRQAV/P1/wAHCn7ND/E39mDwp+0BoVl5/iT9nzxLt10xQ755/DevPBZ3jZAyfs95HpcvPyrG9wxr+gWuO+IfgPw18UvAfjL4beM7BNU8J+PPDF94R8R6e/Au7PULeS1uFB7HZI2G7HBr3+Fs9q8NcQ4TO6X/AC6mm13i9Jx/7ei2jx+IMpp55k2Iyqp/y8jZPtJaxfykkz/Lpt/uD6V9T/sfftBax+y1+0b8Jfjno/2mVPA3ieK517TrWbyX1rSLkNZ6vY56fvrSe4RdwIVyjYyori/2kPgP4q/Zk+O3xQ+BPjGOX+2Ph14pn0aG+kh8hNcsWPnaZqUa5I8u7tJLe4UAnHnYPINeRwfdX/dr/QlxwOd5VyO1TDV6fylCcf1iz+K6ksZlOYRkrwxFGfzjKEv0aP8AUQ8J+KdB8ceF/DnjPwtqVtrPhnxboVp4k8P6tZSrNaanZX0EdzazxsDgq8ciMCP71amo6hZaTp99qupXMNlp2mWcmoahe3D+Xb2kMKNJLLIx4CoqsxJ7Ka/nl/4IG/tmR/ED4Xav+yR421MN4w+E1vJ4i+GclywEuteGri4zdWasTln065n4B/5YX0QX5YWx/QprOkad4g0jVdB1i1jvtJ1vTZ9I1SymGYby3uY2hmib2dHZT/vV/n3xVw7iOFeIsRkeMvanL3ZfzU3rGS6ax+6V10P7N4bz2jxHkdHN8La846r+Wa0lF+kvvVn1P4Cv+Cj/AO3b4u/b2+Pst7oq6nB8I/B2oS+Gfgx4LgWSWW6hkmEbatPbgZa+1Fljcrt3Rx+TCMlGZ/6UP+CSP/BP6z/Yo+Eet/Hn45Lp2ifGTx54Y/tLXzrTR2kHwh8ORRi8bT57h+Ip3Ea3F85IVPIij/5Ysz+q/s1f8EZv2N/2Yvizb/GHwxYeOPHHiPRJjd+DNO+JWuWniDQfBVxuyl5Z28VpD5lxEOIpbkymI4dcSBZF/MH/AILc/wDBRyTVdQ1j9i34K66V0vT5lg+PnijSboEajcIyyL4Xt5kb/VwsFa+A+9IqwHASdG/b8RnlPjyng/DXw8pyo5bGMXXqSjZ8kWm7/PWV9alRpaRu3+SRyl8GTxXH/G9SNXHOT9jTi7rnktPw0WlqcE3q7Jfmr/wU6/bfuf20/wBoS81Pw7cTp8HPhotx4T+FVi4aEajCZh9t1uaMniW/kijZRhStvBbIVDK5P9CX/BEX9k4/A39nO8+OfjLThp/jv49RQ61Z/b4vIutD8L2vmNpand9wXhklvmI4aKS0zynH4P8A/BKb/gn3rf7Yfxbs/GPjPSp7f9nv4aavDfeONRuI2it/Gl5EVmh8O2bAgsZfka6dD+6t2IyryxZ/ej/gsH+3Hpf7NnwZP7PXww1OGx+L3xW0BtHkj0eRbeb4deF5Fa1ubr5R+6mukV7S1VdrKvnyqymFN3s8dzhiKeA8GeC1q+X2zWqhCPve+11v+9qddI9ZWPnODISw9THeL3GL0XN7JPeUpe77ifS37qn6y6Rufz0/8FFf2nLv9qj9q74jeMrDWH1T4e+GdTbwJ8K4IZWk02PR9NY2/wBstx0P9oXC3F8XxkrdRr0jWv6p/wBhTwL/AMMYf8E/vC978V7q501/DHgzVvjL48gmiZZ/D0d4J9YksVibkSwW/lRNH3nEgHWv5v8A/gkd+xzN+07+0LY+L/FOltcfCH4LXVt4r8WPcRt9h1/Ulk8zSdGBxh/Mkj8+ZOnkWzqceamf2B/4Li/tRWvgf4Q6B+zJ4bv8eLfi9PD4g8apa3Yjn0rwzp9z5kcUqqd4/tC9gjRc/K8On3inIalx9h6Ga5lkvg5w/wDw6ThKs19mMY9f73JzVJd3KPVnJwHXrZVgM68ZOIfjqKcaKf2nKS0X91zUKceyjLoj8Nv2b/A/iD9tz9tnQbbX7G4mk+LPxYvviX8RoopmmTTNNkvJta1iPz8fKiw+ZaxMcfM8KjkqK/qO/wCCpnxbs/gx+xH8UbOynTT9X+JWnw/Bfwta2x8iV/7cVrbUBDj7ph0uPVJgRjHkADBxXwn/AMELv2a5PD3gnxz+054k04R6h46lbwJ8PHnTE0ek2cyvql5H223N3HFAD97/AIlj4+V/m+a/+C3H7QUfjn42+DfgHoWovNonwa0htd8WwQn/AEabxDrUUMkUcn957PTxAVK8KdYnU/MGCxnap8ceL2X8L4FXwOWpc1vhXs+WU1/4EqdF+aMMiqVeA/B3M+MMwdswzJtxv8T9peNP8JVK3+Fnjf8AwSD+ED/Ev9rvw74juIEfQ/hBoV14/vjLF5kTXQUWGmRr2Die8WdSe1m2OcV/T1+0z+zL8L/2s/hlL8KfizBr7eHhrdv4m02/8L67L4d1/RNSs0mjtby1uEyN8a3Ew2SrJGwkIZGFfAH/AARn+Aw+Gf7Nt/8AFfWbBLbxJ8btZ/te3nlXFzFoOmNNa6ajZ+6skrahcjb95LiEknAC+ra9/wAFS/2eLb44+H/gV4Ms/FPxH1rW/Gdj4GfxZ4Xjs28F297fXcdniG6eYPcLE8nzyQxmM7Tsd6+O8RcbxDxf4jYmvwrTqT/s+Kip09PZ+zbc5c2ij+8cktdVHQ+r8L8Hw5wN4ZYSlxfUp0/7Sk5uNTX2ntUo04ctm5fu1BtWtHmdz6o/Zs/Zj+Fn7K3w9tfh78L9OvfILJc694n164j1Hxb4uuljWM3epXSRxqzkL8scSRxR7iEjQE1/Kp+3P48g+Jn7Zf7RPiixu2v7Cy8dL8PtLkDM6RR+GLO30K4ij7bPt1nqTjbw3nFh96v62/jj8T9O+Cvwd+JnxZ1WL7RZ/D7wVqHigWXmCF9SmtbeSS2tEY9HuJvJhX/amWv4+P2TPhzqXxw/aM+E/gvWEfWrjxZ47h1zxrMq7f7Qhimk1bXZ3x08yOG8cn1k9a+h8CfbTzHOuPs7qSn7Gk1KpJ3cm/3k3d9Yxpx+UkfHfSSlRp5LkXhpw9TjTliq8eWnBKMYxjanBcsdlKdTtvFn9KWrXrfsm/8ABNe+uwgg8QeBP2dGWztz8vneJdWsNlvDxziTVdRjTPXDV+NP/BKTwh9v/at8EfZ4c2fgbwVqusSAD5YY47H+zIT/AN/L6EV+iP8AwWU+Jv8Awj/wV+Gnwe0+6ht7v4o+PF1rWLMD95PovhdYr6QKP4calc+HznuquPWvG/8AgjR4AupvEfxh+KM9uyWWn6JY+BNOumX5bia6m/tC8jRumY1tLIsP+nhK14YnUy/wf4k4wxulbMJ1Ip/zKUvZ6f8Ab9Sp9xwcb06OaeOvBvh/l2tHLIU6jX8vJH2iv/3Do0//AALzPV/+Cznilbb4b/s8+BIZWS78Q/Gq48W3MS/8tbHRfDWtW027/ZFzrWmn/eVa8C/4JK+Ep9V+OPjPxcYmNj4R+H0lo04Hyx3Wp3lvHCv/AAKK1vD/ANs65n/grX4/fxN+034L8BQANp3wq+Fq3M0yuT/xMvE181xdQMvTMdpo2jyA9cXh9q+7P+CTvw8bw58DvFXxBvIvLuviF4veKykIxv0/SY/s8bZ97mXUB/wAV3U6j4X+jk/aaVcY2o+ftan/AMpg2eHjqS42+l9RpUveo5bTjKT7expuX4V6sYn5yf8ABRvxk3i/9tXx/YxF/sXw2+H/AIX+HIGd0T3RjvvEl1IvoSniOzjb/r3Ffsh/wTy8Kp4a/ZW8DTNEY7nxVfal4ovMjHmGa8lt4W/G3tbev51PiR4xu/ix8avi98QVTzm+IHxb1nUNE2LhrnTY75tM0E+7Np1lpo461/WT8KfB8Pw++GXw/wDA8A+Twp4O07QXbbtM0ltaxRzSN/tO6u592Nc/i2/9XvCjh3hV6VJ8k5L/AK907z/8qVUaeBf/ABl30heMuOl71GlzUYS/xVIwg1/3Dw7+TP5R/wBnj4TeKPHPxI1P9njRIftPjjwX8TPEXgXxLZ5CzaDb6Tr15azaldKTlLfyPInVzwwuIlXczqp/cf8A4KeXVn4f/ZO0H4fWsiW8PjH4p+D/AAdYQO2DLDot6viaSMev+j+GpfyNfoppnhnw3ot/rGq6N4e0PSdU8Q3f2/X9S0zSbewv9cn2rH515MiB5pNqIu+Qs2FAzgV+M3/BVbxf/afxK+Anw0huw0PhjQda+KWtaer5aK5vGh0LRJ3X0MX/AAkyKfZ68jL+Nsw8VePuHcBVw6pUcG+eyfNzShGM5zk7LRunFRjbS+7ufQ534cZL4E+GfG/E2ExUquJzGM9ZJRVNVZThSpxV23yyrycpN+9pouUb/wAEzPD0t98WPGniQx5tvD/gb7CZMfcmv7y38tfxS0uP++a8M/bV8UDxb+2X8XWiybfwB4Y8LfC1GD7o5JLexn8Szso7EN4qWNveH2r7s/4JieGpLTwF8SPF0ke1db8U2ug28jLguunWvnOR6jOogZ9VavyS8ReKG8d/Ev4yePmZZF8Z/GnxVqtjcKMfadPt9autM0lz6/8AEv0/TxkdlFfeZb/wr+Neb4/enhaMKcfKUlTv+PtEfhedt8M/RLyPLHpUzHFSqSXeKnVmn6csKTP3p/YU8OroP7Onhi62FJ/E2q6j4hudwwTuuntIj9DFaQn/AIFX4+fBT9l34z6h8WvHnwUv/hv498M6L4V+Mfii3tPiJrnhG+07wJc+HLjW73UtK1Gy1SZEtrwtaXlvAsNpJJJ5sZ3KihmX99Pgl4abwf8ACD4aeG5E8u40rwVp0V6npctbRyXX/kWSSvUa/Aocf5jknEWc4/LYxl9aqTs5fZtOXJJd7Reien5H9fvwfyHirw+4b4b4h54xwNOhJxg+VykqUY1Iydm0pSvzWtLs0zM0TSLPw/o2k6FpyGPT9F02DSrFGOWWG3iWGME9ztRea+S/25Pi0/wy+BusaRpF7NaeMfihI3w/8NS2k/2a+06O6jY6tqMcg+ZGtbJblo5AOLiS1XjfkfY+a/nu/av+Mp+Nnxo1TVNPuBP4L8DxzeDPAgVB5dzGsytqmpq2ST9uuIYwrA7Xt9Ps22gliefw24bqcUcUU5YiN8PRftajfWz92L/xy3/u8z6HT438eUPDnw+r1cHJQxddeww8V0lJWcl5UoXlfbm5Y/aPnuzhitoYLe3jSGC3iWGGKNdscSqu1VUdgAAMV6R8OfBuo/EHxr4Y8GaVG73fiHVYdP3oM/ZYmYGedv8AZijWSRvaM155F/DX6jf8E+/hQ0k+u/F/VrVfKgRvDPhMyxksZG2tf3SZGOF2QKw/vTjjHP8ATHGmeU+HshxGZy+NRtBd5y0j+Or8kz/PLwr4Prcd8aYHh+Kfs5S5qr/lpQtKo79G17sf70on6caNpNhoGkaXoelwLa6bo+nw6ZYW6fdghgjWONfwVRWlRRX8TSlKcnOerZ/rjTpwpU40qUbRirJLZJbIKKKKksKKKKACiiigD+aP/g4L/Ytk8XeCvDf7ZngPSRJr3w6tYfBnxigsrZmuNR0Ga4xperSbepsLm4aCRiM+TfIWYJbgV/JXB91f92v9RHxX4W8PeOfDHiHwZ4t0mz17wv4r0W68PeIdF1CLzrLVbO8he3ubeVe6vHIyn/er/PK/b9/Y28T/ALEH7R3in4UahFe3fgTVHk8VfCDxRcjzE8R+H7iZxbpJJ0N1ZsDa3C8HfCH2hJYyf6y8CuNY47L5cI4+f76jeVK/2qfWPrB/+SvTSJ/N/jBwrLC4uPEuDj+7qaVLfZn0l6SX/ky7yPF/gF8afG/7O/xc8B/Gf4eX32HxX4C12PWbEOW+yalGCY7qxulHLQXUDzW8q90mbBBwR/og/syftEeA/wBqj4KeCPjZ8PLtZNF8W6aHv9LkmWXUfDGow/u7/S7xR92a3mVk5wHXZIuUdSf82OHp+Ffrl/wSk/4KC3v7GHxbfwz45v724/Z/+J9/DZ+ObJfMuh4OveIrbxDaQg8GMbY7pUBaW3GQrvDEtfS+L3AMuLMoWZ5bC+Pw6fKutSnvKn/iXxQ87x+0fK+GHG64YzWWX5jK2BrtXfSnPZT9H8M/K0vsn9rvxiuPiJafCb4lXHwj0+21X4pxeBtUb4c6deXENpaXet/Y5v7MWSSYiFV+0eTkykJjO7iv5Xv2av8Aggp+0J8QfGp8Z/tg+MdK8B+HLrWW1jxHonh3xFH41+JvjGaWRprnzb5A1na+e7EtcmW4kyz/ALkHDV/W1pWq6Zrul6drei6hZ6to+r2MWp6VqmnXC3lhqNvPGskM8Mykq8boysrKSCGBFP1G7+waffXxQyCys5bsxr95/LjZ9v47cV/LPDnG2f8ACeDxWAyTlpzrtc1TlvUXLdKMW9I7v7N76po/pHPuEsl4mxOHxeb81SFG/LDmtTfNZ3klq9l1tY/M79q39qj9nr/glr+zvoHgbwH4d0Oz8SJoUmlfBf4O6Q+17yRcq+qam27zVtElYyXF1KxluJCyqzSMzL/IT4Z0P4//ALff7SZt4XvvH3xg+LniNtQ1fVLgeTp+lw/KJrqdgNlrYWMCqoVQFjihjjRSdin03w98Hv21P+CoPx28Q/EzTfBXinxLfeOdba51Dxz4htp9D+GXgWx8wiCxXUpU8lLeyiZY0tbbzJ2WMlYpHLE/1afspfskfs9f8Ev/AIEeJ/GvivxLpLa/Bog1X4u/GfXYBZyXax4ZNP06L5nitRIVSG1j3S3ErKTvdkVf3jD4zJPCPKJwo1FjOJcV8VnzyUpdHb3lFS1t8daXl8P4di8DnXinmsXiIPCcO4Xa/uRcY9VeycnHS/wUo+fxegeBfCnwL/4Je/sdvFqV/Hb+GPh7pDaz4s1/yFh134keIbpVWRo4ixLXF5MscEEO4iKJIlLBI2av5OrVvi7/AMFK/wBs+JrpnHir4veLAJDGPtOmfD7w/aL91Pur5GnWMJxna00keTmWY7ui/wCChf8AwUB8X/tufEaO20xNQ8OfBDwbqEi/DrwVKdl1fSENE2s6qqkq95MpYKgLLbxuY0yzTSS/0Df8EjP2HJP2ZvhTd/GT4n6Smm/GP4qaYsz2mpRrHd+AfDvy3FvYyFhuinuSq3N0pPy7beNgrQvkwtCp4VcMYrjPiKftOIMddQUrNxlL3refK/fq/Z0jTXRy8/HVoeKvE+F4L4dh7Ph/A8spuN0pRj7vy5leFK/vayqPsvub4m+Ofhj+wr+ytea1FbQ2Xgz4OeBbfw74O8PtcpbXfiG7ihWz0vT0fHzT3c5j8yQKxHmSysMK1fx4/BbwD8QP21v2pNI0DUr671LxT8X/AB7ceJfHfiHy2l/s21mna+1i+x0RIIfO8qPKqNsMS7QVFfVH/BVP9uaP9qL4qQfDf4eao0/wS+FGozQaXd2sp+yeO9Z5hutY4O14I13W9oSPuNNIDifav63f8Ee/2O5vgn8K7v4+/EDTPsHxD+LmlRnQLS/jMN34W8M5WeHzFbGyS/ZY7lwekUVqPlO9anIqMvCjgDFcV5v/AMjnHfw4y+JOWsb31ururU/7di/eSOfiKrHxd8Q8Hwbk3/IkwGtSUfhly2UrW0s7KjT9ZTXunvf/AAUS+Luj/sofsVax4W8BzR+GNZ8T6Ha/A74WWWnqUuNJhntDbXU9vt/1ZstMgvJI5j8qzLbjlmVW/Cj/AIJQ/Buf4p/tb+DtYmsDceG/hJazfEXWJmQ/ZoZ7Vfs+kx7unmfbJreVV7rayHkK1c//AMFMv2sF/ad/aGv7PwvqjXvwo+E/2jwd4EMFx5mn61P5i/2trUYHykXU0MccTjcGt7K3YEb2Ffu//wAEv/2b4f2a/wBmv/hNfHFvBofjf4owr498X3GpH7I/hzSYYWbS7O4d8eWIrdpLqXdjY95Irf6vNSqU/DPwhrTxumaZpfR/GvaRtr1vCm3J9qk7dTmrTj4r+N2FoYHXJ8os7r4G6cr6dP3lVRiv5qdNyR4d/wAFpPjanh/4U+BPgDpk/wDxM/ijr6+LPFUSSAeTomgTRXFvHIoO4G41I2LofusumXINeMf8EWvg01/4i+JXx41KB/sugWKfDrwvI8X7mW6vPLvNTkVv70MKWScdr5s9q/MT9qv426t+1n+034v8eaLbXWpWOuazb+BvhdpVvDJJeS6PaTPbaRDHEwDiS7kmmvGiwNs2pSLjuf6Qt2j/APBO/wDYFd2bT/8AhKfBfgn9zHctmDxH401ptsMPyfM8Zv7pFJXLLa2xYnEZanneBxHBPhTgOB8JH/hUzSa5or4rzcXJfJezov1Zy5FjcN4ieNuYcf4yf/CNk1OXJN/D7ikoy+b9rWT/ALsT8TP+CkXxak+M37X/AIxsNJk+36H8LYLf4P8AhxLWT7Stzd2csk2tSKo+7IdRurizZR97+y4s88D+h79j34HWn7Ov7PngrwTdQ29r4hfT/wDhKPHl2HyJtVvEWa63ydCtugjtlIwNlqp7kn+e7/gmf8Drr44ftJ6T4j8Rq+r+H/hm5+JPi2+v1M51jUjcM2nrM3RpZ71mum3ffW1mznNfub/wUX+NLfBj9lnxzJpt6tp4t+JSD4U+EGDlbmO41iGZL66hx0ktNPi1K6Qn5fMt4wfvYPB4oQnT/sHwbyGV3TVP2lvtVJ+7Hm++dWXT34vodPg3OlisRxN9IDiZcsKjqqjzfZoU/enb5RhSjbrTkvtH83nxX+IGofHz49fE74l2Uk2tSfE/4jT3HhNIIyXutLjaLSfDkMUfUE6dZ6aMfxOzE8sa/pH+KN7/AMMf/sGeIINFvLPS/EPgD4SR+FfDt8AGt5PE+qrHptlOFI+cy6rqEcpGOdxJ4r8TP+CbPwbHxQ/aS8L3lzp/neFvhfB/wnWrfLttEltSselQ+mTdPBIE/iS1k7A19yf8FePiuGX4TfAewliZrm5k+Lfi+MS/vYobXz9N0KF4+6T3EmqThj92TR48dePqvEDCUc84x4b8K8u/3bDqM6q7QjGyT81ShL/wYu58B4UZnX4d4G4y8ec50xWKdSFFvrOUr+73jKvUpx/7hPsfnt+xF8Ml8cftBfBzwdFbtc6ToesW+uakJR5kYs9DjF6wm9pDaxxc9WmA71+/H7W37XHhz9mrRNP022t4PEPxM8U2c1z4Y8NvJ/otlBCyxvqOpbSGS3DuERBhp3V1QgRyvH8Jf8ElPhl5lx8S/i/e277beKHwD4fnYfu2aTy77Use6hdOAI7SPXw1+178Qr34m/tWfG/XJrxLrSvDPis/CzwxHHytjZ+GY/7PvIfcnVf7clJ/6bgdAK6eIMpwXiT4zxyHG+9gMuoJ1Ip6Sk2pON1tdzhGVukJLc+f4Uz/ADPwY+jTiOMcvlyZtnGJcaM2k3COsFOz3cY06tSF7q9SLaa0f7r/ALFPxv8AGfx7+FGqeMPHS6YNas/Gl3okbaRY/wBn2Rt47ezmjURlmOVM7jcTzxX4pftbePLb4mftXfGnxJZsZ9O8M6xa/CPRbw7sTW/hqFo75VU9BHrF5r6Aj723Pev1r/ZTFp+z7+w/J8RvEEDLHYeEdd+MutQsdpkt44bi7t1X032lpannu5r8Ivht4f8AE3jnX/C2g6jPHdeNPHfiOEa3exR4hudW1i786+uNo/ha5uppOOxri8Lslymn4jcScQ4GnGngcI50qdtIxvJ8zj5KNN/KR1ePHE3EM/Arg3hLNasq2a5mqNarzO9SajCMoqXeTnWp/wDb0T9/vgCYfgZ+xEnjPV4zCuh/DTXPi1qgUfOYfs15q0Z/3vsyQDH4V+DvwE8MX2up8H/CEjedqetroOhXErD/AF1xdG1hlkb6vIzN9TX9An7Z+lf8I9+wt+0voegQyiHRf2afE2k6fBEpeRbe38PXUO3A5OIlNfl5/wAE7vhpefFT4g+EviRptjeN8PPAcMOtNr9zptxaaTqt19nkWxt9PnkRY7hklVZJDCWEQiAcqzxhvnfD3iPCUMp4p40xtRQqVajkru121UnCMfNynypH1/jXwDmmNxfh/wCGeU4edWhRiqdRxi3GMYewpzqTaVopRjKTk7dT9/Yo0hijhjG2OKNYo1/uqo2j9KkorzD4w/Fjwz8F/Aer+OvFE3+j2S/Z9L02OQJe69fSK32eyt8/xyFWJPRER3Pyqa/mzC4XE47E08HhIOdWclGMVq5SeyR/a2Ox2CynA1cxzCpGlh6UXKc5O0YxiruTfRJHyz+3b8fv+FceBD8NfDN80Pjr4iWMltcz2suy58N6K++G7u9wIZJbja9tARyC00inMOD+J1uiRbI40WOONQkcaLsRFXACqBwABxgV0Pjzx74j+J3jLXvHfiy6F1rniG8N1ceWCtrZRriOC1t1P3YoY1SNB1wuWLMzMcCL74r+3OB+DqXBnD8cDKzxM7SrSXWX8q/uw+Fd9ZfaP8m/GLxRxHilxhPM6N45fRvTw0H0hfWpJfz1H70uy5Y68tz0P4e+C9Z+InjDw74L0CLzdT8QaitlCxUmK1Q5aa4kx0SKNXkY/wB1Djmv6NfAng7SPh94P8PeC9CiMel+HdMj0+3Lf62dl+aSaTHV5XZ5GPdpDXxR+wt8Bn8FeF2+KniazMXibxjZCLw/bTqVm0nSXKyLIykfLJdFVf2jWPpuYV+gdfzt4tcWxzzOFlGClfDYdtNraVTaT9I/Cv8At57M/tj6NPhpU4Q4XfE+bU+XH46MWk96dDeEfJ1P4kl25E0nFhRRRX5If0wFFFFABRRRQAUUUUAFfnv/AMFJP2F/Df7dPwA1LwYq2OlfFnwaJvE3wb8X3S+WNJ1QRjzLC6kClvsWoLGsE6jO0iGUKzQqD+hFFd+V5njcmzCjmmXT5K1KSlF+a/NPZrqtGceYYDC5pgqmX42PNSqLlkv66rdPo9T/ADCfFHhHxV8P/FXiPwJ450HUfC3jLwhq9x4f8T+HdWt2ttR0e8t5DHNDIp9xlWHysrKwJBBqpD1/Gv7E/wDgsZ/wTCb9o7w/d/tL/AXQIz8ffBuk48Z+FtMgWKX4x6Pax/Kqqo+fVbNFxbsfmniXyDuKwBf464dwZ0eOWGWKVoZ4J42hnt5EO145EPKsrAqynkEEV/enAvGmA42yaOPw3u142jVp9YS/+RlvF9Vpumj+KuOOEcbwjmksJX96jLWnPpKP/wAlHaS+ezR/Q9/wSI/4KjJ8F7nR/wBmP9oXX2X4S6nefZvhv4+1e7Z0+Gl1M/y6beyNnbpczsSkhwtpIx3fuWZof64YpY5o45oZEmhmRZYpYmEkcqsNysrDggjkEV/mNRfw1/Qf/wAEvv8Agrfe/BmLw/8As/ftM6vfav8ACcNHpfgf4k3kkl9q3w0U4WKy1Dq8+mL0RxmS1HADwhVh/KfFnwknmEqnFPC1O9Z+9Wox+33qU1/P/NH7W8feupfoPhf4qwy9U+GuJqlqPw0qsvsdoTf8v8svs7P3bcv9bNfx2/8ABaf9q7x/8Xf2pNU/ZT0KbUYfAnwfvdNsLfwhpW+e88deINQ0+1vmvpLZB5kxiW/js7eIBtrRzMvM3H9gOkaxpXiDStO1zQtSsNZ0XV7OPUdK1bS7uO/07UreZRJFNBMhKOjqysrKSCCMVn/8Ij4U/t0+Kf8AhGPD3/CTFPLPiL+xbb+3SoXYF+2bPNwF+XG7pxX4NwNxPheDc9/trF4P6xUhGUYRcuXkqO3v/DLVLmjt9q5+48acN4ji/I/7Hw2MdCnOUXOUY83NBfZ+KOjdnv07H86f/BLb/gkxq3h/VdA/aN/ao8Ntp+o6dJHq/wANfg/rVupu7K4VhJb6vr0DZ2SR4DwWLjcrbXmCsojrU/4K8f8ABR1LSPX/ANkn4Ga4GvZ1OmfGrxvpF3xZR9JvDdjNG3+sb7t64+6ubfktME/Sr/gqJ+09r/7KX7I3i7x34PlksvG3izWrP4ZeENaWJpF8OXerR3Mk2pZHCvb2lnfSQs/yidYN24fKf5jP2D/+Cf8A8Vv21PHVrrmp23iDw18FrXUWvvG/xV1G1kH9tHzFkmsdHmmGLu9nLMGlXzI4NzPKS2yOT9m4SrUuLMbW8VfESvGOEw0uWjT+wpRtL3Y7y5brlWsqlTf4bP8AFeMaGI4UwFDwt8OsPOWKxS5q1VfE4y933p7R5rPmlpGnDb4rr6T/AOCUf7ANz+0X42tvjZ8UdGkHwO8A6uslhp9/b/6P8TNXt2VlslVhiSytmCtdNysjbYRndL5f6lf8Fa/23bX4LfD2f9nP4ZatFD8UPiLoxtvFN3pU4jn8AeH5l8uRcoQYrq+TdDEo+aODzZPlLQsfqL9qb9ov4Rf8E5v2btF0rwnouj2eqWujf8If8E/hpbP5Y1K4gjVftNwobzDbW5kWe6uCS8jyqpbzJlav5Sfhb8PfjX+3T+0SdKgvL7xR8QfiPrsmv+MvFupLJPY6DatIn2vUrxhxFbWyMqRxLhRiGGMZMa16OQUa/iVxDPxF4s/dZJg7+xhP4Xya3l0aVuao/tStTV4xaXz/ABJiKHhdw3T8NuD/AN7n2O5fbVIfEuf3bR6pyvy04/Zjeo7Skm/sD/gln+xvJ+0j8YIvHXjLSZJfg78J72HVdb+027f2f4s1VWEljoyscB0GBcXCjdiJERgPPU1+s3/BXf8Aauh+GHwug/Z48G6l5Pjv4uWGfFUllP5dx4c8MBmjuEbHKvqLo1qoOMwJeHIOzP1/cT/BH/gm9+ygiIBbeFPh9pHk2sJMcXiL4j69cKWx28y7vpwSx+7DGpPyxQ/L/Kb9p+MX7cX7SklwyPr/AMSvi54pUJFH5h0rQbZV2qi53GGx0+1jAyc7Yrck7mJzpkUpeKXG1TjjOPcyPLr+yU9Itx968un/AE8qdlyQd0cPEnJ4P8AU+Asj/ecRZnb2rhrKKn7to216+ypd251FZn6E/wDBIX9mGT4l/Fa7+O/ijTvN8FfCS6Efh5bqAtbaz4ilj3Q7cjawsYpPtDd1lltT612X/BX/APaLj8c/E/w9+z/4a1B5fD3wmP8Ab3jUQhfs194ivrfbbwburfYLKZvunb5mqyq2Wh+X9TvHGu/Dv/gmx+xnHa+HorS8u/CmkroHhO1uY/IufH/inUAzfarhA+4iSbzrucK2Y7a2kVDhEFfz1/sZfBnXf2sv2ntEsfFUtxrun3Guz/E34tazesS+o2yXX2u+85lwd99czRwfLgg3bMMBTjq4azClxbxbmHi1nV45Vl8ZRw6l15Yt8yX81m5W/wCflSKT908bi/La/A3A2V+CPD1pZ1ms4yxTj055Jcra+zeKhfb2dOcmlzH9Af8AwTO+AbfBT9m3Q9X1exa08Z/Fh4/HmvieIR3VrazR40i0b+IBLZlmKNysl7MCBX5Q/wDBUn49j4qftBp8N9Evmn8H/A+yk0CQRcWuoeIL3yZtXmDA/OLZI7OyUkAxywXoGQ2a/cf9r39oHSv2YfgN4n8dRfYV8RyWw8K/DfRZcRxahrN1HIlkoiH3obZUkupVXH7mzkAIOK/mE/Zl+DniD9pL46+FvAr3OoX58Q6y/iDx54huZJLu9jsVm+1atf3Exyxmm3OBI5+ee6TJy2a8nwnw8s54gzXxf4n92jS9pKLeyla8uXuqVL3I/wCJW1ieh464yPDnCOS+A3BnvYrEeyhKMd3BSSjzdnXrXnLyjK+kj98P+CX3wWHwt/Z8k+IGu2i2HiH4s3n/AAk0010fLltdGtVeLS1fPCq6m4u891vEz90Afh1+0L8Wpvj98fPiT8UbeQ3ml+JfEX9leCViZp1/sHTh9h0fys8gXEUf21ox92XUpsdcn93P+Cjnxds/gR+y6fA3hN7XRda+KM0Pwg8KWNmvlvpWlmzmk1aaCNSCiRadazWySD5Ypr226kqrfk//AME6/gc/xd+Puh6rf2TSeDvhcI/GeuSeTm0luYZP+JVZk/dBkuFWXb/FHZyj3HseGuOjbiDxr4hVlLnjTT/ljZ8sfW1OjHzTR8t4z5XOFHhP6N3CUrz/AHcq0ktOZ3XPJdr+2xFRduVn7V/Dyw0j9jP9jSLUvEER+0+AfAFx4v8AEdqirHdarrV4jXH2CPOA0st3PDYxbsbj5QOO388vwM+HevfFr4leDfAr3U19r3jvxS1z4l1l8yTSzXtxJqGtalJ6nMl5ct6niv0+/wCCsPxola5+H/7PWj3YWKeFPij8QIorgq0sMc81r4ftJYxw8b3FvqF4Q33ZNLtGAPUZ/wDwSp+FLX/iLxx8Y9RtkNroFmvgzw3JLHvLXd2qz30sZP3WigW3j3DqL1x61HA+LxPCfh1nfilmj/27HSlKnfu5ONPT+9VlKTX8kUzDxWwGD498W+F/ALI4/wDCXlsaftrdIxpxlNN944eCin/z8qNbn0f/AMFMvEVj4D/ZQ0n4a6RL/ZMXxH8ceH/hhptpZfuR/Z1h5mu31rtXpDJYeH7i1f8Ah23O0/er4k/4J3fDxvGXx+s/EVxb+bpXw60e48STySJuh+1TL9jsY/8Af3TyTL/16k9q+hf+CqngX4reN9a/ZlT4f/Dfx58RNH0jWfFFxr0fgjw9ceIW0W8n0/T7fTZrtYgREjo+oRLLIVUFzlgCa+pf2Gv2edY+Bnw1vNQ8ZWf9n+PfH0tvq2uaS0sdxN4ct4Yj9l06WSNmjaaMzTNKYmZN0m0MwQMflsk4mynhjwNxlGliYvMsfUqR5OZOpaTVOUpL4klTjJqT+1Jdz7rjHgPiLjj6T2TYqtgprIcqo0qntOW1Hni5VYwjL4ZSdT2cZRWqjFt6H22QGBVgCCMEEZBpaK4j4hfEbwd8LPC9/wCMPHOt2uh6Jp6cyztuuLyTBKW9tCPnllfGFjQEn6Amv52w+HxGLrwwuFpudSbUYxim5Sb2SS1bZ/XuNxuDy7CVMfmFWNOhTi5TnOSjGMVq5Sk9El1bNHxj4x8N+AfDWreLvFuq22jaBotq13f31y2AoH3UjXq8jnCpGuWZmAAJNfz1ftHftD69+0H43k1adZ9M8H6LvtPB3hxpMiyhYjdc3AB2tcz7VLsOFVVQZC7ml/aW/aj8VftDa/sxcaF8PtIumfw34VEuSx5UXl8y8SXDKWwPuxKxVc5Z3+a7fv8A7tf2V4W+FUeEaMc9z2KlmU17sd1Ri1sujqP7Ulsvdj9py/zF+kD9IWfiLiJcJcIzlDJacvenrGWKlHaTW6oxesIvWTtOSuoxjpw9Pwr7m/Y3/Zxl+L3itfF/iezcfDvwlepJdJNHiLxPeLiSOxTPBjX5XnP90qnV8r4r+zr8BPEnx58ZQ6LpyzWHhrTXS48WeJPK3QaVblv9XGSNrXEoVljT6sflU1/Qr4O8IeH/AAF4Z0fwj4W0+LTND0S0WzsrWJeTj70kjdXkkbc7ueWZmJ5NeT4ueIMMgw0sgymp/t1Re81/y6g+v+OS+HrFe9p7t/W+jX4K1eMsfT4y4ko2ymhK8IyX+8VIvbzpQfxvaUl7PX3+XpERY0WONVREUIiIu1EUcAADoB6U6iiv5FP9LVpogooooAKKKKACiiigAooooAKKKKACv5vv+Ctf/BJCb4i3HiL9qj9lbw5H/wALEKSax8W/hJpMQhT4iKq7ptY0WFRtGqAAtNbjAvACy/v8if8ApBor6HhjifNeEs1hm2UztJaSi/hnHrGS6p/enqtTw+IeHss4nyyeV5pC8Hs/tRl0lF9H+ezP8xWBskqUkikikaCeCaNobi3kRirxyRn5ldSCGVuQRzWzB0T6V/Xn/wAFM/8Agj7oH7Rs2ufHn9mu30fwX+0A0TX3ifwjIU0rwX8YygZmaZgNlpqz8BbziOYqFn2ljOv8k3iHwz4n8DeKNc8C+OfDms+DvG3hW/fSvEnhTxFZNp2taNcR/eSWJuoPVZFyjqwZWIINf3PwRx7kvG+X+3wEuXERX7ylJ+9F/wDt0e0l87PQ/ifjrgXOODcW6eLjz4eXwVUvdl5P+WXeL+V1qfp9+wP/AMFPPi3+x1fWPg/W2vviT8B7i63ah4BvrzOpeFxI+6W68P3DnED5Zna1f/R5W3cRuxmH9f8A+z1+0x8Gf2ofA9r49+DnjGx8R6c6qmraS7raeJvC87Dm11OwJ8yCQc4LApIBujd1IY/54UPT8K9j+EPxi+J3wN8X2Hj74TeNNc8D+K9OYCLU9FuvKW6j3q7W91CcxXEDFV3QTq8bbRlTXyvH/g/k/FznmWWtYfMHq5Je5U/6+RX2v78df5lI9bgTxizjg/ly3M08Rl6+zf8AeU1/07k+n9yWn8rjqf6Jl1aWt9C1ve2tveW7nLQXUC3ELfVWBFSQww28SQW8UcEMS7I4YYxFFGPRVHAH0r8Bf2R/+C3/AIJ8Ww6f4Q/as0WPwF4iCi3X4m+FrKa98Fam2cK19p677izcg8vF50RIJIhX5R+7fhPxh4U8d6DYeKPBPiTQ/FvhvVIvO07XfDmqQ6zpN4vrHcRMyHHcA8d6/kjiXhDiPhLE/Vc8w8oK/uy3py/wyXuv0+JdUj+tuGeMeG+LsN9ayHExqSS96G1SP+KD95evwvo2fzA/8FG/2Vf24P2if28tWs9M+Fni3xP8N9ZtdN0H4OeNbZ45vht4a0i30+0l1BdSvA2zT5BfTalM4uFWSbcoi87ai1+4v7Ef7FvgH9i74YNo1hLZ658Qdft4r/4l/EGSDyJNWmhVmW2ttxzDY226QRpwW3NI/wAzYX7cqKeGK5hmt541lgniaGaNxlJFZdrKfYg4r1s58Q88zjhvB8JtRpYOhGMXGmmvacu0p6u/81tnL3nra3k5R4c8P5RxRjOMI81XHV5SkpVHzez5t1T00/lvq1H3VZXv/Gx/wUJ/bZ1D9r74syW3hW/uR8EvAl9Npvw301A0UfiB/wDU3GvTx8FpLvb+5VxmK3KLtV3m3ft7/wAEsv2M0/Z5+GM3xl+JWlR6d8WPiPpf2kQ6pGILrwHoB2zRWcm8Awz3Gxbi4B+6qwI20xvm5+zn/wAEe/2av2fPiFb/ABCfXPHXxRudD1STU/Bfhzx4+mt4X8LSGVpLeT7PbWsTXUtvuxG1w7RrtVvK3qrD6t/bs8K/Gfxz+yX8a/B37P8AZJqfxT8TeGY9F0XSjqNvpE+rWdxfWses2kF1OywxTTac2oRRvIygPIuGU4Yff8U8fZHmWS5f4dcFN4fL26ca1ap7t7yV+b+7zfvKknbmenw3v+bcKeGmeZdxNmHiZxxbE5ivaSoUqfvctk+W19ObltTpxV1Fa3crW/nE/wCCif7XX/DUnxoktfCt/JN8Ivho0+geBFRlNtr0zNt1DXPlJ3C6aKNYSTxbwRHajSSCv3B/4JifszN+z/8AAYeNPFlr9h8ffFuG38Va6l4ggn0DSo42bS7GTPKsI5pLmUNgq91sYZjr87f2Bf8Agl78S7jx7ZfEr9qbwFceA/DXg6+h1HQ/hxrep6Xrep+Mb2P95G14LG6uIY7OFgrNG775mUKUEe4t+zf7b3hz4j+LP2Rf2hfDfwjhurr4har8LtStvDem6eG+36ywh3XGn2+0g+bd263FtHt533C45r0fEXifh+GV5f4WcHYiP1GMoKtWi1KGsla8lpL3n7Wo1pzWSekkvB8LOCuKK/EGZeMHHuFkswkqn1ehLSUVytNqL1j7qVGknry80mtYt/zy/wDBQf8AarP7S3xnksvDGoST/Cj4ayXGgeB1jci116dnVdQ1or0P2h4UjhLZxbwRsNplkWv1w/4JYfs3j4X/AAhk+L3iOxEXjT4uW8d1pomQi50nw/G26zjwR8pu3zdNj70Zts8qRX5tfsM/8E5/iZ8V/E2heOPjv4A8VfDH4WaQ0WqzeHPGumv4b8XeM5Vfcun/ANmyFbq2gyv76adIyyECLdv8yP8ApxgghtYIbW2hjgtraJYLeCFBHFDGi7VVVHAAAAAFaeK3FuQ5LwxhfDPgysp0YJe2nBpp8vvcrlHSUpz/AHlS2zSj1aXm+C3AXFOfcb43xg8RMPKniZuSw9OompR5ly86jLWMadP93Svq05S6RlL+bD/gql8VX8dftPWngC0uYJdD+Cfg+DRZIo23SR61ry2+ramXPTAsl8Pqo6qyzZ64r9b/APgn18CW+Cf7P+iT6vYi18Z/EZl8beJRIhW7tI541/s6ykyMqYbfazIfuy3Ewr5T+Bv/AATN8ZQ/Hjxf8a/2m/FvgLxnFqfj/VPH2meEfBUepXdprF5falJfW0mqXF3HEVhthJsFnGkiv5cQM3lq0cn7I181xzxplEeCMr8PeGKnPRpRjPEVEnGM6nxOMb2bXPKUpPa/LZuzPrfDzw3z6XihnfixxnSVOtVlKlhKTlGUoUVaKqS5W4xlKnGMYpO9pVOZLmR/Kt8fk8VfG/8Ab3+P/gjw7pWra345vfipB4Q0fQYrOae4tLHTdH0mxt7iRgu2GyxDNctO+2JBNIxbqa/o5/Zz+Ddl8BvhB4S+HFvJb3eoaZate+ItSto9keq6lct5t5MufmKhm8uMt83lwxg9MV7YsUSu0ixxrI/33VAHf6nqakr5vivxIzDibh3LuFqdGNHB4WEFyxlzOpKEORSk7K2l7RXWTu3pb6zgrweyTg/jXOOP3XniMxx85vmkko0qc587pwSvu1FOTe0YpKPvcxRXnPxJ+Lnw4+EOivr3xF8XaR4YsdpNvHez79R1Fh/Ba2qbppm/2YlbHU4HNfj78f8A/gpd4n8Urf8Ahr4G6fceDtDlDW0vjTVo0fxXfIfl3WcILR2gI3YcmSXDAjymFcXB3hxxXxvXjHJ8O1Qv71ad40o9/et7zX8sFKXkdPiP4z8A+F2FlPiTGJ4q144enadeXb3L+5F/zVHGPZt6H6TftC/tZfDP9n2xktdVu18R+OJ7fzNM8EaRcodRbcP3cl7JyLWEn+NwWYZ2I+DX4L/GX48/EP48+Jj4h8caoZLe2eRND8PWW6HQvD8LYzHbw5+8dq75Xy77RlsBQPD7i/vtVvbrUtTvLrUdRv7lru+v764a6vLyWRizySyMSzMx5LMcmrMPX8a/tPgHwl4f4Bw/1qH7/MGrSrSW1940468ke7u5S6ytov8AMDxg+kJxj4t4mWAqv6rlEZXjhqcnaXaVaentZdlZQj9mPNeT1IfufjX0H8APgN4x+PPixNA8OQmz0iz2TeJPE9zCz6ZoMB/vY+/M4yI4QcseSVUMy9L+zP8AsqeN/wBoHUo75Vm8N/Duxutms+MLq3JW62NiS102M8Tz9QW/1cWCXbdtjf8Afv4cfDfwf8KPCmneDfBGkQ6To2npkhfnu9QmIUSXV1N96WaTblnb2AwoCj4nxT8W8DwvCpk2RyjUzLZveNHzl0c+0Om8v5ZfpHgF9HDNePatLifi6nKhkqalGLvGpifKHWNJ/aqfaWlPrKNb4XfC/wAI/CHwfp3gvwbYCz02yHm3NzJ89/q1wyqJbq6kx88j7RnsoAVQqqoHodFFfxdicViMbiJ4vFzc6k25SlJ3bb3bZ/qDgMBgsrwVLLsupRp4elFRhCK5YxjHRRilskFFFFYHWFFFFABRRRQAUUUUAFFFFABRRRQAUUUUAFfA/wC25/wTs+An7cHh1D4206Xwj8U9GsWtvBnxi8LW8cPizQ/vNHb3in5L+y3nLWlx0DP5Twuxevviiu7LczzDJ8bTzDLK0qVaG0ouz/4KfVPR7M48fl+CzTCTwOY0o1KMt4yV0/677o/z/wD9rP8AYb/aI/Ym8QPY/GDw0NT8A3d+bLwt8Z/CkMl78P8AxCGZvJjupCN+nXbADNrd7ctu8t5VG4/MEBDIGUggjIIOQa/0hfEXhvw94w0PVPDHizQtI8TeG9btG0/WdA1/TYdX0bVYJPvw3FrKrRyIe6upFfz9/tbf8EIfBniSfVfHH7HXii1+Fuuz7ry4+DvjCSfUfhfqchbcy6Xejfd6UTlsR4uLfIVVjhXJr+puCfHnAYyMcv4xj7Ktt7aK/dy/xxV3B+avH/Cj+XOOvAXF03PMODpc8N/YyfvL/BLaXo7P1P5loOjfWvoP4IftFfGz9nvW11/4PfEbxJ4JunnWa9stOvPO0LV9uVxfadKGtrgY4/exsR2IPNcV8Yfgh8av2bvEJ8KfH74X+Kfhbq0tw0Gn3+t2ouvCHiApjc2l65CWsboYZTiOXeu4blU8VxVsQQpBBBOQRyDX9BxllOfYC8fZ4jC1F/dqQkvxiz+asXRzvhvMv3kamGxVN/3qc4vyej+4/op+An/BdHWrZdP0b9o34W2+rxKBDc+NvhjILDUSoGBJNo9zJ5TsTyxhuIl5O2Pjaf14+Ef/AAUF/ZD+NENuvhX40+F9K1adliPh3xxM3gbXEkbpGsd4I0mPIGbd5Fycbs1/DrD0/CtiHp+FflGfeA3BWcSlWy9TwlR/8+3eH/gEr/dGUUfpeQfSG47yNRoZi4Yykv8An4uWpb/r5C1/WUZs/wBDyKWOeOOaGRJoZUEkUsTiSORW5VlYcEEdxT6/gr8AfHH4zfDLyB8PPit8RPBUVud0Vr4Z8Yaho9iPm3Ya3jlWNgT1VlIPcV9r+Ev+CqH7bHhpYEm+KVn4ohhCjyfFPg/S78yqO0k0cEcp/wB7fuPc1+VZj9HHiSk75XjqNWP99Tpy+5Kov/Jj9Wy36VHCtRWznLq9GX/Ttwqx+9um/wDyU/r9or+Zbw9/wWp/aMtlRPEHw5+DutKvBkstO1jRbl/95vt8qfkgr0m1/wCC2fxBKD7T8CfB0jfxNB4vvoVP/ATA386+Wq+BHiPTlywwsJ+arU//AG6UWfVUvpJ+E843q4ypDylQq/8AtsZL8T+iCiv55p/+C03xImjJsvgj4Itn6A3Xia/vFH4LHHXA63/wV+/aY1aOWPR/DPwl8NI4xFPa+HtR1K/h687p79oifrFj2rTD+AniPWly1MPTp+cqsP8A21yZyYz6T/hJhY81PFVanlGhU/8Ab1Bfif0r1l6zrmi+HNOuNX8QavpmhaVaLvutT1i/i02wtl9ZJpGVF/E1/KV4p/4KC/td+MYJrW8+MOr6PbXC4ePwpptj4XmXP924t4UnX/gMgr5y13xr4x8aXS3vjDxZ4l8V3isXW68R65da3cIWzu2tM7EZ9q+yyr6NOd1ZJ51mVKnHtTjKo/8Ayb2aX4n5rn30y+G8NCS4dyetWl0dacKMb+kPbNr/AMB+R/Tt8S/+Chv7L/w4M9rD41k8favCmRpfw+sv7eRm7L9uLJZg57CYkdxX5sfFr/gqb8XPF6XOm/C7QNJ+GWly7kXVZyvibxW69AVkkRbaIkdhC7A9JK/KG36D61rQ9Pwr9l4b8C+AsglGviKMsVWX2qz5o38qaUYf+BKXqfzbxt9KHxV4ppzw2DxUcBh39nDJxnbzrScqifnCUL9jude8V+JvGer3Gv8Ai7X9Y8Ta3dkfaNV1zUJdTv5cE4UySMWwOyjgdqgi6fgKwRcwWyK9xNHCrSLGhkcJvZm2qq+rE8ADknpX3n8CP2Cvjz8ZHttT1nRpvhF4IkIZ/EXj3S5oPEF8m0n/AEHw+Wjumydq77xrVMMWRpQNp/Rs54j4b4PwCxGc4inh6MV7sdm7W0hCPvS9IxZ+JcOcDcceJGbSwvDWCq4uvJ+/PXli39qpVl7sfWUtel2fJGm211f3ljptha3V/qWpXcdjpunWFtJe6hqM8jYjht4EBeSRj0RAWPYV+tH7M/8AwTs1LUzYeM/2goptJ03K3mnfDOzuwuq3wKqy/wBtXMZ/cpzzawN5nTfLH88J/QL4Cfsn/B/9nqzSXwjosmr+LpbYQal4/wDE5j1PxXffLtkWKQIsdrE/OYLRIo26sGPzV9K1/JviF9IDMs7hUyrg+MsPhXo6r/jSX922lNejc/OOx/fnhB9ELIOFatPP/EOccdjlaUaKX+zU3/e5ta0l/eUaf9yWkjP0nSdL0HTbHRtE06y0jSNMtlstO0zTbVLKwsYY12pHDCgCqqjgBRWhRRX83ylKUuaWrZ/Z8YxhFQgrRQUUUUigooooAKKKKACiiigAooooAKKKKACiiigAooooAKKKKACiiigDmfF/gvwf8QfD+o+E/HnhXw7408L6vA1tqnh3xVotvr+iahGw2sk1rOjRuCD0Za/Gn49f8ELf2afHkt3rXwG8T+Kv2cPEMytIukaQD46+GU827dufRbyUTQg/d22V1AgGMR56/t5RXvZHxPxBw3W9vkeLnRfVRfuv/FF3jL/t5M8TOuG8h4jofVs8wkK0f70dV6S+KPyaP4wfjB/wSY/bq+DJlu7H4eaF8dfDke5hrfwY1xbnWokU/L5+g3/2e73sOdtobkDoWzjP5/8AiCHUvA2sSeG/iBoPiX4deJIG8qbw98Q/Dl94I1mJv7v2e9iiYn025z1GRX+h9XNeKfBfg7xzpdxofjbwn4a8YaLdxmG60jxToVr4g0u5RvvLJbzo6MD6EV+2ZH9IrP8ACRjTzzB066X2ot05fP4ov5KJ+E8QfRq4VzCUquSYqphpP7LtUh+NpL/wJn+f1ayRyoHidJEIyHjYOp/EVuxdPwFf1/8Ajn/glL+wH47muLu5/Z28NeEr+4LP9u+GOsar8LniZv4lh0q6t4OP7rRlf9mvlzX/APghf+zbdPJJ4T+MP7Q3hDcSUt28R6H4qtIv7qj7bpckhA95Cf8Aar9Ly/6Q3BWIiljaNejLzjGS++Mr/wDkqPx7NvoucaUpN5bjKFWPm5Qf4xa/E/m7t+g+ta8P3a/cjVv+CEmrI7Hwv+17d28IbMcPin4GWutTkdt01tq9ov4iMVzx/wCCG3xaiIEP7WPgSVO7T/AS+jf8h4iIr6aj43+Gk0m8wcfWjW/+VnwuK+jd4rxnywwdOXmq1P8AWSZ+OMP3PxrXh+7X7H2X/BD34kblF/8AtceFIYs/P9h/Z7uJpPw3+JAPzr1zw9/wRL8HQIv/AAl37S/xN1SUdf8AhEfBvh/wnA//AAG6i1BvyapxHjr4a0Y3hjJT8o0av/t0Yr8Tlp/Rg8WsVPlnhaNNd5Vof+28z/A/CyLt/u1dk1LTtNj87Ub+ysIh1lvbqO1jH/AmIFf0jeEP+CQ37Ifh51l8SR/Fj4lTqVZT4t+KGoaPbqR/076P/Z8TA/3ZFYV9e/DX9kv9mX4P3C3/AMN/gV8MPC+rqNp8Q2vhK0u/FEmeu/VJke7bOP4pTXymZfSS4Yw6ayrA1q0v73LTj995y/8AJT6rKfobcU4pxefZtQox6qnGdWX/AJN7OP4s/lt+GnwP+OXxeS2m+Fvwa+I3jWxu5FS11238PN4f8I3A3YMkeuagbfT3Vf4jHOxHoTxX6TfCn/gkv8UtbkW9+M/xI8O+ANLKL/xIPh1A3jHxVNu5bfqV1FFZ2rp02rb3qsedwA5/fEAAAAAADAAGAKWvyjiD6QnG+bRlRytU8JTf8i56n/gc7r5xjFn7fwr9E7wuyGUcRnEamPrL/n9Llp3/AOvdPluvKcpo+Yfgr+x1+z38BZbfU/A/gOzuvFkFutu3jzxZK3irxo3A8ww3k+77KJCNzxWSwRE4/d8KB9PUUV+K4/McwzXEyxuZ1pVa0t5Tk5Sfzd2f0dluV5Zk2Dhl+UYeFDDx+GFOMYRXpGKSCiiiuI7wooooAKKKKACiiigAooooAKKKKACiiigAooooAKKKKACiiigAooooAKKKq3hnELeQPm74GSKAJnljiGZHVB/tHFZlxrumWwJkuV46gD/GuD1ltRw+3eeOeeTXkOvNrGH2mTj06iumnQU3qzCdZx6HvV34+0O1zulzj1YLXMXnxg0C1B+ZMr1y+Qa+PvED6984Xzucjr1rxHXn8R/vB/pGc4HUV6VHLaU9XI4qmNqR2ifoLd/tAaDb5+aAY4+9z/Ouau/2mdEhJCyW4wPTP9a/LrW5fFBL7ftAOTgfMP5V5FrUvjQbzF9oGOn3hXo0skw0t5HFPNK8dkfsPN+1Xo8f/La3HOclVx9Kot+1lowOPOgP/fI/rX4X6tP8Sst5Cz5zwTurgLu5+Mu8mFH68ZZh/Ku6HDuFl9pHJLOsQnpFn9CKftZaMxH7+3H1Cn+taEP7VGjPgGa3Oe+1a/nnsJ/jAWX7QsmM5JBYkV6Ro83xFyv2gXHPpuGaJ8O4WP2kEM6xD3iz97rX9pXQ5sZktjk8+36101n8etBucfPBzzkN/wDXr8Q9Gl8YgqJPtGe/3q9d0STxNlN32jPvmuCrkuHjtI7KeaVpbxP2ItPi1oFzgbl5/uviuntfG+iXQG2bGeOCCK/LbQH8REoT53vnOK9x0B9dxHuM3tkHivMrZfThtI7qeNnLdH3tDq+nXGPLuU59TitBXRxlGVx6qcivmTQzq21S3mZ6A85r13RzqA25Mm444HU/54rz6lFQ2kdsKjluj0CimRl9i+YMPj5sU+uc1CiiigAooooAKKKKACiiigAooooAKKKKACiiigAooooAKKKKACiiigAooooAikhilGJI0cH1Xmsm58PaXdZ8y3AJ7r/9eiimm1sJpPc527+Hmh3QOYwM9cxhq5S++DWhXOflh+Y8Fk5oorWNaqnpIh0qb3icfe/AHw9MCzeR/wB+sf0rkbv9nPw5IeTbj1/df/WoorphisQrWkznlQot/Cc/N+zN4aOSWt8hd2fL6/pWa/7MPhfjDW+D28r/AOtRRXQsXiF9tmX1ehvyj4/2YfDAwc23JwP3XPp6VqQfs0eGo+Q1vgHacRYP8qKKUsXif52Cw9G1+U6Oy/Z28Nptx9nIJwAY/wD61djY/ATQLcIB9n6Zx5fHH4UUVhPE4h7yZtChRT+E6+y+EGg2uDtQ45AVP8a6m18B6Ja9It3/AAELRRXI6tV7yOhUqa2idBBounW4Gy3XgY571poiRjaiKg9FXAooqLt7lWS2HUUUUhhRRRQAUUUUAFFFFABRRRQAUUUUAf/Z','6310337-0','0983668678','Ruta 6 km 42 bello horizonte Santa Rita ALT','contacto@digitalizar.me','RODRIGO LUCAS PEREIRA','Digitalizar.me','Porque ya vivimos en la era digital','2018-07-19 17:30:50');
COMMIT;
